matchup,page,date,content_type,collection,pages
Kensworth v Dunstable Victoria,1,18950527,match information,Tony Webb minor counties collection,1
Caddington v Dunstable Second XI,1,18950606,match information,Tony Webb minor counties collection,1
St Albans Grammar School v Dunstable Grammar School,1,18950601,match information,Tony Webb minor counties collection,1
Chalton v Houghton Second XI,1,18950603,match information,Tony Webb minor counties collection,1
Waterlow's v East Finchley,1,18950527,match information,Tony Webb minor counties collection,1
F Gentle's XI v Waterlow's,2,18950629,match information,Tony Webb minor counties collection,1
Dunstable Grammar School v Bedford County School,2,18950629,match information,Tony Webb minor counties collection,1
Waterlow's v Aylesbury Printing Works,2,18950629,match information,Tony Webb minor counties collection,1
Woburn v Fenny Stratford,3,18950805,match information,Tony Webb minor counties collection,1
Silsoe v Maulden,3,18950801,match information,Tony Webb minor counties collection,1
Houghton Married v Single,3,18950805,match information,Tony Webb minor counties collection,1
Sewell Lime Works v Blows Down Lime Works,3,18950803,match information,Tony Webb minor counties collection,1
Waterlow's v St Matthew's,3,18950803,match information,Tony Webb minor counties collection,2
Dunstable Second XI v Markyate Street,3,18950803,match information,Tony Webb minor counties collection,2
R H Haviland's XI v Luton Villa-Road,4,18950803,match information,Tony Webb minor counties collection,1
Waterlow's v St Matthew's,4,18950803,match information,Tony Webb minor counties collection,2
Lilley v St Paul's Walden,4,18950805,match information,Tony Webb minor counties collection,1
Houghton Married v Houghton Single,4,18950805,match information,Tony Webb minor counties collection,1
Dunstable Second XI v Markyate Street,4,18950803,match information,Tony Webb minor counties collection,2
LCR Thring,5,18950814,biography,Tony Webb minor counties collection,1
Houghton v Westoning,6,18950812,match information,Tony Webb minor counties collection,3
Hyde v St Matthew's,7,18950810,match information,Tony Webb minor counties collection,1
Greenfield v Pulloxhill,7,18950812,match information,Tony Webb minor counties collection,1
Houghton v Westoning,7,18950812,match information,Tony Webb minor counties collection,3
Luton Detachment v Remainder Of The Third Volunteer Battalion,7,18950807,match information,Tony Webb minor counties collection,1
Hockliffe v Woburn,7,18950810,match information,Tony Webb minor counties collection,1
Luton Detachment v Remainder Of Third Vol Battalion,8,18950810,match information,Tony Webb minor counties collection,1
Houghton v Westoning,8,18950812,match information,Tony Webb minor counties collection,3
Dunstable Town First XI v Aston Clinton,9,18950820,match information,Tony Webb minor counties collection,1
Dunstable Second XI v Houghton,9,18950800,match information,Tony Webb minor counties collection,1
Waterlow's v Aylesbury Printing Works,9,18950817,match information,Tony Webb minor counties collection,2
Dunstable Town v Aston Clinton,10,18950820,match information,Tony Webb minor counties collection,1
Waterlow's v Aylesbury Printing Works,10,18950817,match information,Tony Webb minor counties collection,2
Dunstable Second XI v Houghton,10,18950817,match information,Tony Webb minor counties collection,1
Markyate v Waterlow's,11,18950824,match information,Tony Webb minor counties collection,2
Dunstable Second XI v Caddington,11,18950822,match information,Tony Webb minor counties collection,1
Dunstable Second XI v Carter's,11,18950824,match information,Tony Webb minor counties collection,2
Dunstable Volunteers v Luton Detachment,11,18950824,match information,Tony Webb minor counties collection,1
Dunstable Second XI v Carter's,12,18950824,match information,Tony Webb minor counties collection,2
Markyate v Waterlow's,12,18950824,match information,Tony Webb minor counties collection,2
Reading v Slough,13,18950518,match information,Tony Webb minor counties collection,1
Reading School v Hurst,13,18950516,match information,Tony Webb minor counties collection,1
Biscuit Factory A XI v Wokingham,13,18950518,match information,Tony Webb minor counties collection,1
Biscuit Factory B XI v Twyford,13,18950518,match information,Tony Webb minor counties collection,1
Biscuit Factory Stores Married v Biscuit Factory Stores Single,13,18950518,match information,Tony Webb minor counties collection,1
Grazeley And Spencer's Wood Institute v Biscuit Factory C XI,13,18950518,match information,Tony Webb minor counties collection,1
Sutton's A XI v Culham,13,18950522,match information,Tony Webb minor counties collection,1
Sutton's B XI v Grazeley And Spencer's Wood Institute,13,18950522,match information,Tony Webb minor counties collection,1
Oxford-Road v Caversham House,13,18950515,match information,Tony Webb minor counties collection,1
Temperance Forwards v St Andrew's,13,18950518,match information,Tony Webb minor counties collection,1
Claremont v Granville,13,18950518,match information,Tony Webb minor counties collection,1
Kendrick School v Caversham St John's,14,18950518,match information,Tony Webb minor counties collection,1
Wokingham Excelsior v Woodley,14,18950518,match information,Tony Webb minor counties collection,1
Trinity Congregational v Thames Bank Iron Works,14,18950518,match information,Tony Webb minor counties collection,1
Christ Church v Wycliffe,14,18950518,match information,Tony Webb minor counties collection,1
Swallowfield Park v Eversley,14,18950518,match information,Tony Webb minor counties collection,1
Sonning v Caversham,14,18950518,match information,Tony Webb minor counties collection,1
Abbey Wharf v Caversham Second XI,14,18950518,match information,Tony Webb minor counties collection,1
All Saints' v Boys' Brigade (first Wokingham Company) Second XI,14,18950518,match information,Tony Webb minor counties collection,1
Heath End v Caversham Free Church,14,18950518,match information,Tony Webb minor counties collection,1
Reading Wednesday v Shinfield,14,18950522,match information,Tony Webb minor counties collection,1
Reading Co-Operative v Aldworth,15,18950522,match information,Tony Webb minor counties collection,1
Kidmore v Tilehurst,15,18950518,match information,Tony Webb minor counties collection,1
London-Street Institute v Post Office,15,18950522,match information,Tony Webb minor counties collection,1
Cold Ash v Chieveley,15,18950518,match information,Tony Webb minor counties collection,1
Broad-Street United v St Lawrence's,15,18950518,match information,Tony Webb minor counties collection,1
Earley St Peter's v Shinfield,15,18950518,match information,Tony Webb minor counties collection,1
Kendrick School v Sutton's Juniors,15,18950522,match information,Tony Webb minor counties collection,1
Blue Coat School v St Giles' Brigade,15,18950518,match information,Tony Webb minor counties collection,1
British School v St Mary's School,15,18950518,match information,Tony Webb minor counties collection,1
Oxford-Road v St John's,15,18950518,match information,Tony Webb minor counties collection,1
London-Street Institute v Cumberland-Road,15,18950518,match information,Tony Webb minor counties collection,1
Earley St Peter's,15,18950500,team information,Tony Webb minor counties collection,1
British School v Victoria,15,18950518,match information,Tony Webb minor counties collection,1
Reading School match list,16,18950715,team information,Tony Webb minor counties collection,1
Reading School team aggregates,16,18950715,statistics,Tony Webb minor counties collection,1
Reading School player statistics,16,18950715,statistics,Tony Webb minor counties collection,1
Reading School players,16,18950715,player information,Tony Webb minor counties collection,1
Biscuit Factory Second XI v White Cross,17,18950727,match information,Tony Webb minor counties collection,1
Avondale v Co-Operative,17,18950731,match information,Tony Webb minor counties collection,1
Reading v Reading School,17,18950731,match information,Tony Webb minor counties collection,1
Reading v Abingdon,17,18950727,match information,Tony Webb minor counties collection,1
Reading Wednesday v Dormer's XI,17,18950731,match information,Tony Webb minor counties collection,1
Aldermaston v Mortimer,17,18950727,match information,Tony Webb minor counties collection,1
Guildhall v Hungerford,17,18950731,match information,Tony Webb minor counties collection,1
Theale v Englefield,17,18950727,match information,Tony Webb minor counties collection,1
Heath End v Mcilroy's,17,18950801,match information,Tony Webb minor counties collection,1
Heath End v St Laurence's,17,18950727,match information,Tony Webb minor counties collection,1
Maiden Erleigh v Reading,17,18950729,match information,Tony Webb minor counties collection,1
Oxford-Road v Wycliffe,17,18950727,match information,Tony Webb minor counties collection,1
Highclere Castle v Hampshire Hogs,17,18950730,match information,Tony Webb minor counties collection,1
Guildhall v Newtown,17,18950727,match information,Tony Webb minor counties collection,1
Reading,18,18950800,newspaper cuttings,Tony Webb minor counties collection,1
Reading v MCC,18,18950805,match information,Tony Webb minor counties collection,1
Reading v Keyser's XI,18,18950806,match information,Tony Webb minor counties collection,1
Reading v W Howard Palmer's XI,18,18950807,match information,Tony Webb minor counties collection,1
Sunningdale School player statistics,18,18950800,statistics,Tony Webb minor counties collection,1
Sunningdale School team aggregates,18,18950800,statistics,Tony Webb minor counties collection,1
Maiden Erlegh v Free Foresters,19,18950802,match information,Tony Webb minor counties collection,1
Maiden Erlegh v Aldershot Division,19,18950803,match information,Tony Webb minor counties collection,1
T W Girdlestone's XI team aggregates,19,18950000,statistics,Tony Webb minor counties collection,1
T W Girdlestone's XI player statistics,19,18950000,statistics,Tony Webb minor counties collection,1
Sutton's Juniors v Sulhamstead Juniors,19,18950807,match information,Tony Webb minor counties collection,1
T W Girdlestone's XI v Girdlestoneites,19,18950731,match information,Tony Webb minor counties collection,1
Reading v Abingdon,20,18950817,match information,Tony Webb minor counties collection,3
Thames Bank v Abbey Wharf,20,18950817,match information,Tony Webb minor counties collection,1
Thames Bank v Reading Borough Police,20,18950820,match information,Tony Webb minor counties collection,1
Biscuit Factory v Wokingham,20,18950817,match information,Tony Webb minor counties collection,1
Biscuit Factory Second XI v Causton's Athletic,20,18950817,match information,Tony Webb minor counties collection,1
London-Street Institute v Co-Operative,20,18950821,match information,Tony Webb minor counties collection,1
South Reading v Stoke Row,20,18950817,match information,Tony Webb minor counties collection,1
Gentlemen Of Berkshire v CD Rose's XI,20,18950816,match information,Tony Webb minor counties collection,1
Avondale v Oxford-Road,20,18950821,match information,Tony Webb minor counties collection,1
Heath End v Ipsden,20,18950817,match information,Tony Webb minor counties collection,1
Wycliffe v Christchurch,20,18950817,match information,Tony Webb minor counties collection,1
Newbury v CE Keyser's XI,20,18950816,match information,Tony Webb minor counties collection,1
Guildhall v Newtown,21,18950817,match information,Tony Webb minor counties collection,1
Parish Church Institute v Highclere,21,18950817,match information,Tony Webb minor counties collection,1
Speen v Burghclere,21,18950817,match information,Tony Webb minor counties collection,1
Lambourn v Hungerford,21,18950816,match information,Tony Webb minor counties collection,1
Burghclere v Adbury House,21,18950821,match information,Tony Webb minor counties collection,1
Burghclere Boys v Highclere Boys,21,18950819,match information,Tony Webb minor counties collection,1
East Woodhay v Stockcross,21,18950821,match information,Tony Webb minor counties collection,1
Wantage v Ardington,21,18950822,match information,Tony Webb minor counties collection,1
A W Baker's Hagbourne Team v A F Clarke's Wantage Team,21,18950817,match information,Tony Webb minor counties collection,1
Newbury v 49th Regimental District,21,18950821,match information,Tony Webb minor counties collection,1
Gentlemen Of Berkshire v C D Rose's XI,22,18950817,match information,Tony Webb minor counties collection,1
Biscuit Factory A XI v Wokingham,22,18950817,match information,Tony Webb minor counties collection,1
Biscuit Factory B XI v Causton's Athletic,22,18950817,match information,Tony Webb minor counties collection,1
Thames Bank Ironworks v Abbey Wharf,22,18950817,match information,Tony Webb minor counties collection,1
Thames Bank Iron Works v Borough Police,22,18950820,match information,Tony Webb minor counties collection,1
Aldermaston Juniors v Padworth Juniors,23,18950821,match information,Tony Webb minor counties collection,1
Sutton's Juniors v P Sutton's XI,23,18950821,match information,Tony Webb minor counties collection,1
Abingdon,24,18950900,team information,Tony Webb minor counties collection,1
Abingdon player statistics,24,18950900,statistics,Tony Webb minor counties collection,2
Abingdon team aggregates,24,18950900,statistics,Tony Webb minor counties collection,1
Newbury match list,25,18950900,team information,Tony Webb minor counties collection,1
Newbury team aggregates,25,18950900,statistics,Tony Webb minor counties collection,1
Newbury player statistics,25,18950900,statistics,Tony Webb minor counties collection,1
Shepherd's XI v Woolley Park,26,18950911,match information,Tony Webb minor counties collection,1
Inkpen v Falkland,26,18950900,match information,Tony Webb minor counties collection,1
Stockcross v Chieveley,26,18950907,match information,Tony Webb minor counties collection,1
Stockcross team aggregates,26,18950000,statistics,Tony Webb minor counties collection,1
Stockcross match list,26,18950000,team information,Tony Webb minor counties collection,1
Lambourn v Chilton,26,18950907,match information,Tony Webb minor counties collection,1
Southington v A Kingsmill's XII,26,18950900,match information,Tony Webb minor counties collection,1
Silchester v Stratfieldsaye,26,18950900,match information,Tony Webb minor counties collection,1
Bradfield v A Sutton's XI,26,18950907,match information,Tony Webb minor counties collection,1
Burghclere v Newtown,26,18950900,match information,Tony Webb minor counties collection,1
Newtown team aggregates,26,18950000,statistics,Tony Webb minor counties collection,1
Newtown v Parish Church Institute,26,18950831,match information,Tony Webb minor counties collection,1
Adbury House v Newtown House,26,18950905,match information,Tony Webb minor counties collection,1
Speen team aggregates,26,18950000,statistics,Tony Webb minor counties collection,1
Speen player statistics,26,18950000,statistics,Tony Webb minor counties collection,1
49th Regimental District team aggregates,27,18950900,statistics,Tony Webb minor counties collection,1
49th Regimental District player statistics,27,18950900,statistics,Tony Webb minor counties collection,1
Royal Berks Seed Establishment team aggregates,27,18950900,statistics,Tony Webb minor counties collection,1
Royal Berks Seed Establishment player statistics,27,18950900,statistics,Tony Webb minor counties collection,1
Biscuit Factory team aggregates,27,18950900,statistics,Tony Webb minor counties collection,1
Biscuit Factory player statistics,27,18950900,statistics,Tony Webb minor counties collection,1
Royal Berks Seed Establishment team aggregates,28,18950000,statistics,Tony Webb minor counties collection,1
Royal Berks Seed Establishment player statistics,28,18950000,statistics,Tony Webb minor counties collection,1
Sunningdale School team aggregates,28,18950000,statistics,Tony Webb minor counties collection,1
Sunningdale School player statistics,28,18950000,statistics,Tony Webb minor counties collection,1
Biscuit Factory team aggregates,28,18950000,statistics,Tony Webb minor counties collection,1
Biscuit Factory player statistics,28,18950000,statistics,Tony Webb minor counties collection,1
Heckfield v Mildmay's XI,28,18950910,match information,Tony Webb minor counties collection,1
St John's Sunday School Teachers v St Stephen's Sunday School Teachers,28,18950918,match information,Tony Webb minor counties collection,1
Reading Police v Reading Corporation Officials,28,18950914,match information,Tony Webb minor counties collection,1
Lechlade,29,18951031,team information,Tony Webb minor counties collection,1
Lechlade player statistics,29,18950000,statistics,Tony Webb minor counties collection,1
Lechlade team aggregates,29,18950000,statistics,Tony Webb minor counties collection,1
Maidenhead player statistics,30,18950000,statistics,Tony Webb minor counties collection,1
Maidenhead team aggregates,30,18950000,statistics,Tony Webb minor counties collection,1
Brecon v Llandovery,31,18950828,match information,Tony Webb minor counties collection,1
Chalfont Park v Beaconsfield,32,18950713,match information,Tony Webb minor counties collection,1
Cadmore v Radnage,32,18950713,match information,Tony Webb minor counties collection,1
Amersham v Coleshill,32,18950713,match information,Tony Webb minor counties collection,1
Wycombe,32,18950719,newspaper cuttings,Tony Webb minor counties collection,1
St John's,32,18950719,team information,Tony Webb minor counties collection,1
Burnham v Boyn Hill,32,18950713,match information,Tony Webb minor counties collection,1
Bradenham v Bledlow Ridge,32,18950713,match information,Tony Webb minor counties collection,1
High Wycombe v E Stevens' XI,33,18950803,match information,Tony Webb minor counties collection,1
Rayners XI v Permanent Staff Of The Third Battalion Oxford Light Infantry,33,18950805,match information,Tony Webb minor counties collection,1
Amersham UCC v Harlesden,33,18950805,match information,Tony Webb minor counties collection,1
Wycombe Alexandra v Beethoven,33,18950805,match information,Tony Webb minor counties collection,1
J Grenfell's XI v Beaconsfield,33,18950805,match information,Tony Webb minor counties collection,1
Berkley's XI v Greaves' XI,33,18950803,match information,Tony Webb minor counties collection,1
St Mark's Choir Bourne End v Little Marlow,33,18950805,match information,Tony Webb minor counties collection,1
Alexandra Second XI v Primitive Methodists,33,18950803,match information,Tony Webb minor counties collection,1
Burnham v Flackwell Heath,33,18950803,match information,Tony Webb minor counties collection,1
Wycombe Church Room v Wheeler End,33,18950805,match information,Tony Webb minor counties collection,1
Hazlemere United v Cadmore End,33,18950805,match information,Tony Webb minor counties collection,1
Marlow v Oriel,33,18950805,match information,Tony Webb minor counties collection,1
South Bucks,33,18950803,fixture information,Tony Webb minor counties collection,1
Wycombe v Oriel,34,18950806,match information,Tony Webb minor counties collection,1
Gerrards Cross v Osborne Stevens & Co,34,18950731,match information,Tony Webb minor counties collection,1
Great Hampden v Old Northytites,34,18950807,match information,Tony Webb minor counties collection,1
Wycombe YMCA v A Gray's XI,34,18950805,match information,Tony Webb minor counties collection,1
Chalfont Park v St Silas (london),34,18950805,match information,Tony Webb minor counties collection,1
Burnham v Postal Telegraph (london),34,18950805,match information,Tony Webb minor counties collection,1
Taplow Station v Bryanston-Square,34,18950803,match information,Tony Webb minor counties collection,1
Colham Green v Gerrards Cross,34,18950803,match information,Tony Webb minor counties collection,1
Church Institute v Gayhurst,35,18950801,match information,Tony Webb minor counties collection,1
Parish Church v Fenny Stratford St Martin,35,18950803,match information,Tony Webb minor counties collection,1
Parish Church v Moulsoe,35,18950805,match information,Tony Webb minor counties collection,1
Gayhurst v Tyringham,35,18950808,match information,Tony Webb minor counties collection,1
Stantonbury St James v Stony Stratford Mutual,35,18950802,match information,Tony Webb minor counties collection,1
Flackwell Heath Second XI v Little Marlow,36,18950810,match information,Tony Webb minor counties collection,1
Marlow v High Wycombe,36,18950810,match information,Tony Webb minor counties collection,1
Wycombe Reserves v West Wycombe,36,18950810,match information,Tony Webb minor counties collection,1
Blythewood v Cippenham,36,18950810,match information,Tony Webb minor counties collection,1
Cippenham v Carlton London,36,18950805,match information,Tony Webb minor counties collection,1
Taplow Station v Reading Temperance Forward,36,18950810,match information,Tony Webb minor counties collection,1
Stokenchurch v Skirmett,37,18950806,match information,Tony Webb minor counties collection,1
Boyn Hill v Bisham,37,18950810,match information,Tony Webb minor counties collection,1
Pine Apple v King's Head,37,18950805,match information,Tony Webb minor counties collection,1
Quarterman's Firm v R Ford's Firm,37,18950808,match information,Tony Webb minor counties collection,1
Coleshill v St Margaret's,37,18950810,match information,Tony Webb minor counties collection,1
Long Crendon v Dinton,37,18950807,match information,Tony Webb minor counties collection,1
Wycombe Reserves v West Wycombe,38,18950824,match information,Tony Webb minor counties collection,1
High Wycombe v Wooburn Institute,38,18950824,match information,Tony Webb minor counties collection,1
Burnham v Taplow Station,38,18950824,match information,Tony Webb minor counties collection,1
Maidenhead v Cippenham,38,18950824,match information,Tony Webb minor counties collection,1
Blythewood v Burnham Priory,38,18950824,match information,Tony Webb minor counties collection,1
Marlow v J Monro Walker's XI,38,18950824,match information,Tony Webb minor counties collection,1
Wycombe Church Room v Wycombe St John's,38,18950824,match information,Tony Webb minor counties collection,1
Wycombe Belle Vue Wanderers v Holloway's Boot Operatives,38,18950824,match information,Tony Webb minor counties collection,1
Gerrards Cross v Flackwell Heath,38,18950824,match information,Tony Webb minor counties collection,1
Speen v Ickenham,38,18950824,match information,Tony Webb minor counties collection,1
Gerrards Cross v Amersham,38,18950822,match information,Tony Webb minor counties collection,1
Wycombe YMCA v Wycombe Primitives,39,18950824,match information,Tony Webb minor counties collection,1
Beaconsfield v Stoke Green,39,18950824,match information,Tony Webb minor counties collection,1
Four Veterans v Four Juniors,39,18950828,match information,Tony Webb minor counties collection,1
Great Kingshill v Pine Apple,39,18950824,match information,Tony Webb minor counties collection,1
W Pearce's XI v Southall,39,18950824,match information,Tony Webb minor counties collection,1
Great Missenden v Lee Common,39,18950822,match information,Tony Webb minor counties collection,1
Collins' Class v Booker Temperance,39,18950824,match information,Tony Webb minor counties collection,1
H Penton's XI v Hedgerley Home,39,18950822,match information,Tony Webb minor counties collection,1
Hillingdon v Chalfont Park,39,18950824,match information,Tony Webb minor counties collection,1
Penn Street v Cholesbury,39,18950824,match information,Tony Webb minor counties collection,1
Cookham Dean v Little Marlow,39,18950824,match information,Tony Webb minor counties collection,1
Barton v Grantchester,40,18950727,match information,Tony Webb minor counties collection,1
Burnt Fen v Prickwillow,40,18950729,match information,Tony Webb minor counties collection,1
Willingham v YMCA Cambridge,40,18950727,match information,Tony Webb minor counties collection,1
Old Higher Grade v Sawston,40,18950727,match information,Tony Webb minor counties collection,1
Liberals v Ainsworth,40,18950727,match information,Tony Webb minor counties collection,1
Hoare's XI v Haddenham,40,18950727,match information,Tony Webb minor counties collection,1
Married v Single,40,18950730,match information,Tony Webb minor counties collection,1
Cambridge,41,18950727,newspaper cuttings,Tony Webb minor counties collection,1
Histon And Impington v Old Higher Grade,41,18950727,match information,Tony Webb minor counties collection,1
Cambridge Town Council v County Council,42,18950815,match information,Tony Webb minor counties collection,1
Professors And Demonstrators v Assistants,42,18950810,match information,Tony Webb minor counties collection,1
County Police v Borough Police,43,18950807,match information,Tony Webb minor counties collection,1
Trinity College Knockabouts v Grantchester,43,18950803,match information,Tony Webb minor counties collection,1
K S Ranjitsinhji,43,18950800,biography,Tony Webb minor counties collection,1
Cambridge,43,18950800,newspaper cuttings,Tony Webb minor counties collection,1
New Chesterton Juniors v Liberal Second XI,44,18950824,match information,Tony Webb minor counties collection,1
Camden v St Giles,44,18950829,match information,Tony Webb minor counties collection,1
Liberals v St Giles,45,18950907,match information,Tony Webb minor counties collection,1
Sawston Institute v Anchor,45,18950907,match information,Tony Webb minor counties collection,1
Cambridge Borough Police v Cambridgeshire County Police,45,18950911,match information,Tony Webb minor counties collection,1
Levenshulme v Macclesfield,46,18950615,match information,Tony Webb minor counties collection,2
Levenshulme Second XI v Macclesfield Second XI,46,18950615,match information,Tony Webb minor counties collection,1
Stockport v Werneth,46,18950615,match information,Tony Webb minor counties collection,2
Langley v Leek Highfield,46,18950615,match information,Tony Webb minor counties collection,2
Stockport Second XI v Werneth Second XI,46,18950615,match information,Tony Webb minor counties collection,1
Great Moor v Hazel Grove,46,18950615,match information,Tony Webb minor counties collection,2
Bramall v Bowdon Second XI,46,18950615,match information,Tony Webb minor counties collection,2
Heaton Mersey Second XI v South Manchester Second XI,46,18950615,match information,Tony Webb minor counties collection,2
Wood-Lanes v Poynton Second XI,46,18950615,match information,Tony Webb minor counties collection,1
Bollington v Buxton,46,18950615,match information,Tony Webb minor counties collection,2
Cheadle Hulme v Brooklands,46,18950615,match information,Tony Webb minor counties collection,2
Fulshaw v Cheadle,46,18950615,match information,Tony Webb minor counties collection,2
Heaton Mersey v South Manchester,46,18950615,match information,Tony Webb minor counties collection,2
Levenshulme v Macclesfield,47,18950615,match information,Tony Webb minor counties collection,2
Levenshulme v Macclesfield Second XI,47,18950615,match information,Tony Webb minor counties collection,1
Stockport v Werneth,47,18950615,match information,Tony Webb minor counties collection,2
Langley v Leek Highfield,47,18950615,match information,Tony Webb minor counties collection,2
Stockport v Werneth Second XI,47,18950615,match information,Tony Webb minor counties collection,1
Great Moor v Hazel Grove,47,18950615,match information,Tony Webb minor counties collection,2
Bramall v Bowdon Second XI,47,18950615,match information,Tony Webb minor counties collection,2
Heaton Mersey Second XI v South Manchester Second XI,47,18950615,match information,Tony Webb minor counties collection,2
Wood-Lanes (adlington) v Poynton Second XI,47,18950615,match information,Tony Webb minor counties collection,1
Bollington v Buxton,47,18950615,match information,Tony Webb minor counties collection,2
Cheadle Hulme v Brooklands,47,18950615,match information,Tony Webb minor counties collection,2
Fulshaw v Cheadle,47,18950615,match information,Tony Webb minor counties collection,2
Heaton Mersey v South Manchester,47,18950615,match information,Tony Webb minor counties collection,2
Ormskirk v Leyland,48,18950706,match information,Tony Webb minor counties collection,1
Warrington v Broughton,48,18950706,match information,Tony Webb minor counties collection,1
West Derby v Southport,48,18950706,match information,Tony Webb minor counties collection,1
Garston v Liverpool Second XI,48,18950706,match information,Tony Webb minor counties collection,1
Old Xaverians v Barnett,48,18950706,match information,Tony Webb minor counties collection,1
Birkenhead Victoria v Spital,48,18950706,match information,Tony Webb minor counties collection,1
St Thomas' Athletic v Norbury Second XI,49,18950727,match information,Tony Webb minor counties collection,2
G H Ling's XI v Cheadle,49,18950727,match information,Tony Webb minor counties collection,2
Reddish Vale v Denton Wesleyans,49,18950727,match information,Tony Webb minor counties collection,2
Phoenix v Manchester South End,49,18950727,match information,Tony Webb minor counties collection,2
Bollington v Heaton Mersey,49,18950727,match information,Tony Webb minor counties collection,2
Urmston v Bramall,49,18950727,match information,Tony Webb minor counties collection,2
Macclesfield v Poynton,49,18950727,match information,Tony Webb minor counties collection,2
St Matthew's v Hanover Second XI,49,18950727,match information,Tony Webb minor counties collection,2
Lancashire Hill SS v Haughton Wesleyans First XI,49,18950727,match information,Tony Webb minor counties collection,1
Stockport Great Moor v Strines,49,18950727,match information,Tony Webb minor counties collection,2
Stockport Congregational v Reddish St Elisabeth's,49,18950727,match information,Tony Webb minor counties collection,2
Alderley Edge Victoria v Cheadle Wesleyans,50,18950727,match information,Tony Webb minor counties collection,1
Reddish St Joseph's v Union-Street Hyde,50,18950727,match information,Tony Webb minor counties collection,1
Heaton Moor Wesleyans v Patricroft Wesleyans,50,18950727,match information,Tony Webb minor counties collection,1
Brinksway Sunday School v Meadow,50,18950727,match information,Tony Webb minor counties collection,1
Styal v Beswick Royal,50,18950727,match information,Tony Webb minor counties collection,1
Castleton and Stockport,50,18950727,newspaper cuttings,Tony Webb minor counties collection,1
St Thomas' Athletic v Norbury Second XI,50,18950727,match information,Tony Webb minor counties collection,2
G H Ling's XI v Cheadle,50,18950727,match information,Tony Webb minor counties collection,2
Reddish Vale v Denton Wesleyans,50,18950727,match information,Tony Webb minor counties collection,2
Phoenix v Manchester South End,50,18950727,match information,Tony Webb minor counties collection,2
Bollington v Heaton Mersey,50,18950727,match information,Tony Webb minor counties collection,2
Urmston v Bramall,50,18950727,match information,Tony Webb minor counties collection,2
Macclesfield v Poynton,50,18950727,match information,Tony Webb minor counties collection,2
St Matthew's v Hanover Second XI,50,18950727,match information,Tony Webb minor counties collection,2
Lancashire Hill Sunday School v Haughton Wesleyans First XI,50,18950727,match information,Tony Webb minor counties collection,1
Stockport Great Moor v Strines,50,18950727,match information,Tony Webb minor counties collection,2
Stockport Congregational v Reddish St Elisabeth's,50,18950727,match information,Tony Webb minor counties collection,2
Macclesfield v Lever-Shulme,51,18950810,match information,Tony Webb minor counties collection,1
Bollington v Sandbach,51,18950810,match information,Tony Webb minor counties collection,2
Bollington Second XI v Bugsworth,51,18950810,match information,Tony Webb minor counties collection,2
Hazel Grove v Hazel Grove Tradesmen,51,18950810,match information,Tony Webb minor counties collection,2
Stockport v Little Lever,51,18950810,match information,Tony Webb minor counties collection,2
Bramall First XI v Stockport Second XI,51,18950810,match information,Tony Webb minor counties collection,2
Cheadle Hulme v Sale Second XI,51,18950810,match information,Tony Webb minor counties collection,2
Kersal v Heaton Mersey,51,18950810,match information,Tony Webb minor counties collection,2
Lancashire-Hill Second XI v Stockport Lads' Club First XI,51,18950810,match information,Tony Webb minor counties collection,2
Hanover Second XI v Heywood's Excelsior Second XI,51,18950810,match information,Tony Webb minor counties collection,2
Phoenix v Martretes,51,18950810,match information,Tony Webb minor counties collection,1
St Joseph's (reddish) v St Thomas' (hyde),51,18950810,match information,Tony Webb minor counties collection,2
Poynton v Great Moor,51,18950810,match information,Tony Webb minor counties collection,1
Macclesfield v Levenshulme,52,18950810,match information,Tony Webb minor counties collection,1
Bollington v Sandbach,52,18950810,match information,Tony Webb minor counties collection,2
Bollington Second XI v Bugsworth,52,18950810,match information,Tony Webb minor counties collection,2
Hazel Grove v Hazel Grove Tradesmen,52,18950810,match information,Tony Webb minor counties collection,2
Stockport v Little Lever,52,18950810,match information,Tony Webb minor counties collection,2
Bramall First XI v Stockport Second XI,52,18950810,match information,Tony Webb minor counties collection,2
Cheadle Hulme v Sale Second XI,52,18950810,match information,Tony Webb minor counties collection,2
Kersal v Heaton Mersey,52,18950810,match information,Tony Webb minor counties collection,2
Lancashire-Hill Second XI v Stockport Lads' Club First XI,52,18950810,match information,Tony Webb minor counties collection,2
Hanover Second XI v Heywood's Excelsior Second XI,52,18950810,match information,Tony Webb minor counties collection,2
Phoenix v Marterers,52,18950810,match information,Tony Webb minor counties collection,1
St Joseph's (reddish) v St Thomas' (hyde),52,18950810,match information,Tony Webb minor counties collection,2
Stockport v Great Moor,52,18950810,match information,Tony Webb minor counties collection,1
Hazel Grove v Poynton,52,18950812,match information,Tony Webb minor counties collection,1
New Mills Tradesmen v Stockport Post Office,52,18950813,match information,Tony Webb minor counties collection,1
Sale v Cheadle Hulme,52,18950810,match information,Tony Webb minor counties collection,1
Poynton United v Wood Lane (adlington),52,18950810,match information,Tony Webb minor counties collection,1
Poynton Second XI v Great Moor Second XI,52,18950810,match information,Tony Webb minor counties collection,1
Stockport v Werneth,53,18950817,match information,Tony Webb minor counties collection,1
Bollington v Alderley Edge,53,18950817,match information,Tony Webb minor counties collection,1
Manchester v Cheadle Hulme,53,18950817,match information,Tony Webb minor counties collection,1
Lindow v Cheadle Wesleyans,53,18950817,match information,Tony Webb minor counties collection,1
Langley v Crossley,53,18950817,match information,Tony Webb minor counties collection,1
Grey Horse v New Zealand Chief,53,18950817,match information,Tony Webb minor counties collection,1
Lancashire-Hill SS v Harpurhey Wesleyans Second XI,53,18950817,match information,Tony Webb minor counties collection,1
Lancashire-Hill SS v Harpurhey Wesleyans,53,18950817,match information,Tony Webb minor counties collection,1
Ashton v Heaton Mersey,53,18950817,match information,Tony Webb minor counties collection,1
Hollinwood v Marple,53,18950817,match information,Tony Webb minor counties collection,1
Birkenhead Park v Ormskirk,54,18950817,match information,Tony Webb minor counties collection,2
Oxton v Huyton,54,18950817,match information,Tony Webb minor counties collection,2
Rock Ferry v Liverpool,54,18950817,match information,Tony Webb minor counties collection,2
Birkenhead Victoria v New Brighton,54,18950817,match information,Tony Webb minor counties collection,2
Bromborough Pool v Birkenhead Police,54,18950817,match information,Tony Webb minor counties collection,2
Birkenhead Park v Birkenhead Victoria,54,18950821,match information,Tony Webb minor counties collection,1
New Brighton v Liverpool,54,18950821,match information,Tony Webb minor counties collection,1
Cheshire v Worcestershire,54,18950821,match information,Tony Webb minor counties collection,1
Wynne's XI v Griffith's XI,54,18950817,match information,Tony Webb minor counties collection,1
Neston And District v Kirkdale Wesleyans,54,18950817,match information,Tony Webb minor counties collection,2
Port Sunlight v Helsby,54,18950817,match information,Tony Webb minor counties collection,2
Spital v Boughton Hall,54,18950817,match information,Tony Webb minor counties collection,2
Woodland v Kingsley,54,18950819,match information,Tony Webb minor counties collection,2
Woodland team aggregates,54,18950000,statistics,Tony Webb minor counties collection,1
St Mary's v Tranmere Wesley,54,18950817,match information,Tony Webb minor counties collection,1
All Saints' v Comet,55,18950817,match information,Tony Webb minor counties collection,1
All Saints',55,18950800,team information,Tony Webb minor counties collection,1
St John's Second XI v Bebington Bible Class,55,18950817,match information,Tony Webb minor counties collection,1
Helsby v Port Sunlight,55,18950817,match information,Tony Webb minor counties collection,2
St Mary's Second XI v Tranmere Wesley Second XI,55,18950817,match information,Tony Webb minor counties collection,1
Birkenhead Park v Ormskirk,55,18950817,match information,Tony Webb minor counties collection,2
Woodland v Kingsley,55,18950819,match information,Tony Webb minor counties collection,2
Neston And District v Kirkdale Wesleyans,55,18950817,match information,Tony Webb minor counties collection,2
Birkenhead St Mary's v Tranmere Wesley,55,18950817,match information,Tony Webb minor counties collection,1
Birkenhead Victoria v New Brighton,55,18950817,match information,Tony Webb minor counties collection,2
Wallasey v Northern Second XI,55,18950817,match information,Tony Webb minor counties collection,1
New Brighton A XI v Aigburth,55,18950817,match information,Tony Webb minor counties collection,1
Liverpool v Rock Ferry,55,18950817,match information,Tony Webb minor counties collection,2
Oxton v Huyton,55,18950817,match information,Tony Webb minor counties collection,2
Spital v Boughton Hall,55,18950817,match information,Tony Webb minor counties collection,2
Liverpool v Rock Ferry Second XI,55,18950817,match information,Tony Webb minor counties collection,1
Bromborough Pool v Birkenhead Police,55,18950817,match information,Tony Webb minor counties collection,2
Dawpool v Laird's Bros Draughtsmen,55,18950817,match information,Tony Webb minor counties collection,1
Stockport v Cheadle Hulme,56,18950824,match information,Tony Webb minor counties collection,1
Reddish Vale v R P Hammond's XI,56,18950824,match information,Tony Webb minor counties collection,2
Lads' Club Second XI v St Thomas' Athletic,56,18950824,match information,Tony Webb minor counties collection,1
Didsbury Second XI v Poynton Second XI,56,18950824,match information,Tony Webb minor counties collection,1
Seymour Mead's v Stockport Post Office,56,18950821,match information,Tony Webb minor counties collection,2
Stockport Congregational Second XI v Longsight Third XI,56,18950824,match information,Tony Webb minor counties collection,2
Cheetham v Levenshulme Second XI,56,18950824,match information,Tony Webb minor counties collection,1
Bollington v Fairfield,56,18950824,match information,Tony Webb minor counties collection,2
Didsbury v Poynton,56,18950824,match information,Tony Webb minor counties collection,2
Chorlton A Team v Macclesfield Conservative Club,56,18950824,match information,Tony Webb minor counties collection,1
Stockport Second XI v Cheadle Hulme Second XI,56,18950824,match information,Tony Webb minor counties collection,2
St Thomas' Athletic,56,18950831,team information,Tony Webb minor counties collection,2
Stockport Second XI v Cheadle Hulme Second XI,57,18950824,match information,Tony Webb minor counties collection,2
Langley v Bollington Second XI,57,18950824,match information,Tony Webb minor counties collection,1
Phoenix v Cornbrook,57,18950824,match information,Tony Webb minor counties collection,1
Phoenix Second XI v Moseley Second XI,57,18950817,match information,Tony Webb minor counties collection,1
Middlesex v Lancashire,57,18950800,match information,Tony Webb minor counties collection,1
Reddish St Joseph's v Hyde St Thomas',57,18950824,match information,Tony Webb minor counties collection,1
Macclesfield Second XI v St George's,57,18950824,match information,Tony Webb minor counties collection,1
Chorlton A Team v Macclesfield Conservative,57,18950817,match information,Tony Webb minor counties collection,1
Bollington v Fairfield,57,18950817,match information,Tony Webb minor counties collection,1
Didsbury v Poynton,57,18950824,match information,Tony Webb minor counties collection,2
Seymour Mead's v Stockport Post Office,57,18950821,match information,Tony Webb minor counties collection,2
Didsbury Second XI v Poynton Second XI,57,18950817,match information,Tony Webb minor counties collection,1
Reddish Vale v R P Hammond's XI,57,18950824,match information,Tony Webb minor counties collection,2
Lads' Club Second XI v St Thomas' Athletic,57,18950817,match information,Tony Webb minor counties collection,1
Cheetham v Levenshulme Second XI,57,18950817,match information,Tony Webb minor counties collection,1
Stockport Congregational Second XI v Longsight Third XI,57,18950824,match information,Tony Webb minor counties collection,2
St Thomas' Athletic,57,18950831,team information,Tony Webb minor counties collection,2
Liverpool player statistics,58,18950900,statistics,Tony Webb minor counties collection,1
Liverpool team aggregates,58,18950900,statistics,Tony Webb minor counties collection,1
Northern player statistics,58,18950900,statistics,Tony Webb minor counties collection,1
Northern team aggregates,58,18950900,statistics,Tony Webb minor counties collection,1
Birkenhead Victoria player statistics,58,18950900,statistics,Tony Webb minor counties collection,1
Birkenhead Victoria team aggregates,58,18950900,statistics,Tony Webb minor counties collection,2
Llandudno v Flint,58,18950907,match information,Tony Webb minor counties collection,1
Prescot player statistics,58,18950900,statistics,Tony Webb minor counties collection,1
Prescot team aggregates,58,18950900,statistics,Tony Webb minor counties collection,1
Formby player statistics,58,18950900,statistics,Tony Webb minor counties collection,1
Formby team aggregates,58,18950900,statistics,Tony Webb minor counties collection,1
Birkenhead Park player statistics,59,18950000,statistics,Tony Webb minor counties collection,2
Rock Ferry Second XI player statistics,59,18950000,statistics,Tony Webb minor counties collection,1
Oxton player statistics,59,18950000,statistics,Tony Webb minor counties collection,2
Rock Ferry player statistics,59,18950000,statistics,Tony Webb minor counties collection,2
St Aidan's player statistics,59,18950000,statistics,Tony Webb minor counties collection,1
Birkenhead Victoria player statistics,59,18950000,statistics,Tony Webb minor counties collection,2
Liverpool v Oxton,59,18950907,match information,Tony Webb minor counties collection,2
Rock Ferry v Cheadle Hulme,59,18950907,match information,Tony Webb minor counties collection,2
New Brighton v Formby,59,18950907,match information,Tony Webb minor counties collection,2
Wallasey v Oxton Second XI,59,18950907,match information,Tony Webb minor counties collection,2
Bootle v Birkenhead Victoria,59,18950907,match information,Tony Webb minor counties collection,2
Bromboro' v Spital,59,18950907,match information,Tony Webb minor counties collection,1
Tranmere Wesley v West Derby Second XI,59,18950907,match information,Tony Webb minor counties collection,2
YMCA v Ravenscroft,59,18950907,match information,Tony Webb minor counties collection,2
Fixtures for To-Day,59,18950914,fixture information,Tony Webb minor counties collection,1
Birkenhead Park player statistics,60,18950000,statistics,Tony Webb minor counties collection,2
Birkenhead Park team aggregates,60,18950000,statistics,Tony Webb minor counties collection,1
Rock Ferry player statistics,60,18950000,statistics,Tony Webb minor counties collection,2
Rock Ferry team aggregates,60,18950000,statistics,Tony Webb minor counties collection,1
Oxton player statistics,60,18950000,statistics,Tony Webb minor counties collection,2
Oxton team aggregates,60,18950000,statistics,Tony Webb minor counties collection,1
Birkenhead Victoria player statistics,60,18950000,statistics,Tony Webb minor counties collection,2
Birkenhead Victoria team aggregates,60,18950000,statistics,Tony Webb minor counties collection,1
Birkenhead Park players,61,18950900,player information,Tony Webb minor counties collection,1
Rock Ferry team aggregates,61,18950900,statistics,Tony Webb minor counties collection,1
Rock Ferry players,61,18950900,player information,Tony Webb minor counties collection,1
Oxton team aggregates,61,18950900,statistics,Tony Webb minor counties collection,1
Oxton players,61,18950900,player information,Tony Webb minor counties collection,1
Birkenhead Victoria team aggregates,61,18950900,statistics,Tony Webb minor counties collection,2
Birkenhead Victoria players,61,18950900,player information,Tony Webb minor counties collection,1
Liverpool v Oxton,61,18950907,match information,Tony Webb minor counties collection,2
Formby v New Brighton,61,18950907,match information,Tony Webb minor counties collection,2
Rock Ferry v Cheadle Hulme,61,18950907,match information,Tony Webb minor counties collection,2
Bootle v Birkenhead Victoria,61,18950907,match information,Tony Webb minor counties collection,2
Wallasey v Oxton Second XI,61,18950907,match information,Tony Webb minor counties collection,2
Rock Ferry Second XI v Cheadle Hulme Second XI,61,18950907,match information,Tony Webb minor counties collection,1
Spital v Bromborough Pool,61,18950907,match information,Tony Webb minor counties collection,1
YMCA v Ravenscroft,61,18950907,match information,Tony Webb minor counties collection,2
Tranmere Wesley v West Derby Second XI,61,18950907,match information,Tony Webb minor counties collection,2
Gardeners v Coachmen,61,18950911,match information,Tony Webb minor counties collection,1
Birkenhead St John's v Cedar,61,18950907,match information,Tony Webb minor counties collection,1
Bebington Bible Class v Magazines,61,18950907,match information,Tony Webb minor counties collection,1
Penzance v Helston,62,18950809,match information,Tony Webb minor counties collection,1
Gulval v Goldsithney,62,18950809,match information,Tony Webb minor counties collection,1
Kehelland v Lelant,62,18950810,match information,Tony Webb minor counties collection,1
Daniel's XI v Brewer's XI,62,18950000,match information,Tony Webb minor counties collection,1
Truro v Penzance,63,18950816,match information,Tony Webb minor counties collection,2
Lelant v Gillett's XI,63,18950817,match information,Tony Webb minor counties collection,1
Troon v Illogan,63,18950817,match information,Tony Webb minor counties collection,2
St Austell v St Columb,64,18950817,match information,Tony Webb minor counties collection,1
St Mawes v Gerrans,64,18950817,match information,Tony Webb minor counties collection,1
Camborne v HMS Ganges,64,18950817,match information,Tony Webb minor counties collection,1
Pool v Redruth,64,18950817,match information,Tony Webb minor counties collection,2
Falmouth v Visitors,64,18950817,match information,Tony Webb minor counties collection,1
Launceston v St Mary's (launceston),64,18950817,match information,Tony Webb minor counties collection,1
Truro v Penzance,64,18950817,match information,Tony Webb minor counties collection,1
Old Probians' Cricket Tour,65,18950819,article,Tony Webb minor counties collection,1
Old Probians v Exiles,65,18950820,match information,Tony Webb minor counties collection,1
Old Probians v Redruth,65,18950821,match information,Tony Webb minor counties collection,1
Troon v Camborne,65,18950800,match information,Tony Webb minor counties collection,1
Troon v Illogan,65,18950817,match information,Tony Webb minor counties collection,2
Pool v Redruth,65,18950817,match information,Tony Webb minor counties collection,2
Truro v Penzance,65,18950816,match information,Tony Webb minor counties collection,2
Lelant Union Jacks v Penzance Wanderers,66,18950830,match information,Tony Webb minor counties collection,2
Goldsithney v Penzance YMCA,66,18950831,match information,Tony Webb minor counties collection,1
Camborne v Madron,66,18950831,match information,Tony Webb minor counties collection,1
Troon v Helston,66,18950830,match information,Tony Webb minor counties collection,2
Madron Second XI v Lelant,66,18950831,match information,Tony Webb minor counties collection,2
Falmouth v Redruth,66,18950831,match information,Tony Webb minor counties collection,2
Sennen v New Downs Larks,66,18950831,match information,Tony Webb minor counties collection,1
Madron Second XI v Lelant,67,18950831,match information,Tony Webb minor counties collection,2
Falmouth v HMS Ganges,67,18950829,match information,Tony Webb minor counties collection,1
Morval v Antony,67,18950900,match information,Tony Webb minor counties collection,1
Lelant Union Jacks v Penzance Wanderers,67,18950830,match information,Tony Webb minor counties collection,2
Cornwall County Asylum v St Breward,67,18950824,match information,Tony Webb minor counties collection,1
Falmouth v Helston,67,18950900,match information,Tony Webb minor counties collection,1
St Columb v St Blazey,67,18950904,match information,Tony Webb minor counties collection,1
Padstow v Polseath Visitors,67,18950904,match information,Tony Webb minor counties collection,1
Troon v Helston,67,18950830,match information,Tony Webb minor counties collection,2
Grampound v Ladock,67,18950831,match information,Tony Webb minor counties collection,1
Camborne v Madron,67,18950900,match information,Tony Webb minor counties collection,1
Newquay Visitors v Padstow,67,18950900,match information,Tony Webb minor counties collection,1
Exiles v Penzance,67,18950900,match information,Tony Webb minor counties collection,1
Falmouth v Redruth,67,18950831,match information,Tony Webb minor counties collection,2
Devoran v HMS Ganges,67,18950831,match information,Tony Webb minor counties collection,1
Launceston v Bude,67,18950831,match information,Tony Webb minor counties collection,1
Truro v St Austell,67,18950831,match information,Tony Webb minor counties collection,1
Truro,68,18950930,team information,Tony Webb minor counties collection,1
Truro player statistics,68,18950000,statistics,Tony Webb minor counties collection,1
RMLI v Plymouth College,69,18950704,match information,Tony Webb minor counties collection,1
Plymouth v Stonehouse,69,18950704,match information,Tony Webb minor counties collection,2
Torquay v HMS Britannia,69,18950704,match information,Tony Webb minor counties collection,2
Cheveley Hall v Mutley Grammar School,69,18950704,match information,Tony Webb minor counties collection,1
Beaconsfield v Plymouth College Second XI,69,18950704,match information,Tony Webb minor counties collection,1
St Andrew's v Mannamead School Second XI,69,18950704,match information,Tony Webb minor counties collection,1
Cricket Fixtures,69,18950700,fixture information,Tony Webb minor counties collection,1
South Devon v Totnes,69,18950704,match information,Tony Webb minor counties collection,1
Tavistock v Kelly College,69,18950704,match information,Tony Webb minor counties collection,1
Hatherleigh v Bow,69,18950704,match information,Tony Webb minor counties collection,1
Bodmin v St Blazey,69,18950703,match information,Tony Webb minor counties collection,1
Plymouth Borough Asylum v Totnes,69,18950703,match information,Tony Webb minor counties collection,1
Penzance players,69,18950705,player information,Tony Webb minor counties collection,1
Exeter Cathedral School v Wonford House,70,18950704,match information,Tony Webb minor counties collection,1
Plymouth v Stonehouse,70,18950704,match information,Tony Webb minor counties collection,2
Torquay v HMS Britannia,70,18950704,match information,Tony Webb minor counties collection,2
Exmouth v A Kindersley's XI,70,18950703,match information,Tony Webb minor counties collection,1
Devon v Cornwall,71,18950722,match information,Tony Webb minor counties collection,1
Somerset Light Infantry v Royal Marines,71,18950722,match information,Tony Webb minor counties collection,1
Britannia v F Freake's XI,71,18950720,match information,Tony Webb minor counties collection,1
Illogan v Camborne,71,18950720,match information,Tony Webb minor counties collection,1
Yealmpton Grammar School v Plympton Grammar School,71,18950720,match information,Tony Webb minor counties collection,1
Sharpshooters v Ganges,71,18950720,match information,Tony Webb minor counties collection,1
Truro College v Falmouth,71,18950720,match information,Tony Webb minor counties collection,1
GWR v Stonehouse,71,18950720,match information,Tony Webb minor counties collection,1
Wolsdon v St Germans,71,18950720,match information,Tony Webb minor counties collection,1
Cornwall County v Plymouth And District,71,18950720,match information,Tony Webb minor counties collection,1
Ford v Marines,71,18950720,match information,Tony Webb minor counties collection,1
Beccles College v Norfolk County Asylum,71,18950000,match information,Tony Webb minor counties collection,1
Fitzwilliam Lawn Tennis Club v Leicester,71,18950000,match information,Tony Webb minor counties collection,1
Thomas R Sutton,71,18950717,obituary,Tony Webb minor counties collection,1
Exeter League,71,18950000,league information,Tony Webb minor counties collection,1
Raglan Barracks v North Devon,72,18950808,match information,Tony Webb minor counties collection,1
Tavistock v Plymouth,72,18950806,match information,Tony Webb minor counties collection,1
Plymouth Police v Sherwill,72,18950808,match information,Tony Webb minor counties collection,1
Cricket Fixtures,72,18950800,fixture information,Tony Webb minor counties collection,2
Sidmouth v Incogniti,72,18950807,match information,Tony Webb minor counties collection,1
Exmouth v Blue Mantles,72,18950807,match information,Tony Webb minor counties collection,1
Padstow v Littlepetherick,72,18950803,match information,Tony Webb minor counties collection,1
Exeter v North Devon,73,18950815,match information,Tony Webb minor counties collection,1
Exmouth v South Hampstead,73,18950814,match information,Tony Webb minor counties collection,1
Yorkshire v Essex,73,18950815,match information,Tony Webb minor counties collection,1
Incogniti v Ishmaelites,73,18950815,match information,Tony Webb minor counties collection,2
Baron Falkenstein's XI v C G Lovesey's XI,73,18950812,match information,Tony Webb minor counties collection,1
Teignbridge v North Devon,73,18950815,match information,Tony Webb minor counties collection,2
Bedminster v Plymouth Garrison,74,18950815,match information,Tony Webb minor counties collection,1
Plymouth Police v 7th Co WDRA,74,18950815,match information,Tony Webb minor counties collection,1
Incogniti v Ishmaelites,74,18950815,match information,Tony Webb minor counties collection,2
Sidmouth v Seaton,74,18950815,match information,Tony Webb minor counties collection,1
Ishmaelites v Incogniti,74,18950815,match information,Tony Webb minor counties collection,2
Exmouth v South Hampstead,74,18950815,match information,Tony Webb minor counties collection,1
Teignbridge v North Devon,74,18950815,match information,Tony Webb minor counties collection,2
Cricket Fixtures,74,18950817,fixture information,Tony Webb minor counties collection,2
Seaton v Ealing,75,18950816,match information,Tony Webb minor counties collection,1
Killerton v Exe Valley II,75,18950817,match information,Tony Webb minor counties collection,1
Devon County Asylum v Newbery's XI,75,18950817,match information,Tony Webb minor counties collection,1
Exmouth v W Copleston's Team,75,18950820,match information,Tony Webb minor counties collection,1
Wiveliscombe v Wellington Home Team,75,18950817,match information,Tony Webb minor counties collection,1
Bradfield v Ashill,75,18950817,match information,Tony Webb minor counties collection,1
Bridge Mills v Uffculme,75,18950817,match information,Tony Webb minor counties collection,1
Sidmouth v Ealing,75,18950820,match information,Tony Webb minor counties collection,2
Ishmaelites v South Devon,76,18950819,match information,Tony Webb minor counties collection,1
Naval Ordnance v Plymouth Borough Asylum,76,18950817,match information,Tony Webb minor counties collection,1
Plymouth Police v Nomads,76,18950819,match information,Tony Webb minor counties collection,1
Bull Point v Plymouth Borough Police,76,18950817,match information,Tony Webb minor counties collection,1
Stonehouse Reserve v Naval Ordnance Reserve,76,18950817,match information,Tony Webb minor counties collection,1
Yealmpton v Ivybridge,76,18950817,match information,Tony Webb minor counties collection,1
Tavistock B v RN Engineers Second XI,76,18950817,match information,Tony Webb minor counties collection,1
Sidmouth v Ealing,76,18950820,match information,Tony Webb minor counties collection,2
Ishmaelites v South Devon,76,18950820,match information,Tony Webb minor counties collection,1
Hornets v Warps,76,18950820,match information,Tony Webb minor counties collection,1
Lelant v Gillett's (gwithian) XI,76,18950817,match information,Tony Webb minor counties collection,1
Clearbrook v Petertavy,76,18950817,match information,Tony Webb minor counties collection,1
Falmouth v Helston,77,18950828,match information,Tony Webb minor counties collection,1
Tiverton v Swansea Tourists,77,18950829,match information,Tony Webb minor counties collection,1
Sidmouth v MCC,77,18950829,match information,Tony Webb minor counties collection,1
Exeter v Swansea Tourists,77,18950829,match information,Tony Webb minor counties collection,1
St Columb v St Blazey,77,18950828,match information,Tony Webb minor counties collection,1
Padstow v Polseath Visitors,77,18950828,match information,Tony Webb minor counties collection,1
Dartmoor Prison Officers v Westbrook,77,18950828,match information,Tony Webb minor counties collection,1
Bude v Camelford,78,18950824,match information,Tony Webb minor counties collection,1
Galmpton v Ipplepen,78,18950824,match information,Tony Webb minor counties collection,1
Troon v Perranarworthal,78,18950824,match information,Tony Webb minor counties collection,1
Bull Point v Press,78,18950824,match information,Tony Webb minor counties collection,1
Exmouth v Swansea Tourists,78,18950826,match information,Tony Webb minor counties collection,1
Poole Park v L & SWR Bournemouth East,79,18950831,match information,Tony Webb minor counties collection,1
Milford v Milford Visitors,79,18950831,match information,Tony Webb minor counties collection,1
Sopley v G M Nicholson's XI,79,18950828,match information,Tony Webb minor counties collection,1
United v Royal Artillery,79,18950904,match information,Tony Webb minor counties collection,1
Pylewell Park v Pennington,79,18950831,match information,Tony Webb minor counties collection,1
Pylewell Park v Boldre,79,18950824,match information,Tony Webb minor counties collection,1
Bournemouth team aggregates,80,18950903,statistics,Tony Webb minor counties collection,1
Bournemouth player statistics,80,18950903,statistics,Tony Webb minor counties collection,1
Pylewell Park player statistics,80,18950831,statistics,Tony Webb minor counties collection,1
Poole,81,18950808,fixture information,Tony Webb minor counties collection,1
United v Cornish's XI,81,18950807,match information,Tony Webb minor counties collection,1
Poole Park v Blandford,81,18950807,match information,Tony Webb minor counties collection,1
Bournemouth v MCC And Ground,81,18950800,match information,Tony Webb minor counties collection,1
Poole v Spencer Smith's XI,81,18950800,match information,Tony Webb minor counties collection,1
Arnold College v Civil Service,81,18950803,match information,Tony Webb minor counties collection,1
Arnold College team aggregates,81,18950800,statistics,Tony Webb minor counties collection,1
Arnold College player statistics,81,18950800,statistics,Tony Webb minor counties collection,1
Arnold College players,81,18950800,player information,Tony Webb minor counties collection,1
Captain Nicholl's XI v J A Brook's XI,82,18950603,match information,Tony Webb minor counties collection,1
Durham University v St George's Newcastle,82,18950603,match information,Tony Webb minor counties collection,1
Craghead v Ouston,82,18950600,match information,Tony Webb minor counties collection,1
Harraton v Bill Quay Albion,82,18950600,match information,Tony Webb minor counties collection,1
Felling Temperance v Washington,82,18950600,match information,Tony Webb minor counties collection,1
City Asylum v Wesley Chapel,82,18950600,match information,Tony Webb minor counties collection,1
Ouston Wanderers v Craghead Colliery,82,18950600,match information,Tony Webb minor counties collection,1
Delaval Hall v Seghill,82,18950600,match information,Tony Webb minor counties collection,1
Kirkley v Mitford,82,18950600,match information,Tony Webb minor counties collection,1
Whickham v Benwell Hill,82,18950600,match information,Tony Webb minor counties collection,1
Bishop Auckland v Spennymoor,82,18950603,match information,Tony Webb minor counties collection,1
Mitford v Hartley Hastings Second XI,83,18950600,match information,Tony Webb minor counties collection,1
KOSB v Alnwick Wednesday,83,18950603,match information,Tony Webb minor counties collection,1
YMCA v Hebburn St John's,83,18950600,match information,Tony Webb minor counties collection,1
Crook v Hetton Lyons,83,18950600,match information,Tony Webb minor counties collection,1
Bywell v Newton,83,18950600,match information,Tony Webb minor counties collection,1
Ryton v Gateshead Fell,83,18950600,match information,Tony Webb minor counties collection,1
Stanley And District v Durham City Second XI,83,18950600,match information,Tony Webb minor counties collection,1
Pleasant Sunday Afternoon Newcastle v Newbiggin Institute,83,18950527,match information,Tony Webb minor counties collection,1
North Durham First XI v Rockcliff First XI,83,18950527,match information,Tony Webb minor counties collection,1
Coldstream v Kelso,83,18950601,match information,Tony Webb minor counties collection,1
Greenside v Ovingham,83,18950600,match information,Tony Webb minor counties collection,1
Alnwick v North Eastern Newcastle,83,18950603,match information,Tony Webb minor counties collection,1
Longhirst v Bothal,83,18950600,match information,Tony Webb minor counties collection,1
Consett And District v Elswick Works,83,18950527,match information,Tony Webb minor counties collection,1
Eppleton Second XI v Hamsteels First XI,84,18950600,match information,Tony Webb minor counties collection,1
Tudhoe v Norton Second XI,84,18950604,match information,Tony Webb minor counties collection,1
Morpeth YMCA v Ashington Excelsior,84,18950527,match information,Tony Webb minor counties collection,1
The Hermitage v Henderson's Scratch XI,84,18950603,match information,Tony Webb minor counties collection,1
Hetton Lyons,84,18950601,team information,Tony Webb minor counties collection,1
Hetton Lyons v Ross' Sixteen,84,18950601,match information,Tony Webb minor counties collection,1
Sunderland to-morrow's fixtures,85,18950629,team information,Tony Webb minor counties collection,1
Tyne Dock NER Juniors v High Fell Second XI,86,18950706,match information,Tony Webb minor counties collection,1
Moorsley First XI v Hetton Lyons Second XI,86,18950706,match information,Tony Webb minor counties collection,1
West Denton v Whickham Second XI,86,18950706,match information,Tony Webb minor counties collection,1
Heaton Guild v Percy YMCA,86,18950706,match information,Tony Webb minor counties collection,1
Haltwhistle v Humshaugh,86,18950706,match information,Tony Webb minor counties collection,1
Elswick Works Second XI v Jarrow,86,18950706,match information,Tony Webb minor counties collection,1
Gateshead Presbyterian v Swalwell United,86,18950706,match information,Tony Webb minor counties collection,1
Gallowhill v Backworth,86,18950706,match information,Tony Webb minor counties collection,1
Wesley Chapel v South Shields Third XI,86,18950706,match information,Tony Webb minor counties collection,1
Seghill v Blagdon,86,18950706,match information,Tony Webb minor counties collection,1
Hetton Lyons v Sherburn,86,18950706,match information,Tony Webb minor counties collection,1
Whickham v Benwell Hill,86,18950706,match information,Tony Webb minor counties collection,1
Bothal v Netherwitton,86,18950706,match information,Tony Webb minor counties collection,1
Acklington And District v Lesbury,86,18950706,match information,Tony Webb minor counties collection,1
Northern Nomads' Tour in Northumberland,86,18950709,tour information,Tony Webb minor counties collection,1
Durham County Senior League,86,18950700,league information,Tony Webb minor counties collection,1
Jarrow,86,18950706,team information,Tony Webb minor counties collection,1
Observations and Remarks on the Cricket Field,86,18950704,newspaper cuttings,Tony Webb minor counties collection,1
South Northumberland v Elswick Works,86,18950712,fixture information,Tony Webb minor counties collection,1
Royal Grammar School Second XI v Wesley Chapel Second XI,87,18950700,match information,Tony Webb minor counties collection,1
Murton Colliery Second XI v New Seaham Earnest Second XI,87,18950700,match information,Tony Webb minor counties collection,1
Eppleton v South Hetton,87,18950700,match information,Tony Webb minor counties collection,1
Howick v Warkworth,87,18950700,match information,Tony Webb minor counties collection,1
Close House v Tynedale,87,18950700,match information,Tony Webb minor counties collection,1
Elswick Works v Royal Grammar School,87,18950706,match information,Tony Webb minor counties collection,1
Rockliff v Benwell,87,18950700,match information,Tony Webb minor counties collection,1
North-Eastern County School v Darlington Grammar School,87,18950706,match information,Tony Webb minor counties collection,1
Ladies v Gentlemen,87,18950700,match information,Tony Webb minor counties collection,1
Ryton v Quayside Wanderers,87,18950700,match information,Tony Webb minor counties collection,1
Felling Temperance Second XI v High Fell First XI,88,18950706,match information,Tony Webb minor counties collection,1
Felling Temperance v Washington,88,18950706,match information,Tony Webb minor counties collection,1
Winlaton v Greenside,88,18950706,match information,Tony Webb minor counties collection,1
Hermitage v Waldridge,88,18950706,match information,Tony Webb minor counties collection,1
Newcastle,89,18950711,newspaper cuttings,Tony Webb minor counties collection,1
Nicholls' XI v Bewicke's XI,89,18950700,match information,Tony Webb minor counties collection,1
Stockton v Darlington,89,18950706,match information,Tony Webb minor counties collection,1
Coates' XI v Durham School,89,18950706,match information,Tony Webb minor counties collection,1
South Shields v Tynemouth,89,18950706,match information,Tony Webb minor counties collection,1
Sunderland v Consett,89,18950700,match information,Tony Webb minor counties collection,1
Sunderland v Royal Grammar School,89,18950706,match information,Tony Webb minor counties collection,1
St George's v Northumberland,89,18950706,match information,Tony Webb minor counties collection,1
Bewicke's XI v Northern Nomads,89,18950709,match information,Tony Webb minor counties collection,1
Shields St Johns v Tyne Dock Second XI,89,18950700,match information,Tony Webb minor counties collection,1
Lanchester v Burnopside Hall,89,18950700,match information,Tony Webb minor counties collection,1
Hamsteels v Langley Park,89,18950700,match information,Tony Webb minor counties collection,1
Constable Burton v Darlington,89,18950710,match information,Tony Webb minor counties collection,1
Belsay v Woolsington,89,18950700,match information,Tony Webb minor counties collection,1
Consett Wednesday v Chester-Le-Street Wednesday,89,18950710,match information,Tony Webb minor counties collection,1
Hetton Wednesday v Sunderland Licensed Victuallers,89,18950700,match information,Tony Webb minor counties collection,1
Hamsteels Second XI v Cornsay Second XI,89,18950700,match information,Tony Webb minor counties collection,1
Chilton Moor Wednesday v Pittington Wednesday,90,18950710,match information,Tony Webb minor counties collection,1
Seaham Harbour Tradesmen v Easington,90,18950710,match information,Tony Webb minor counties collection,1
YMCA v Salem Athletic,90,18950710,match information,Tony Webb minor counties collection,1
Tynemouth Second XI v Backworth Percy,90,18950710,match information,Tony Webb minor counties collection,1
Alnwick Reserve v Alnwick Wednesday,90,18950710,match information,Tony Webb minor counties collection,1
St George's Second XI v Northumberland Second XI,90,18950710,match information,Tony Webb minor counties collection,1
Spennymoor Wednesday v Tudhoe,90,18950710,match information,Tony Webb minor counties collection,1
Alnwick Wednesday v London And NB Works,90,18950710,match information,Tony Webb minor counties collection,1
Wallsend Second XI v South Northumberland Second XI,90,18950710,match information,Tony Webb minor counties collection,1
Singleton House School v South Shields High School,90,18950710,match information,Tony Webb minor counties collection,1
Northern Nomads v The Borderers,90,18950711,match information,Tony Webb minor counties collection,1
Northumberland,91,18950800,newspaper cuttings,Tony Webb minor counties collection,1
Newcastle,91,18950827,newspaper cuttings,Tony Webb minor counties collection,1
Bewicke's XI v F C H Clayton's XI,91,18950828,match information,Tony Webb minor counties collection,1
Berwick v Kelso,91,18950828,match information,Tony Webb minor counties collection,1
Doxford v Spencer Ferguson's XI,91,18950827,match information,Tony Webb minor counties collection,1
Newcastle,92,18950830,newspaper cuttings,Tony Webb minor counties collection,1
Ashington Portland v Alnmouth,92,18950828,match information,Tony Webb minor counties collection,1
Mortimer's XI v Clayton's XI,92,18950829,match information,Tony Webb minor counties collection,1
Acklington And District v Broomhill,92,18950824,match information,Tony Webb minor counties collection,1
Acklington And District v Alnwick,92,18950828,match information,Tony Webb minor counties collection,1
Cardiff and District League,93,18950713,league information,Tony Webb minor counties collection,1
Swansea v Llandovery,93,18950615,match information,Tony Webb minor counties collection,1
Penarth v Water Rats,93,18950615,match information,Tony Webb minor counties collection,1
Gentlemen Of Monmouthshire v RME Militia,94,18950803,match information,Tony Webb minor counties collection,1
Windsor v Grange Conservatives,94,18950803,match information,Tony Webb minor counties collection,1
Swansea Second v Singleton,94,18950803,match information,Tony Webb minor counties collection,1
Herefordshire C And G v Cathedral School,95,18950704,match information,Tony Webb minor counties collection,1
Malvern College v Sherborne School,95,18950629,match information,Tony Webb minor counties collection,1
Ludlow Second XI v Ludlow Grammar School,95,18950703,match information,Tony Webb minor counties collection,1
Usk Second XI v Newport Third XI,95,18950629,match information,Tony Webb minor counties collection,1
Leominster v Hereford Cathedral School,95,18950703,match information,Tony Webb minor counties collection,1
Ewyas Harold And Pontrilas v Garway United,95,18950627,match information,Tony Webb minor counties collection,1
Ludlow Second XI v Young Men's Christian Association,95,18950704,match information,Tony Webb minor counties collection,1
Ludlow And South Shropshire v Hereford County College,95,18950629,match information,Tony Webb minor counties collection,1
Colwall v Wellington Heath,95,18950629,match information,Tony Webb minor counties collection,1
Bosbury v Stoke Lacy,95,18950627,match information,Tony Webb minor counties collection,1
Ineson's XI v Carrington's D'oyley Carte's XI,95,18950629,match information,Tony Webb minor counties collection,1
Hereford Cathedral School v Lugwardine,95,18950629,match information,Tony Webb minor counties collection,1
Lugwardine Second XI v Hereford Cathedral School Second XI,95,18950629,match information,Tony Webb minor counties collection,1
Hereford County College v Hay,95,18950629,match information,Tony Webb minor counties collection,1
Lucton School v Presteign,95,18950703,match information,Tony Webb minor counties collection,1
Schoolmasters v Presteign,95,18950629,match information,Tony Webb minor counties collection,1
Herefordshire Club and Ground match list,96,18950629,team information,Tony Webb minor counties collection,1
Hereford Cathedral School match list,96,18950629,team information,Tony Webb minor counties collection,1
Hereford County College match list,96,18950629,team information,Tony Webb minor counties collection,1
Ludlow and South Shropshire match list,96,18950629,team information,Tony Webb minor counties collection,1
Lugwardine and Withington match list,96,18950629,team information,Tony Webb minor counties collection,1
Brynmawr match list,96,18950629,team information,Tony Webb minor counties collection,1
Herefordshire Club and Ground match list,97,18950700,team information,Tony Webb minor counties collection,1
First-Class Matches,97,18950700,fixture information,Tony Webb minor counties collection,1
The Herefordshire Club and Ground Cricket Week,97,18950715,article,Tony Webb minor counties collection,1
Bircher v Lucton School,97,18950713,match information,Tony Webb minor counties collection,1
Hereford Cathedral School v Ludlow And South Shropshire,97,18950717,match information,Tony Webb minor counties collection,1
Herefordshire Club And Ground v Ludlow And South Shropshire,97,18950718,match information,Tony Webb minor counties collection,1
Herefordshire Club And Ground v Leominster,97,18950713,match information,Tony Webb minor counties collection,1
Durham v Worcestershire,97,18950716,match information,Tony Webb minor counties collection,1
Bromyard v Ledbury,98,18950713,match information,Tony Webb minor counties collection,1
Monmouth v Ross,98,18950713,match information,Tony Webb minor counties collection,1
Downton Castle v Ashford Court,98,18950713,match information,Tony Webb minor counties collection,1
Hereford County College v Bosbury,98,18950711,match information,Tony Webb minor counties collection,1
Tenbury v Ludlow And South Shropshire,98,18950713,match information,Tony Webb minor counties collection,1
Ewyas Harold v Hereford St Martin's,98,18950713,match information,Tony Webb minor counties collection,1
Presteign v Weobley,98,18950713,match information,Tony Webb minor counties collection,1
Presteign v Malvern,99,18950718,match information,Tony Webb minor counties collection,1
Chepstow v Newport Third XI,99,18950720,match information,Tony Webb minor counties collection,1
Shropshire v Ludlow And South Shropshire,99,18950720,match information,Tony Webb minor counties collection,1
Knighton v Gisborne's XI,99,18950711,match information,Tony Webb minor counties collection,1
Knighton v Salmon's XI,99,18950717,match information,Tony Webb minor counties collection,1
Caynham Court v Greet,99,18950720,match information,Tony Webb minor counties collection,1
Dilwyn v Birley,99,18950720,match information,Tony Webb minor counties collection,1
Bosbury v Suckley,99,18950720,match information,Tony Webb minor counties collection,1
Herefordshire Club and Ground match list,100,18950000,team information,Tony Webb minor counties collection,1
First-Class Matches,100,18950000,fixture information,Tony Webb minor counties collection,1
Foxley v Garnons,100,18950720,match information,Tony Webb minor counties collection,1
Marden v Bodenham,100,18950720,match information,Tony Webb minor counties collection,1
Bircher v Hampton Court,100,18950720,match information,Tony Webb minor counties collection,1
MCC And Ground v Monmouthshire And Ground,101,18950727,match information,Tony Webb minor counties collection,1
MCC v Shropshire,101,18950727,match information,Tony Webb minor counties collection,1
Ludlow And South Shropshire v Royal Monmouthshire Militia Engineers,101,18950729,match information,Tony Webb minor counties collection,1
Hereford City v Hereford County,101,18950801,match information,Tony Webb minor counties collection,1
Lugwardine And Withington v Hereford St Martin's,101,18950727,match information,Tony Webb minor counties collection,1
Bromyard v Tenbury,101,18950727,match information,Tony Webb minor counties collection,1
Ludlow v Lucton School,101,18950727,match information,Tony Webb minor counties collection,1
Ross Second XI v Weston,101,18950727,match information,Tony Webb minor counties collection,1
Clun v Aston-On-Clun,102,18950727,match information,Tony Webb minor counties collection,1
Gloucester v Ross,102,18950731,match information,Tony Webb minor counties collection,1
Shobdon v Kinsham,102,18950731,match information,Tony Webb minor counties collection,1
Marden v Foxley,102,18950727,match information,Tony Webb minor counties collection,1
Herefordshire Club and Ground match list,102,18950800,team information,Tony Webb minor counties collection,3
First-class matches,102,18950800,fixture information,Tony Webb minor counties collection,2
Glamorgan v V T Hill's XI,103,18950809,match information,Tony Webb minor counties collection,1
Cheltenham v Haileybury,103,18950803,match information,Tony Webb minor counties collection,1
Staffordshire v Worcestershire,103,18950806,match information,Tony Webb minor counties collection,1
Ewyas Harold And Pontrilas v Wyeside,103,18950803,match information,Tony Webb minor counties collection,1
Ewyas Harold And Pontrilas v Peterchurch,103,18950803,match information,Tony Webb minor counties collection,1
Birley v Dilwyn,103,18950803,match information,Tony Webb minor counties collection,1
Tewkesbury v Malvern,103,18950803,match information,Tony Webb minor counties collection,1
Lugwardine And Withington v H B L Barker's XI,103,18950803,match information,Tony Webb minor counties collection,1
Stoke Lacy v Hampton Court,103,18950803,match information,Tony Webb minor counties collection,1
Ludlow And South Shropshire v Free Foresters,104,18950803,match information,Tony Webb minor counties collection,1
Marden v Weobley,104,18950803,match information,Tony Webb minor counties collection,1
Hereford St v Foxley,104,18950803,match information,Tony Webb minor counties collection,1
Herefordshire Club and Ground match list,104,18950800,team information,Tony Webb minor counties collection,3
Worcestershire match list,104,18950800,team information,Tony Webb minor counties collection,2
Fixtures,104,18950800,fixture information,Tony Webb minor counties collection,1
First-Class Matches,104,18950800,fixture information,Tony Webb minor counties collection,2
Ludlow And South Shropshire v Church Stretton,105,18950820,match information,Tony Webb minor counties collection,1
Ladies v Gentlemen,105,18950821,match information,Tony Webb minor counties collection,1
Foxley v Garnons,105,18950810,match information,Tony Webb minor counties collection,1
Dilwyn v Monkland,105,18950815,match information,Tony Webb minor counties collection,1
Hereford Wye v St Martin's,105,18950815,match information,Tony Webb minor counties collection,1
Colwall v Malvern Second XI,105,18950817,match information,Tony Webb minor counties collection,1
Marden v Foxley,105,18950817,match information,Tony Webb minor counties collection,1
Presteign v Weobley,105,18950817,match information,Tony Webb minor counties collection,1
Much Marcle v Weston,105,18950817,match information,Tony Webb minor counties collection,1
Leominster v Presteign,105,18950820,match information,Tony Webb minor counties collection,1
F H Dansey's XI v C E Bagot's XI,105,18950820,match information,Tony Webb minor counties collection,1
Hereford St Martin's v Tram Inn,106,18950817,match information,Tony Webb minor counties collection,1
Dilwyn v Shobdon,106,18950817,match information,Tony Webb minor counties collection,1
Harewood End v Hampton Court,106,18950817,match information,Tony Webb minor counties collection,1
Herefordshire Club and Ground match list,106,18950800,team information,Tony Webb minor counties collection,3
Worcestershire match list,106,18950800,team information,Tony Webb minor counties collection,2
Leighton v Oxford Harlequins,106,18950819,match information,Tony Webb minor counties collection,2
Hertfordshire,107,18950000,newspaper cuttings,Tony Webb minor counties collection,1
Hertfordshire match list,107,18950000,team information,Tony Webb minor counties collection,1
Bedfordshire match list,107,18950000,team information,Tony Webb minor counties collection,1
Hitchin match list,107,18950000,team information,Tony Webb minor counties collection,1
Hitchin Nightingale,107,18950000,team information,Tony Webb minor counties collection,1
Hitchin Blue Cross Temperance Brigade match list,107,18950000,team information,Tony Webb minor counties collection,1
Stevenage match list,107,18950000,team information,Tony Webb minor counties collection,1
Baldock match list,107,18950000,team information,Tony Webb minor counties collection,1
Three Counties Asylum match list,107,18950000,team information,Tony Webb minor counties collection,1
Sandy and District match list,107,18950000,team information,Tony Webb minor counties collection,1
Hitchin v St Albans,108,18950515,match information,Tony Webb minor counties collection,1
Henlow v Arlesey,108,18950511,match information,Tony Webb minor counties collection,1
Cottered v St Edmund's College,108,18950509,match information,Tony Webb minor counties collection,1
Cottered v Buntingford,108,18950514,match information,Tony Webb minor counties collection,1
Three Counties Asylum v Arlesey,108,18950504,match information,Tony Webb minor counties collection,1
St Ibbs v Stevenage Second XI,108,18950504,match information,Tony Webb minor counties collection,1
Stevenage v Brixton Wanderers,108,18950508,match information,Tony Webb minor counties collection,1
Hitchin Married v Hitchin Single,108,18950511,match information,Tony Webb minor counties collection,1
Hertford Cantonsians v Ware,108,18950511,match information,Tony Webb minor counties collection,1
Wilstead v Southrnd (falcon's),108,18950511,match information,Tony Webb minor counties collection,1
Stevenage Second XI v Hitchin Blue Cross Brigade,108,18950511,match information,Tony Webb minor counties collection,1
Cricket Fixtures,108,18950518,fixture information,Tony Webb minor counties collection,1
West Herts match list,109,18950525,team information,Tony Webb minor counties collection,1
Frogmore match list,109,18950525,team information,Tony Webb minor counties collection,1
Melrose match list,109,18950525,team information,Tony Webb minor counties collection,1
New Bushey match list,109,18950525,team information,Tony Webb minor counties collection,1
Brewery match list,109,18950525,team information,Tony Webb minor counties collection,1
Roamers match list,109,18950525,team information,Tony Webb minor counties collection,1
Cannon Brewery match list,109,18950525,team information,Tony Webb minor counties collection,1
Harefield match list,109,18950525,team information,Tony Webb minor counties collection,1
Permanent Way match list,109,18950525,team information,Tony Webb minor counties collection,1
The Grove match list,109,18950525,team information,Tony Webb minor counties collection,1
Bushey match list,109,18950525,team information,Tony Webb minor counties collection,1
Northwood match list,109,18950525,team information,Tony Webb minor counties collection,1
Bushey Police match list,109,18950525,team information,Tony Webb minor counties collection,1
Euston Staff match list,109,18950525,team information,Tony Webb minor counties collection,1
Bushey Grove match list,109,18950525,team information,Tony Webb minor counties collection,1
Apsley match list,109,18950525,team information,Tony Webb minor counties collection,1
Croxley match list,109,18950525,team information,Tony Webb minor counties collection,1
Boxmoor match list,109,18950525,team information,Tony Webb minor counties collection,1
Ashleigh match list,109,18950525,team information,Tony Webb minor counties collection,1
Hadley match list,109,18950525,team information,Tony Webb minor counties collection,1
Finchley A match list,109,18950525,team information,Tony Webb minor counties collection,1
Tottenham match list,109,18950525,team information,Tony Webb minor counties collection,1
Finchley B match list,109,18950525,team information,Tony Webb minor counties collection,1
Tottenham Second XI match list,109,18950525,team information,Tony Webb minor counties collection,1
Arkley match list,109,18950525,team information,Tony Webb minor counties collection,1
Barnet match list,109,18950525,team information,Tony Webb minor counties collection,1
Stereo A match list,109,18950525,team information,Tony Webb minor counties collection,1
New Southgate match list,109,18950525,team information,Tony Webb minor counties collection,1
Stereo B match list,109,18950525,team information,Tony Webb minor counties collection,1
New Southgate Second XI match list,109,18950525,team information,Tony Webb minor counties collection,1
Barnet First XI match list,109,18950525,team information,Tony Webb minor counties collection,1
South Hampstead match list,109,18950525,team information,Tony Webb minor counties collection,1
Barnet A match list,109,18950525,team information,Tony Webb minor counties collection,1
West Herts v Abbots Langley,109,18950525,match information,Tony Webb minor counties collection,1
Melrose v Berkhamstead Working Men,109,18950525,match information,Tony Webb minor counties collection,1
Roamers v Croxley,109,18950525,match information,Tony Webb minor counties collection,1
Cannon Brewery v M B Foster & Sons,109,18950525,match information,Tony Webb minor counties collection,1
Permanent Way v Radlett,109,18950525,match information,Tony Webb minor counties collection,1
Watford Fields v Oxhey,109,18950525,match information,Tony Webb minor counties collection,1
Mill End Riverside v Stanmore Brewery,109,18950525,match information,Tony Webb minor counties collection,1
Roxeth v Canterbury,109,18950525,match information,Tony Webb minor counties collection,1
Harrow Weald v Harrow,109,18950525,match information,Tony Webb minor counties collection,1
Barnet v Southgate,110,18950525,match information,Tony Webb minor counties collection,1
Mosswell v All Saints' Highgate First XI,110,18950525,match information,Tony Webb minor counties collection,1
Hadley v Wrotham Park,110,18950525,match information,Tony Webb minor counties collection,1
Stereo v Oakleigh,110,18950525,match information,Tony Webb minor counties collection,1
Stereo B Team v Friern Barnet,110,18950525,match information,Tony Webb minor counties collection,1
Ashleigh v North London Railway,110,18950525,match information,Tony Webb minor counties collection,1
Arkley v Finchley Second XI,110,18950525,match information,Tony Webb minor counties collection,1
The Grove v Watford Station,111,18950525,match information,Tony Webb minor counties collection,1
St Albans v Frogmore,111,18950525,match information,Tony Webb minor counties collection,1
Barnet A v Finchley Second XI,111,18950525,match information,Tony Webb minor counties collection,1
Bushey Police v Watford Brewery,111,18950525,match information,Tony Webb minor counties collection,1
Beechen Grove v Walker's XI,111,18950525,match information,Tony Webb minor counties collection,1
Mill End Second XI v Rickmansworth Stars,111,18950525,match information,Tony Webb minor counties collection,1
Watford Urban District v New Bushey,111,18950525,match information,Tony Webb minor counties collection,1
Rickmansworth v Northwood,111,18950525,match information,Tony Webb minor counties collection,1
Hertfordshire,112,18950600,newspaper cuttings,Tony Webb minor counties collection,1
Royston v Cambridge Nihilists,112,18950525,match information,Tony Webb minor counties collection,1
Royston match list,112,18950000,team information,Tony Webb minor counties collection,1
West Herts match list,112,18950000,team information,Tony Webb minor counties collection,1
Welwyn match list,112,18950000,team information,Tony Webb minor counties collection,1
Bishop Stortford match list,112,18950000,team information,Tony Webb minor counties collection,1
Haynes match list,112,18950000,team information,Tony Webb minor counties collection,1
Bedford Town players,112,18950000,player information,Tony Webb minor counties collection,1
Beeston Institute match list,112,18950000,team information,Tony Webb minor counties collection,1
Hitchin Grammar School v Hitchin Blue Cross Temperance Brigade,113,18950525,match information,Tony Webb minor counties collection,1
Baldock v C Tanqueray's Cambridge XI,113,18950525,match information,Tony Webb minor counties collection,1
Wilstead v Silsoe,113,18950522,match information,Tony Webb minor counties collection,1
St Saviour's v Arlesey,113,18950525,match information,Tony Webb minor counties collection,1
Sandy v Potton,113,18950523,match information,Tony Webb minor counties collection,1
Biggleswade v Dunton,113,18950525,match information,Tony Webb minor counties collection,1
St Saviour's v Willian,113,18950522,match information,Tony Webb minor counties collection,1
Beeston DCC v Ickwell And Northill,113,18950523,match information,Tony Webb minor counties collection,1
St Saviour's v St Paul's Walden,113,18950518,match information,Tony Webb minor counties collection,1
Cricket Fixtures,113,18950600,fixture information,Tony Webb minor counties collection,1
St Albans v West Middlesex,114,18950705,match information,Tony Webb minor counties collection,1
St Albans v Holborn,114,18950629,match information,Tony Webb minor counties collection,1
St Albans v Dunstable Grammar School,114,18950703,match information,Tony Webb minor counties collection,1
Licensed Victuallers v Tradesmen,114,18950702,match information,Tony Webb minor counties collection,1
West Herts v Hemel Hempstead,114,18950629,match information,Tony Webb minor counties collection,1
Benskin's Brewery v Bushey Police,114,18950629,match information,Tony Webb minor counties collection,1
Croxley v Watford Station,114,18950629,match information,Tony Webb minor counties collection,1
Callow Land Stars v Nascot Ramblers,115,18950629,match information,Tony Webb minor counties collection,1
Pinner v Roamers,115,18950629,match information,Tony Webb minor counties collection,1
Melrose v Apsley End,115,18950629,match information,Tony Webb minor counties collection,1
St Albans Grammar School v Radlett,115,18950629,match information,Tony Webb minor counties collection,1
Frogmore v Harpenden,115,18950629,match information,Tony Webb minor counties collection,1
Watford Brewery v Boxmoor,115,18950629,match information,Tony Webb minor counties collection,1
Childwick v St Albans City Police,115,18950705,match information,Tony Webb minor counties collection,1
MCC And Ground v Haileybury College,116,18950629,match information,Tony Webb minor counties collection,1
Ladies v Gentlemen,116,18950701,match information,Tony Webb minor counties collection,1
St Albans A v Frogmore Second XI,116,18950629,match information,Tony Webb minor counties collection,1
Colney Heath v Wheathampstead,116,18950629,match information,Tony Webb minor counties collection,1
St Albans v J W D Leonard's XI,117,18950727,match information,Tony Webb minor counties collection,1
St Albans A v Finchley Second XI,117,18950727,match information,Tony Webb minor counties collection,1
St Albans B v St Albans Grammar School,117,18950727,match information,Tony Webb minor counties collection,1
Watford Permanent Way v Boxmoor,117,18950727,match information,Tony Webb minor counties collection,1
Watford Heath Stars v Beechen Grove,117,18950727,match information,Tony Webb minor counties collection,1
St Albans A v Fold's XI,117,18950731,match information,Tony Webb minor counties collection,1
Albion v Boxmoor St John's,117,18950727,match information,Tony Webb minor counties collection,1
St Michael's v Colney Heath,118,18950727,match information,Tony Webb minor counties collection,1
West Herts v Earl Of Essex's XI,118,18950727,match information,Tony Webb minor counties collection,2
Melrose v New Bushey,118,18950727,match information,Tony Webb minor counties collection,2
Heath Brow School v Master's XI,118,18950727,match information,Tony Webb minor counties collection,1
Watford Urban District Council v Abbott's Langley,118,18950727,match information,Tony Webb minor counties collection,1
St Matthew's v Caddington,118,18950727,match information,Tony Webb minor counties collection,1
Heath Brow School House v Lodge,118,18950730,match information,Tony Webb minor counties collection,1
Bushey Police v Euston Staff,118,18950727,match information,Tony Webb minor counties collection,1
Bushey match list,118,18950729,team information,Tony Webb minor counties collection,1
West Herts v Earl Of Essex's XI,119,18950727,match information,Tony Webb minor counties collection,2
Stanmore Brewery v Wealdstone Athletic,119,18950727,match information,Tony Webb minor counties collection,1
Watford Engineering Works v Grapho Company Harrow,119,18950727,match information,Tony Webb minor counties collection,1
Watford Carriage Department v Turner's Limited,119,18950727,match information,Tony Webb minor counties collection,1
Fleetwood's XI v W Young's XI,119,18950727,match information,Tony Webb minor counties collection,1
Roamers v Apsley,119,18950727,match information,Tony Webb minor counties collection,1
Melrose v New Bushey,119,18950727,match information,Tony Webb minor counties collection,2
Kings Langley v Watford Brewery,119,18950727,match information,Tony Webb minor counties collection,1
Watford,120,18950803,newspaper cuttings,Tony Webb minor counties collection,1
West Herts v Essex's XI,120,18950727,match information,Tony Webb minor counties collection,1
Hertfordshire v Worcestershire,120,18950727,match information,Tony Webb minor counties collection,1
West Herts v Gentlemen Of Herts,120,18950731,match information,Tony Webb minor counties collection,1
West Herts Club and Ground team aggregates,120,18950727,statistics,Tony Webb minor counties collection,1
West Herts Club and Ground player statistics,120,18950727,statistics,Tony Webb minor counties collection,1
St. Albans team aggregates,121,18950800,statistics,Tony Webb minor counties collection,1
St. Albans A and B teams team aggregates,121,18950800,statistics,Tony Webb minor counties collection,1
St. Albans player statistics,121,18950803,statistics,Tony Webb minor counties collection,1
St. Albans,121,18950803,newspaper cuttings,Tony Webb minor counties collection,1
St Albans v Frogmore,121,18950803,match information,Tony Webb minor counties collection,1
St Albans A v Frogmore Second XI,122,18950803,match information,Tony Webb minor counties collection,1
Peripatetics v Old Albanians,122,18950803,match information,Tony Webb minor counties collection,1
Northaw v Little Heath,122,18950805,match information,Tony Webb minor counties collection,1
St Michael's v Zion,122,18950805,match information,Tony Webb minor counties collection,1
Comet v Redbourn,123,18950805,match information,Tony Webb minor counties collection,1
Hemel Hempstead v Kilburn,123,18950805,match information,Tony Webb minor counties collection,1
London City Police v Redbourn,123,18950808,match information,Tony Webb minor counties collection,1
Croxley v Melrose,123,18950803,match information,Tony Webb minor counties collection,2
Bushey v Vampires,124,18950805,match information,Tony Webb minor counties collection,1
Bushey v Leinster,124,18950806,match information,Tony Webb minor counties collection,1
Bushey v HJH Bladon's XI,124,18950807,match information,Tony Webb minor counties collection,1
Kings Langley v St Giles-In-The-Fields,124,18950805,match information,Tony Webb minor counties collection,1
Old Hurst Johnians v Bushey,124,18950808,match information,Tony Webb minor counties collection,1
Abbots Langley v Roamers,124,18950803,match information,Tony Webb minor counties collection,1
Newberries v Edge Grove,124,18950805,match information,Tony Webb minor counties collection,1
Northwood v Rickmansworth Town,124,18950805,match information,Tony Webb minor counties collection,1
All Souls v Stanmore,124,18950803,match information,Tony Webb minor counties collection,1
Chipperfield v Bovingdon,124,18950803,match information,Tony Webb minor counties collection,1
Watford Carriage Department v Cassiobury Yard,125,18950803,match information,Tony Webb minor counties collection,1
Abbots Langley v Trinity Church,125,18950803,match information,Tony Webb minor counties collection,1
Watford Wednesday v Sansom's XI,125,18950807,match information,Tony Webb minor counties collection,1
Croxley v Melrose,125,18950803,match information,Tony Webb minor counties collection,2
Watford,125,18950800,newspaper cuttings,Tony Webb minor counties collection,2
V A Titchmarsh,126,18950816,biography,Tony Webb minor counties collection,1
Cricket Notes,127,18950810,newspaper cuttings,Tony Webb minor counties collection,1
Cannon Brewery v Harefield,127,18950810,match information,Tony Webb minor counties collection,2
Watford Urban District Council v Bushey Police,127,18950810,match information,Tony Webb minor counties collection,1
Melrose v Camden United,127,18950810,match information,Tony Webb minor counties collection,3
Bushey v Erratics,127,18950809,match information,Tony Webb minor counties collection,1
West Herts v Bushey,127,18950810,match information,Tony Webb minor counties collection,3
Watford Brewery v Roamers,127,18950810,match information,Tony Webb minor counties collection,1
Bushey v Old Hurst Johnians,128,18950810,match information,Tony Webb minor counties collection,1
Bushey Police v Watford Urban Council,128,18950810,match information,Tony Webb minor counties collection,1
Cannon Brewery v Harefield,128,18950810,match information,Tony Webb minor counties collection,2
Chemical Works v Sunnyside Church,128,18950810,match information,Tony Webb minor counties collection,1
Sunnyside Church v Noris's,128,18950727,match information,Tony Webb minor counties collection,1
Melrose v Camden United,129,18950810,match information,Tony Webb minor counties collection,3
Sunnyside Church v Aldbury,129,18950803,match information,Tony Webb minor counties collection,1
Hemel Hempstead v XYZ,129,18950810,match information,Tony Webb minor counties collection,1
Hatfield v St Mark's Woodhill,130,18950815,match information,Tony Webb minor counties collection,1
Market Place v Batch Wood,130,18950815,match information,Tony Webb minor counties collection,1
Childwickbury Estate v Aldenham House,130,18950814,match information,Tony Webb minor counties collection,1
Hatchell's XI v HHEC,130,18950814,match information,Tony Webb minor counties collection,1
West Herts v Bushey,131,18950810,match information,Tony Webb minor counties collection,3
Harefield v Benskin's Brewery,131,18950810,match information,Tony Webb minor counties collection,1
Gentlemen Of Herts v St Albans,131,18950812,match information,Tony Webb minor counties collection,1
Croxley v Watford Permanent Way,131,18950810,match information,Tony Webb minor counties collection,1
Watford Station v Watford Tradesmen,131,18950812,match information,Tony Webb minor counties collection,1
Rickmansworth Town v Pinner,131,18950810,match information,Tony Webb minor counties collection,1
Roamers v Brewery,131,18950810,match information,Tony Webb minor counties collection,1
Abbots Langley v L & N-W Railway,131,18950810,match information,Tony Webb minor counties collection,1
Melrose v Camden United,131,18950810,match information,Tony Webb minor counties collection,3
West Herts v Bushey,132,18950810,match information,Tony Webb minor counties collection,3
Erratics v Bushey,132,18950816,match information,Tony Webb minor counties collection,1
Hertfordshire v Worcestershire,132,18950816,match information,Tony Webb minor counties collection,1
Gentlemen Of Hertfordshire v St Albans,132,18950812,match information,Tony Webb minor counties collection,1
Bushey team aggregates,132,18950800,statistics,Tony Webb minor counties collection,1
Watford,132,18950817,newspaper cuttings,Tony Webb minor counties collection,1
West Herts v Frogmore,133,18950817,match information,Tony Webb minor counties collection,2
Hertingfordbury v Bayford,133,18950817,match information,Tony Webb minor counties collection,1
Hendon v St Albans,133,18950823,match information,Tony Webb minor counties collection,1
St Albans v Hitchin,133,18950817,match information,Tony Webb minor counties collection,1
MCC And Ground v St Albans,133,18950819,match information,Tony Webb minor counties collection,1
St Albans v West Herts,133,18950821,match information,Tony Webb minor counties collection,2
S Groom's XII v Poles XII,134,18950817,match information,Tony Webb minor counties collection,1
Hoddesdon v Tottenham,134,18950817,match information,Tony Webb minor counties collection,1
W Evans' XI v A E Phillips' XI,134,18950816,match information,Tony Webb minor counties collection,1
Broxbourne v Haileybury Servants,134,18950817,match information,Tony Webb minor counties collection,1
Widford Under 14 v Harlow Under 14,134,18950817,match information,Tony Webb minor counties collection,1
P Deedes' XI v Haileybury Servants,134,18950819,match information,Tony Webb minor counties collection,1
St Albans match list,134,18950831,team information,Tony Webb minor counties collection,1
St Albans Second XI match list,134,18950831,team information,Tony Webb minor counties collection,1
Hoddesdon match list,134,18950831,team information,Tony Webb minor counties collection,1
Broxbourne match list,134,18950831,team information,Tony Webb minor counties collection,1
Broxbourne Second XI match list,134,18950831,team information,Tony Webb minor counties collection,1
Hatfield match list,134,18950831,team information,Tony Webb minor counties collection,1
Cheshunt and District match list,134,18950831,team information,Tony Webb minor counties collection,1
Hadham match list,134,18950831,team information,Tony Webb minor counties collection,1
Amwell match list,134,18950831,team information,Tony Webb minor counties collection,1
Hertford match list,134,18950831,team information,Tony Webb minor counties collection,1
Ware match list,134,18950831,team information,Tony Webb minor counties collection,1
Stanstead match list,134,18950831,team information,Tony Webb minor counties collection,1
Hunsdon match list,134,18950831,team information,Tony Webb minor counties collection,1
West Herts v St Albans,135,18950821,match information,Tony Webb minor counties collection,2
West Herts v Frogmore,135,18950817,match information,Tony Webb minor counties collection,2
Watford Wednesday v Hempstead Early Closing,135,18950814,match information,Tony Webb minor counties collection,1
Watford Fields v Bushey Victors,135,18950815,match information,Tony Webb minor counties collection,1
Stanmore v C E Keyser's XII,135,18950815,match information,Tony Webb minor counties collection,1
The Grove v Healey's Brewery,135,18950817,match information,Tony Webb minor counties collection,1
London Orphan Asylum v A W Myers's XI,135,18950817,match information,Tony Webb minor counties collection,1
J S Harford's XI v R Lake's XI,136,18950814,match information,Tony Webb minor counties collection,1
J S Harford's XI v Franklin Choir,136,18950823,match information,Tony Webb minor counties collection,1
Rickmansworth Stars v West Hyde,136,18950817,match information,Tony Webb minor counties collection,1
Willesden Presbyterian v Watford Carriage Department,136,18950817,match information,Tony Webb minor counties collection,1
Bushey v Stanmore,136,18950821,match information,Tony Webb minor counties collection,1
Bushey v Harrow Town,136,18950817,match information,Tony Webb minor counties collection,1
Hillfield v Bushey Police,136,18950817,match information,Tony Webb minor counties collection,1
Harrow Weald v Stanmore,136,18950817,match information,Tony Webb minor counties collection,1
West Herts v Uxbridge,137,18950824,match information,Tony Webb minor counties collection,2
Watford Urban Council v Benskin And Co,137,18950824,match information,Tony Webb minor counties collection,1
Moor Park v Herts Constabulary,137,18950824,match information,Tony Webb minor counties collection,1
West Herts team aggregates,137,18950800,statistics,Tony Webb minor counties collection,1
West Herts match list,137,18950800,team information,Tony Webb minor counties collection,1
West Herts player statistics,137,18950800,statistics,Tony Webb minor counties collection,1
Uxbridge v West Herts,138,18950824,match information,Tony Webb minor counties collection,2
West Herts players,138,18950800,player information,Tony Webb minor counties collection,1
Watford,138,18950800,newspaper cuttings,Tony Webb minor counties collection,2
W H Nicholls' XI v F G Galloway's XI,139,18950913,match information,Tony Webb minor counties collection,1
Hertford Caxtonians v GER Clerks,139,18950907,match information,Tony Webb minor counties collection,1
Hertingfordbury v Fanshaws,139,18950907,match information,Tony Webb minor counties collection,1
Waters Place v Poles,139,18950907,match information,Tony Webb minor counties collection,1
Hunsdon Bury v Bonningtons,139,18950907,match information,Tony Webb minor counties collection,1
Bakers Of Ware v Butchers,139,18950910,match information,Tony Webb minor counties collection,1
Walkern v Little Munden,139,18950913,match information,Tony Webb minor counties collection,1
Ware Town Club v Ware Parish Church Choir,139,18950907,match information,Tony Webb minor counties collection,1
Great Munden v Little Munden,139,18950911,match information,Tony Webb minor counties collection,1
Bedfordshire player statistics,140,18950000,statistics,Tony Webb minor counties collection,1
Hitchin player statistics,140,18950000,statistics,Tony Webb minor counties collection,1
Baldock player statistics,140,18950000,statistics,Tony Webb minor counties collection,1
Hitchin Blue Cross Temperance Brigade player statistics,140,18950000,statistics,Tony Webb minor counties collection,1
Welwyn player statistics,140,18950000,statistics,Tony Webb minor counties collection,1
Dunstable Town player statistics,141,18950000,statistics,Tony Webb minor counties collection,1
Dunstable Town team aggregates,141,18950000,statistics,Tony Webb minor counties collection,1
Hertford Caxtonian player statistics,141,18950000,statistics,Tony Webb minor counties collection,1
Hertford Caxtonian team aggregates,141,18950000,statistics,Tony Webb minor counties collection,1
Beeston and District player statistics,141,18950000,statistics,Tony Webb minor counties collection,1
Hatfield player statistics,141,18950000,statistics,Tony Webb minor counties collection,1
Hatfield team aggregates,141,18950000,statistics,Tony Webb minor counties collection,1
Three Counties Asylum player statistics,141,18950000,statistics,Tony Webb minor counties collection,1
Three Counties Asylum team aggregates,141,18950000,statistics,Tony Webb minor counties collection,1
Lilley player statistics,141,18950000,statistics,Tony Webb minor counties collection,1
Lilley team aggregates,141,18950000,statistics,Tony Webb minor counties collection,1
Silsoe player statistics,141,18950000,statistics,Tony Webb minor counties collection,1
Silsoe team aggregates,141,18950000,statistics,Tony Webb minor counties collection,1
Hythe v 60th Rifles,142,18950821,match information,Tony Webb minor counties collection,1
Hythe v School Of Musketry,142,18950822,match information,Tony Webb minor counties collection,1
Rowles's XI v Astill's XI,143,18950613,match information,Tony Webb minor counties collection,1
Market Bosworth Grammar School v Nuneaton Grammar School,143,18950608,match information,Tony Webb minor counties collection,1
Thurmaston Methodists v Belgrave PM,143,18950608,match information,Tony Webb minor counties collection,1
East End Tradesmen v East End,143,18950613,match information,Tony Webb minor counties collection,1
Leicester,143,18950615,newspaper cuttings,Tony Webb minor counties collection,1
Leicester,143,18950615,fixture information,Tony Webb minor counties collection,1
Notts v Leicestershire,144,18950612,match information,Tony Webb minor counties collection,1
Leicestershire v Dublin University,144,18950614,match information,Tony Webb minor counties collection,1
Post Office v Tradesmen,144,18950613,match information,Tony Webb minor counties collection,1
South End v Belgrave,144,18950615,match information,Tony Webb minor counties collection,2
Dan Garner's v Geo Oliver's,144,18950615,match information,Tony Webb minor counties collection,1
Temperance v London-Road,144,18950615,match information,Tony Webb minor counties collection,1
Sparkenhoe v St Matthew's,144,18950615,match information,Tony Webb minor counties collection,2
J And R Morley's v R Walker And Sons,144,18950615,match information,Tony Webb minor counties collection,1
Hill-Street v B Ellis And Co,144,18950615,match information,Tony Webb minor counties collection,1
Oxford v Ibex,144,18950615,match information,Tony Webb minor counties collection,1
Thurmaston v Wycliffe,144,18950615,match information,Tony Webb minor counties collection,2
Secular v J Richardson's,144,18950615,match information,Tony Webb minor counties collection,1
Leicester,144,18950000,newspaper cuttings,Tony Webb minor counties collection,1
Leicestershire player statistics,144,18950000,statistics,Tony Webb minor counties collection,1
County Championship,144,18950000,league information,Tony Webb minor counties collection,1
Roberts And Roberts v County Asylum,145,18950615,match information,Tony Webb minor counties collection,1
Lansdowne United v Granby,145,18950615,match information,Tony Webb minor counties collection,1
Sparkenhoe v St Matthew's,145,18950615,match information,Tony Webb minor counties collection,2
Aylestone Park v J Hearth And Co,145,18950615,match information,Tony Webb minor counties collection,1
Belgrave v South End,145,18950615,match information,Tony Webb minor counties collection,2
Wycliffe v Thurmaston,145,18950615,match information,Tony Webb minor counties collection,2
Dover-Street Working Men's v Whetstone Albion,145,18950615,match information,Tony Webb minor counties collection,1
Claybrooke Second XI v Stoney Stanton Second XI,145,18950615,match information,Tony Webb minor counties collection,1
Kibworth v Market Harborough,145,18950615,match information,Tony Webb minor counties collection,1
Lincolnshire match list,146,18950000,team information,Tony Webb minor counties collection,1
Lincoln,146,18950608,fixture information,Tony Webb minor counties collection,1
Swinderby And Collingham v Lincoln Lindum,146,18950601,match information,Tony Webb minor counties collection,1
Lincoln St Hugh's v St Andrew's Institute,146,18950601,match information,Tony Webb minor counties collection,1
Lincoln Stamp End v Newark Town,146,18950601,match information,Tony Webb minor counties collection,1
Hartsholme v Bishop's Hostel,146,18950603,match information,Tony Webb minor counties collection,1
Lincoln St Hugh's v Market Rasen,146,18950527,match information,Tony Webb minor counties collection,1
Skegness And District v Notts Foresters,146,18950527,match information,Tony Webb minor counties collection,1
Skegness And District v Cooper Corah,146,18950604,match information,Tony Webb minor counties collection,1
Lincoln,147,18950000,newspaper cuttings,Tony Webb minor counties collection,1
Lincoln Lindum A Team v Bishop's Hostel,147,18950622,match information,Tony Webb minor counties collection,1
Woodhall Spa v Lincoln Stamp End,147,18950622,match information,Tony Webb minor counties collection,1
St Andrew's v South Park,147,18950622,match information,Tony Webb minor counties collection,1
Albion v St Hugh's,147,18950622,match information,Tony Webb minor counties collection,1
Asylum v Woodworks,147,18950622,match information,Tony Webb minor counties collection,1
Lincoln Grammar School v Ogle's Team,147,18950622,match information,Tony Webb minor counties collection,1
Hartsholme v Bassingham,147,18950622,match information,Tony Webb minor counties collection,1
Welton v Globe Works,147,18950622,match information,Tony Webb minor counties collection,1
Sleaford v Grantham,147,18950622,match information,Tony Webb minor counties collection,2
Lincoln St Andrew's v South Park,148,18950622,match information,Tony Webb minor counties collection,1
Hykeham v Lincoln Imps,148,18950622,match information,Tony Webb minor counties collection,1
Lincoln Globe Works v Welton,148,18950622,match information,Tony Webb minor counties collection,1
Lincoln Sheaf Woodworks v County Asylum,148,18950622,match information,Tony Webb minor counties collection,1
Harby v Sturton,148,18950622,match information,Tony Webb minor counties collection,1
Grantham v Sleaford,148,18950622,match information,Tony Webb minor counties collection,2
Frodingham v Brigg,148,18950622,match information,Tony Webb minor counties collection,1
Gunton v Hansell's XII,149,18950819,match information,Tony Webb minor counties collection,1
Cathedral Choir v St Peter Permanents,149,18950820,match information,Tony Webb minor counties collection,1
St Paul's v Bryer Road,149,18950817,match information,Tony Webb minor counties collection,1
Thorpe Village v Norwich Union,149,18950815,match information,Tony Webb minor counties collection,1
Acle v Carrow Second XI,149,18950800,match information,Tony Webb minor counties collection,1
Catfield v Smallburgh,149,18950817,match information,Tony Webb minor counties collection,1
Coltishall v Thorpe Hamlet,149,18950817,match information,Tony Webb minor counties collection,1
Dunston v Colney,149,18950815,match information,Tony Webb minor counties collection,1
Hempstead v Eastcliff,149,18950800,match information,Tony Webb minor counties collection,1
Hethersett v Guild,149,18950817,match information,Tony Webb minor counties collection,1
St Luke's Reserve v Brooks,149,18950817,match information,Tony Webb minor counties collection,1
Westwick v YMCA,149,18950815,match information,Tony Webb minor counties collection,1
Grantham Town v Grantham Thursday,150,18950912,match information,Tony Webb minor counties collection,1
Frodingham v Kirton Lindsey,150,18950907,match information,Tony Webb minor counties collection,1
Retford v Gainsboro',150,18950907,match information,Tony Webb minor counties collection,1
Burton Latimer v Wellingboro' All Saints' B,150,18950907,match information,Tony Webb minor counties collection,1
Kettering Wanderers v Gretton,150,18950907,match information,Tony Webb minor counties collection,1
Bracebridge Asylum v Lincoln Imps,150,18950907,match information,Tony Webb minor counties collection,1
Rothwell Independent v Kettering Britannia,150,18950907,match information,Tony Webb minor counties collection,1
Skegness and District player statistics,151,18950900,statistics,Tony Webb minor counties collection,1
Skegness and District team aggregates,151,18950900,statistics,Tony Webb minor counties collection,1
Sleaford player statistics,152,18950000,statistics,Tony Webb minor counties collection,1
Grantham Town team aggregates,153,18950900,statistics,Tony Webb minor counties collection,1
Grantham Town match list,153,18950900,team information,Tony Webb minor counties collection,1
Grantham Town player statistics,153,18950900,statistics,Tony Webb minor counties collection,1
Grantham Amateurs team aggregates,154,18950000,statistics,Tony Webb minor counties collection,1
Grantham Amateurs match list,154,18950000,team information,Tony Webb minor counties collection,1
Grantham Amateurs player statistics,154,18950000,statistics,Tony Webb minor counties collection,1
Burghley Park team aggregates,155,18951000,statistics,Tony Webb minor counties collection,1
Burghley Park player statistics,155,18951000,statistics,Tony Webb minor counties collection,1
Post Office v London House Recreation Society,156,18950815,match information,Tony Webb minor counties collection,1
Abertillery v Penarth,156,18950817,match information,Tony Webb minor counties collection,1
Caxtonian v Newport Northerns,156,18950817,match information,Tony Webb minor counties collection,1
Newport Thirds v Caldicot,156,18950817,match information,Tony Webb minor counties collection,1
Bassaleg v Newport Banks,157,18950815,match information,Tony Webb minor counties collection,1
Caxtonians v Newport Northern,157,18950817,match information,Tony Webb minor counties collection,1
Brighton,157,18950816,newspaper cuttings,Tony Webb minor counties collection,1
Newport team aggregates,158,18950907,statistics,Tony Webb minor counties collection,1
Newport player statistics,158,18950900,statistics,Tony Webb minor counties collection,1
Diss v King's Dragoon Guards,159,18950603,match information,Tony Webb minor counties collection,1
Ceyms v Thorpe Asylum,160,18950627,match information,Tony Webb minor counties collection,1
Gunton v Blofield And District,160,18950627,match information,Tony Webb minor counties collection,1
Beccles College v Yarmouth RA,160,18950627,match information,Tony Webb minor counties collection,1
Gunton v C E Y M S (norwich),161,18950720,match information,Tony Webb minor counties collection,1
Beccles College v Benacre Park,161,18950725,match information,Tony Webb minor counties collection,1
Norfolk County Cricket Club match list,162,18950801,team information,Tony Webb minor counties collection,1
Eastern Daily Press,162,18950801,fixture information,Tony Webb minor counties collection,1
Norfolk v L Zingari,162,18950731,match information,Tony Webb minor counties collection,1
Ceyms v Yarmouth,162,18950729,match information,Tony Webb minor counties collection,1
Lynn Grammar School player statistics,162,18950000,statistics,Tony Webb minor counties collection,1
Field Dalling team aggregates,162,18950000,statistics,Tony Webb minor counties collection,1
Norwich,162,18950000,newspaper cuttings,Tony Webb minor counties collection,1
Norfolk,163,18950000,newspaper cuttings,Tony Webb minor counties collection,2
Carrow Second XI v Howlett & White's Second XI,163,18950727,match information,Tony Webb minor counties collection,1
Rosary Road v Castle Rovers,163,18950730,match information,Tony Webb minor counties collection,1
Silver Road v Hevingham,163,18950727,match information,Tony Webb minor counties collection,1
Bayfield v Holt Bowl Players,163,18950725,match information,Tony Webb minor counties collection,1
Carrow v Hingham,163,18950727,match information,Tony Webb minor counties collection,1
Field Dalling v Sheringham Park,163,18950727,match information,Tony Webb minor counties collection,1
King's Lynn v Diss,163,18950727,match information,Tony Webb minor counties collection,1
Oulton And Blickling Park v Catfield,163,18950730,match information,Tony Webb minor counties collection,1
South Creake v Bircham,163,18950725,match information,Tony Webb minor counties collection,1
Diss,163,18950805,team information,Tony Webb minor counties collection,1
CL Kennaway's XI v Partridge's XI,165,18950812,match information,Tony Webb minor counties collection,1
Ladies v Gentlemen,165,18950809,match information,Tony Webb minor counties collection,1
Eastern Daily Press,165,18950800,newspaper cuttings,Tony Webb minor counties collection,1
Caley's Second XI v Carrow Second XI,165,18950810,match information,Tony Webb minor counties collection,1
Nelson v Westwick,165,18950808,match information,Tony Webb minor counties collection,1
Norfolk County Asylum v Acle,165,18950810,match information,Tony Webb minor counties collection,1
United v Kingsley,165,18950810,match information,Tony Webb minor counties collection,1
Hethersett v Thorpe Hamlet,165,18950810,match information,Tony Webb minor counties collection,1
Bylaugh Hall v Swanton Morley,165,18950810,match information,Tony Webb minor counties collection,1
North Elmham v Gressenhall,165,18950812,match information,Tony Webb minor counties collection,1
North Walsham v Mundesley,165,18950810,match information,Tony Webb minor counties collection,1
Local Fixtures,166,18950815,newspaper cuttings,Tony Webb minor counties collection,1
Norwich,166,18950815,newspaper cuttings,Tony Webb minor counties collection,1
Blickling Park,166,18950810,newspaper cuttings,Tony Webb minor counties collection,1
Frederick A Currie,166,18950814,biography,Tony Webb minor counties collection,1
Eaton,166,18950810,team information,Tony Webb minor counties collection,1
Norwich,167,18950819,fixture information,Tony Webb minor counties collection,1
Norwich Week,167,18950817,newspaper cuttings,Tony Webb minor counties collection,1
Southdown Wanderers' Tour,168,18950800,tour information,Tony Webb minor counties collection,1
Bury United v Southdown Wanderers,168,18950812,match information,Tony Webb minor counties collection,1
Fakenham v Southdown Wanderers,168,18950814,match information,Tony Webb minor counties collection,1
Swaffham v Southdown Wanderers,168,18950815,match information,Tony Webb minor counties collection,1
Holkham v Southdown Wanderers,168,18950816,match information,Tony Webb minor counties collection,1
King's Lynn v Southdown Wanderers,168,18950817,match information,Tony Webb minor counties collection,1
Carrow v Norfolk County Asylum,168,18950817,match information,Tony Webb minor counties collection,1
Mount Pleasant v Surrey Road School,168,18950817,match information,Tony Webb minor counties collection,1
Norfolk County Asylum v Royal Naval Asylum,168,18950815,match information,Tony Webb minor counties collection,1
St Mark's Second XI v Caley's Second XI,168,18950817,match information,Tony Webb minor counties collection,1
Holkham v Hunstanton Visitors,168,18950814,match information,Tony Webb minor counties collection,1
H S Reeve's Reepham XI v Haverland,168,18950815,match information,Tony Webb minor counties collection,1
Norfolk County Club match list,169,18950822,team information,Tony Webb minor counties collection,1
Norfolk inter-club fixtures,169,18950829,fixture information,Tony Webb minor counties collection,1
Norfolk,169,18950829,newspaper cuttings,Tony Webb minor counties collection,1
Norfolk v Cambridgeshire,169,18950828,match information,Tony Webb minor counties collection,1
King's XI v New City,169,18950824,match information,Tony Webb minor counties collection,1
St Paul's v Thorpe Village,169,18950824,match information,Tony Webb minor counties collection,1
United v Norman & Beard's,169,18950824,match information,Tony Webb minor counties collection,1
Catfield v Waxham Visitors,169,18950824,match information,Tony Webb minor counties collection,1
Knox's XI v P Jickling's XI,169,18950824,match information,Tony Webb minor counties collection,1
Mulbarton v Hethersett,169,18950824,match information,Tony Webb minor counties collection,1
North Elmham v Hall,169,18950824,match information,Tony Webb minor counties collection,1
Chief Fixtures for To-Day,169,18950829,fixture information,Tony Webb minor counties collection,1
Gunton v S Hoare's XI,170,18950828,match information,Tony Webb minor counties collection,1
Local Fixtures,171,18950902,fixture information,Tony Webb minor counties collection,1
Norfolk v Cambridgeshire,171,18950829,match information,Tony Webb minor counties collection,1
Norfolk,171,18950000,newspaper cuttings,Tony Webb minor counties collection,2
Good Bowling Performances,171,18950000,newspaper cuttings,Tony Webb minor counties collection,1
Biarritz,171,18950000,newspaper cuttings,Tony Webb minor counties collection,1
Dr Thomson's XI v H Cozens-Hardy's XI,171,18950831,match information,Tony Webb minor counties collection,1
Carrow Second XI v New City,172,18950831,match information,Tony Webb minor counties collection,1
Silver Road v St Paul's,172,18950831,match information,Tony Webb minor counties collection,1
St Philip's v St Philip's Institute,172,18950831,match information,Tony Webb minor counties collection,1
Thorpe Village v Coltishall,172,18950829,match information,Tony Webb minor counties collection,1
Bylaugh v Yaxham,172,18950831,match information,Tony Webb minor counties collection,1
Catfield v Oulton And Blickling Park,172,18950829,match information,Tony Webb minor counties collection,1
Cathedral Choir v Rosary Road,172,18950829,match information,Tony Webb minor counties collection,1
Harleston v Norwich Union,172,18950829,match information,Tony Webb minor counties collection,1
Ladies v Gentlemen,172,18950829,match information,Tony Webb minor counties collection,1
Westwick v Cameron-Wellington,172,18950829,match information,Tony Webb minor counties collection,1
Chief Remaining Fixtures of the Season,172,18950900,fixture information,Tony Webb minor counties collection,1
Temperance v St Michael's,173,18950727,match information,Tony Webb minor counties collection,1
Colts v Clarence,173,18950727,match information,Tony Webb minor counties collection,1
Star v St Michael's,173,18950727,match information,Tony Webb minor counties collection,1
Excelsior v Enterprise,173,18950727,match information,Tony Webb minor counties collection,1
Teachers v Doddridge,173,18950727,match information,Tony Webb minor counties collection,1
Regent-Square v Victoria-Road,173,18950727,match information,Tony Webb minor counties collection,1
Excelsior Albions v Pioneer,173,18950727,match information,Tony Webb minor counties collection,1
Long Buckby v Northampton County Club And Ground,173,18950727,match information,Tony Webb minor counties collection,1
Kislingbury v West End Rovers,173,18950727,match information,Tony Webb minor counties collection,1
Northampton Licensed Trades v Weedon Garrison,173,18950727,match information,Tony Webb minor counties collection,1
Dallington v Star Reserve,173,18950727,match information,Tony Webb minor counties collection,1
Woodford v Grafton Underwood,173,18950729,match information,Tony Webb minor counties collection,1
Northampton Town League,173,18950727,league information,Tony Webb minor counties collection,1
Northampton Cricket League match list,173,18950727,team information,Tony Webb minor counties collection,1
Bedfordshire v MCC And Ground,174,18950807,match information,Tony Webb minor counties collection,1
Wellingborough Masters player statistics,174,18950800,statistics,Tony Webb minor counties collection,1
Wellingborough Grammar School player statistics,174,18950800,statistics,Tony Webb minor counties collection,1
Badminton v Depot Club,174,18950805,match information,Tony Webb minor counties collection,1
Northampton Cricket League,174,18950803,fixture information,Tony Webb minor counties collection,1
Excelsior v Star,175,18950803,match information,Tony Webb minor counties collection,1
Clarence v Colts,175,18950803,match information,Tony Webb minor counties collection,1
Trade v Regent-Square,175,18950803,match information,Tony Webb minor counties collection,1
Excelsior Albions v Artisan Star,175,18950803,match information,Tony Webb minor counties collection,1
Primitives v St Katherine's,175,18950803,match information,Tony Webb minor counties collection,1
YMCA v St Sepulchre's BC,175,18950803,match information,Tony Webb minor counties collection,1
Co-Op v First Wesleyans,175,18950803,match information,Tony Webb minor counties collection,1
Catholic Alma v St Giles,175,18950803,match information,Tony Webb minor counties collection,1
Bedfordshire v Hertfordshire,175,18950806,match information,Tony Webb minor counties collection,1
Northamptonshire Club And Ground v Excelsior,175,18950805,match information,Tony Webb minor counties collection,1
Wellingborough Grammar School Past v Present,175,18950802,match information,Tony Webb minor counties collection,1
Wellingborough Grammar School Past Second XI v Present Second XI,175,18950802,match information,Tony Webb minor counties collection,1
St Paul's v Pioneer Second XI,175,18950803,match information,Tony Webb minor counties collection,1
Moulton v Overstone Park,175,18950803,match information,Tony Webb minor counties collection,1
Pioneer v Church And Co,175,18950803,match information,Tony Webb minor counties collection,1
Victoria-Road v Excelsior Albions,176,18950810,match information,Tony Webb minor counties collection,1
Princess-Street v Doddridge,176,18950810,match information,Tony Webb minor counties collection,1
Moss Rose v Pioneer,176,18950810,match information,Tony Webb minor counties collection,1
St Lawrence's v YMCA,176,18950810,match information,Tony Webb minor counties collection,1
Blue Shield v Gold-Street Wesleyans,176,18950810,match information,Tony Webb minor counties collection,1
St Sepulchre's Bible Class v St Sepulchre's Institute,176,18950810,match information,Tony Webb minor counties collection,1
Bedfordshire v Oxfordshire,176,18950810,match information,Tony Webb minor counties collection,1
MCC And Ground v Buckinghamshire,176,18950810,match information,Tony Webb minor counties collection,1
St James' Excelsior v St James' Hall,176,18950815,match information,Tony Webb minor counties collection,1
St Paul's v Princess-Street XI CB,176,18950810,match information,Tony Webb minor counties collection,1
St Paul's v Wellingborough All Saints' Juniors,176,18950807,match information,Tony Webb minor counties collection,1
Wellingborough All Saints v Kettering Working Men's Club,176,18950810,match information,Tony Webb minor counties collection,1
Guilsborough v Cold Ashby XI,176,18950810,match information,Tony Webb minor counties collection,1
Enterprise v Excelsior,177,18950824,match information,Tony Webb minor counties collection,1
St Andrew's v Star,177,18950824,match information,Tony Webb minor counties collection,1
Princes-Street v Moss Rose,177,18950824,match information,Tony Webb minor counties collection,1
Doddridge v Excelsior Albions,177,18950824,match information,Tony Webb minor counties collection,1
St Giles v Wesleyan Star,177,18950824,match information,Tony Webb minor counties collection,1
Blue Shield v YMCA,177,18950824,match information,Tony Webb minor counties collection,1
St Lawrence's v Manfield's,177,18950824,match information,Tony Webb minor counties collection,1
Wootton v St Mary's,177,18950824,match information,Tony Webb minor counties collection,1
Kettering Wanderers v Kettering Wesleyans,177,18950824,match information,Tony Webb minor counties collection,1
Kettering Church Institute Second XI v Kettering Working Men's Club Second XI,177,18950824,match information,Tony Webb minor counties collection,1
Kettering Fuller v Brigstock,177,18950824,match information,Tony Webb minor counties collection,1
Kettering Church Institute v Kettering Working Men's Club,177,18950824,match information,Tony Webb minor counties collection,1
Princess-Street Excelsior Reserves v Queen's-Road,177,18950824,match information,Tony Webb minor counties collection,1
Empire Star v Lifeboat,177,18950824,match information,Tony Webb minor counties collection,1
Victoria-Road v Cogenhoe,177,18950824,match information,Tony Webb minor counties collection,1
Henley v Grafton Arms,177,18950824,match information,Tony Webb minor counties collection,1
Queen's Arms Raglan-Street v Lord Raglan,177,18950824,match information,Tony Webb minor counties collection,1
Hardingstone v Borough Employes,177,18950824,match information,Tony Webb minor counties collection,1
St Sepulchre's Bible Class v Princess-Street XLCR,177,18950824,match information,Tony Webb minor counties collection,1
Alcombe Rovers v Uppingham Rovers,177,18950824,match information,Tony Webb minor counties collection,1
St Sepulchre's Choir v Kingsley Park Wesleyans,177,18950824,match information,Tony Webb minor counties collection,1
Wellingborough Congregational v Northampton College-Street,177,18950824,match information,Tony Webb minor counties collection,1
St Paul's v Catholic Alma,177,18950824,match information,Tony Webb minor counties collection,1
Teachers v Wollaston,177,18950824,match information,Tony Webb minor counties collection,1
Post Office v YMCA,177,18950822,match information,Tony Webb minor counties collection,1
Brittania Rovers v Lily Of The Valley,177,18950824,match information,Tony Webb minor counties collection,1
Northumberland County,178,18950826,organisation information,Tony Webb minor counties collection,1
Forest Amateurs v Beeston,179,18950518,match information,Tony Webb minor counties collection,1
Grantham v Newark,179,18950518,match information,Tony Webb minor counties collection,1
Manlove Alliott And Co Reserve v Basford United,179,18950518,match information,Tony Webb minor counties collection,1
Old Basford Primitives v Old Basford Baptist,179,18950518,match information,Tony Webb minor counties collection,1
Forest Wanderers v Kimberley,179,18950518,match information,Tony Webb minor counties collection,1
Forest Amateurs v Loughborough,179,18950518,match information,Tony Webb minor counties collection,1
Derby Midland v Barnsley,179,18950518,match information,Tony Webb minor counties collection,1
Wallingford Brewery v Wallingford Working Men's Club,180,18950622,match information,Tony Webb minor counties collection,1
Berks Asylum v Wallingford Athletic Club,180,18950622,match information,Tony Webb minor counties collection,1
Watlington v Aston Rowant,180,18950622,match information,Tony Webb minor counties collection,1
Early Closers v Cholsey,180,18950626,match information,Tony Webb minor counties collection,1
Oddington v Wendlebury,180,18950624,match information,Tony Webb minor counties collection,2
Cherwell Valley v Holywell,180,18950622,match information,Tony Webb minor counties collection,1
Victoria v Central Conservative,180,18950622,match information,Tony Webb minor counties collection,2
Witney Holy Trinity v Aston,180,18950622,match information,Tony Webb minor counties collection,2
Lord Williams' Grammar School v Thame Printers,180,18950622,match information,Tony Webb minor counties collection,2
Oxford,181,18950600,newspaper cuttings,Tony Webb minor counties collection,1
Witney v Exeter College,181,18950626,match information,Tony Webb minor counties collection,2
Witney v Faringdon,181,18950622,match information,Tony Webb minor counties collection,2
Burford v Northleach,181,18950620,match information,Tony Webb minor counties collection,2
Blenheim Park v Headington United,181,18950622,match information,Tony Webb minor counties collection,2
Local Fixtures,181,18950629,fixture information,Tony Webb minor counties collection,2
Oxford City,182,18950708,team information,Tony Webb minor counties collection,1
Oxford University v Sussex,182,18950627,match information,Tony Webb minor counties collection,1
Oxfordshire v Worcestershire,182,18950624,match information,Tony Webb minor counties collection,1
Jesus College v C H Hull's XI,182,18950622,match information,Tony Webb minor counties collection,1
Cowley Barracks v C H Hull's XI,182,18950622,match information,Tony Webb minor counties collection,1
Bosworth-Smith's XI v Thame,182,18950622,match information,Tony Webb minor counties collection,1
Watlington XI v Aston Rowant,182,18950622,match information,Tony Webb minor counties collection,1
Central Conservative Club v Victoria,182,18950622,match information,Tony Webb minor counties collection,1
Oxford City v New College,182,18950627,match information,Tony Webb minor counties collection,1
St Kenelm's v St Peter-Le-Bailey,182,18950622,match information,Tony Webb minor counties collection,1
Oxford Temperance v Summertown,182,18950622,match information,Tony Webb minor counties collection,1
YMCA Juniors v St Thomas Second XI,182,18950622,match information,Tony Webb minor counties collection,1
Local Fixtures,182,18950629,fixture information,Tony Webb minor counties collection,2
Cherwell Valley v Holywell AC,183,18950622,match information,Tony Webb minor counties collection,1
Victoria v Central Conservative,183,18950622,match information,Tony Webb minor counties collection,2
Witney Holy Trinity v Aston,183,18950622,match information,Tony Webb minor counties collection,2
Witney v Exeter College,183,18950626,match information,Tony Webb minor counties collection,2
Abingdon Second XI v Abingdon Clothing Factory,183,18950622,match information,Tony Webb minor counties collection,1
Witney v Faringdon,183,18950622,match information,Tony Webb minor counties collection,2
Lord Williams' Grammar School v Thame Printers,183,18950622,match information,Tony Webb minor counties collection,2
Abingdon School v Reading School,183,18950622,match information,Tony Webb minor counties collection,1
Burford v Northleach,183,18950620,match information,Tony Webb minor counties collection,2
Blenheim Park v Headington United,183,18950622,match information,Tony Webb minor counties collection,2
Oddington v Wendlebury,183,18950624,match information,Tony Webb minor counties collection,2
Thame v Chesham,184,18950713,match information,Tony Webb minor counties collection,2
College Servants v Witney,184,18950713,match information,Tony Webb minor counties collection,1
St Paul's v Summertown,184,18950713,match information,Tony Webb minor counties collection,2
Maidenhead v Oxford,184,18950716,match information,Tony Webb minor counties collection,1
Goring v Berks County Asylum,184,18950713,match information,Tony Webb minor counties collection,1
Thame Second XI v Oxford High School,184,18950710,match information,Tony Webb minor counties collection,1
Wallingford Athletic Club v Ipsden,184,18950713,match information,Tony Webb minor counties collection,1
Wallingford Athletic Club v Dorchester,184,18950717,match information,Tony Webb minor counties collection,1
Thame Park Street Wanderers v Long Crendon,184,18950713,match information,Tony Webb minor counties collection,1
Thame v Chesham,185,18950713,match information,Tony Webb minor counties collection,2
Clarendon Press v St Barnabas,185,18950713,match information,Tony Webb minor counties collection,1
Star v Corporation,185,18950713,match information,Tony Webb minor counties collection,1
City v DAC,185,18950713,match information,Tony Webb minor counties collection,1
St Paul's v Summertown,185,18950713,match information,Tony Webb minor counties collection,2
DAC v City Second XI,185,18950719,match information,Tony Webb minor counties collection,1
Littlemore Asylum v Cowley,185,18950713,match information,Tony Webb minor counties collection,1
Witney,185,18950713,match information,Tony Webb minor counties collection,1
Local Fixtures,185,18950720,fixture information,Tony Webb minor counties collection,1
Oxford,186,18950800,newspaper cuttings,Tony Webb minor counties collection,1
Star v East Oxford Conservative,186,18950815,match information,Tony Webb minor counties collection,1
Burford v Oriel And Corpus College Servants,186,18950814,match information,Tony Webb minor counties collection,1
Maurice Langham's XI v Wantage Gentlemen,186,18950816,match information,Tony Webb minor counties collection,1
Oxford,186,18950817,fixture information,Tony Webb minor counties collection,1
Star Reserves v Iffley,187,18950810,match information,Tony Webb minor counties collection,1
Oxford Corporation v Cheltenham Corporation,187,18950810,match information,Tony Webb minor counties collection,1
Star v Victoria,187,18950810,match information,Tony Webb minor counties collection,1
Witney v Cowley,187,18950810,match information,Tony Webb minor counties collection,1
Combe Unity v Old Woodstock,187,18950812,match information,Tony Webb minor counties collection,1
Burford Second XI v Shipton And District,187,18950807,match information,Tony Webb minor counties collection,1
St Barnabas v Draconians,187,18950810,match information,Tony Webb minor counties collection,1
Miss Berridge's XI v JR Berridge's XI,187,18950810,match information,Tony Webb minor counties collection,1
St Thomas' v Holy Trinity,187,18950810,match information,Tony Webb minor counties collection,1
Oxford City v Victoria,188,18950817,match information,Tony Webb minor counties collection,1
Cowley v Thame,188,18950817,match information,Tony Webb minor counties collection,2
Corporation v Clarendon Press,188,18950817,match information,Tony Webb minor counties collection,3
St Paul's v EOCC,188,18950817,match information,Tony Webb minor counties collection,3
Wheatley v Oxford Times,189,18950817,match information,Tony Webb minor counties collection,3
Reading v Abingdon,189,18950817,match information,Tony Webb minor counties collection,3
Cowley Second XI v United College Servants Second XI,189,18950809,match information,Tony Webb minor counties collection,2
Local Fixtures,189,18950800,fixture information,Tony Webb minor counties collection,1
City v Victoria,190,18950822,match information,Tony Webb minor counties collection,1
Cowley v Thame,190,18950822,match information,Tony Webb minor counties collection,1
Oxfordshire v MCC,190,18950819,match information,Tony Webb minor counties collection,1
Corporation v Clarendon Press,190,18950817,match information,Tony Webb minor counties collection,3
Cowley Second XI v College Servants Second XI,190,18950817,match information,Tony Webb minor counties collection,1
St Paul's v EOCC,190,18950817,match information,Tony Webb minor counties collection,3
DAC v Headington Quarry,190,18950817,match information,Tony Webb minor counties collection,2
Oxford Times v Wheatley,190,18950817,match information,Tony Webb minor counties collection,3
Oxford,190,18950823,newspaper cuttings,Tony Webb minor counties collection,1
Oxford,191,18950824,newspaper cuttings,Tony Webb minor counties collection,1
Oxford,191,18950824,fixture information,Tony Webb minor counties collection,1
OCCC Second XI v Balliol College Servants,191,18950816,match information,Tony Webb minor counties collection,1
DAC v Headington Quarry,191,18950817,match information,Tony Webb minor counties collection,2
OCCC v Victoria,192,18950817,match information,Tony Webb minor counties collection,1
Cowley v Thame,192,18950817,match information,Tony Webb minor counties collection,2
Corporation v Clarendon Press,192,18950817,match information,Tony Webb minor counties collection,3
St Paul's v EOCC,192,18950817,match information,Tony Webb minor counties collection,3
Cowley Second XI v United College Servants Second XI,192,18950809,match information,Tony Webb minor counties collection,2
Wheatley v Oxford Times,192,18950817,match information,Tony Webb minor counties collection,3
East Oxford Conservative v St Paul's,192,18950815,match information,Tony Webb minor counties collection,1
G Holloway's XI v DAC,192,18950815,match information,Tony Webb minor counties collection,1
Reading v Abingdon,192,18950817,match information,Tony Webb minor counties collection,3
Oxfordshire v Norfolk,193,18950826,match information,Tony Webb minor counties collection,1
Oxford City v Jersey's XI,193,18950823,match information,Tony Webb minor counties collection,1
Oxford City v Tubb's XI,193,18950824,match information,Tony Webb minor counties collection,1
DAC v St Paul's,193,18950824,match information,Tony Webb minor counties collection,2
St Barnabas v Abingdon,193,18950824,match information,Tony Webb minor counties collection,2
Oxford Times v Oxford Chronicle,193,18950824,match information,Tony Webb minor counties collection,2
Corporation v Star,193,18950824,match information,Tony Webb minor counties collection,1
Oxford,193,18950829,newspaper cuttings,Tony Webb minor counties collection,1
Oxford Local Fixtures,193,18950831,fixture information,Tony Webb minor counties collection,1
Eynsham Hall v Newland Cygnets,193,18950824,match information,Tony Webb minor counties collection,1
Oxford City v Lord Jersey's XI,194,18950821,match information,Tony Webb minor counties collection,1
Oxford City v Bicester,194,18950824,match information,Tony Webb minor counties collection,1
St Barnabas v Abingdon,194,18950824,match information,Tony Webb minor counties collection,2
Clarendon v YMCA,194,18950824,match information,Tony Webb minor counties collection,1
Oxford Times v Oxford Chronicle,194,18950824,match information,Tony Webb minor counties collection,2
DAC v St Paul's,194,18950824,match information,Tony Webb minor counties collection,2
Didcot GWR v Sutton Courtney,194,18950824,match information,Tony Webb minor counties collection,1
Kingston Bagpuize v Buckland,194,18950823,match information,Tony Webb minor counties collection,1
Abingdon v Witney,194,18950824,match information,Tony Webb minor counties collection,1
Holy Trinity v St Peter-Le-Bailey,194,18950824,match information,Tony Webb minor counties collection,1
Broadmoor Asylum v Moulsford Asylum,194,18950824,match information,Tony Webb minor counties collection,1
Woodleys v Harkaway,194,18950824,match information,Tony Webb minor counties collection,1
Littlemore Asylum v Headington Quarry,194,18950824,match information,Tony Webb minor counties collection,1
Clarendon v Star,194,18950824,match information,Tony Webb minor counties collection,1
Old Woodstock v Axtell's,194,18950824,match information,Tony Webb minor counties collection,1
OCCC v MCC,195,18950906,match information,Tony Webb minor counties collection,1
Oxford City v Cowley,196,18950902,match information,Tony Webb minor counties collection,1
City v Cowley,197,18950902,match information,Tony Webb minor counties collection,1
St Paul's v Star Second XI,197,18950831,match information,Tony Webb minor counties collection,1
Corporation v Cowley Second XI,197,18950831,match information,Tony Webb minor counties collection,1
City v MCC,197,18950906,match information,Tony Webb minor counties collection,1
Star v St Barnabas,197,18950831,match information,Tony Webb minor counties collection,1
Cowley St John v DAC,197,18950905,match information,Tony Webb minor counties collection,1
DAC v City Second XI,197,18950903,match information,Tony Webb minor counties collection,1
DAC match list,197,18950900,team information,Tony Webb minor counties collection,1
Cowley Second XI v St Paul's,198,18950913,match information,Tony Webb minor counties collection,1
DAC v Cowley,198,18950909,match information,Tony Webb minor counties collection,2
DAC v College Servants,198,18950910,match information,Tony Webb minor counties collection,2
DAC v Star,198,18950911,match information,Tony Webb minor counties collection,1
Star v Clarendon Press,198,18950907,match information,Tony Webb minor counties collection,2
Clarendon Press Second XI v Draconians Second XI,198,18950907,match information,Tony Webb minor counties collection,1
Star v Victoria,198,18950905,match information,Tony Webb minor counties collection,2
Abingdon player statistics,199,18950900,statistics,Tony Webb minor counties collection,2
Thame player statistics,199,18950900,statistics,Tony Webb minor counties collection,1
County Cup,199,18950909,league information,Tony Webb minor counties collection,1
Star v Victoria,199,18950905,match information,Tony Webb minor counties collection,2
Star v Clarendon Press,199,18950907,match information,Tony Webb minor counties collection,2
Cowley v St Paul's,199,18950907,match information,Tony Webb minor counties collection,1
DAC v Cowley,199,18950909,match information,Tony Webb minor counties collection,2
DAC v College Servants,199,18950910,match information,Tony Webb minor counties collection,2
DAC v Star,199,18950913,match information,Tony Webb minor counties collection,1
Local Fixtures,199,18950914,fixture information,Tony Webb minor counties collection,1
Thame player statistics,200,18950000,statistics,Tony Webb minor counties collection,1
Montgomery v Aberystwyth,201,18950727,match information,Tony Webb minor counties collection,1
Wem v Shavington,201,18950724,match information,Tony Webb minor counties collection,1
Ellesmere Town v Overton,201,18950000,match information,Tony Webb minor counties collection,1
Wrexham v St James's,201,18950726,match information,Tony Webb minor counties collection,1
Whittington v Tedsmore,201,18950727,match information,Tony Webb minor counties collection,1
St James's v Hanmer,201,18950727,match information,Tony Webb minor counties collection,1
Oakhurst v Gobowen,201,18950727,match information,Tony Webb minor counties collection,1
Newtown Football Team v Newtown CC And RWW,201,18950726,match information,Tony Webb minor counties collection,1
Montgomery v Churchstoke Juniors,201,18950727,match information,Tony Webb minor counties collection,1
Montgomery v Pontesbury,201,18950724,match information,Tony Webb minor counties collection,1
Wrexham v Gwersyllt,201,18950727,match information,Tony Webb minor counties collection,1
Chester and District League,201,18950000,league information,Tony Webb minor counties collection,2
Cricket Fixtures,201,18950000,fixture information,Tony Webb minor counties collection,1
Oakhurst v Wynnstay,202,18950803,match information,Tony Webb minor counties collection,1
Shropshire v Shrewsbury School,202,18950729,match information,Tony Webb minor counties collection,1
Oswestry v Guilsfield,202,18950803,match information,Tony Webb minor counties collection,1
Oswestry v Birkenhead Victoria,202,18950805,match information,Tony Webb minor counties collection,1
Chester and District League,202,18950000,league information,Tony Webb minor counties collection,2
Cricket Fixtures,202,18950800,fixture information,Tony Webb minor counties collection,2
Welshpool v Guilsfield,203,18950810,match information,Tony Webb minor counties collection,1
Montgomery v Meole Brace,203,18950805,match information,Tony Webb minor counties collection,1
J Thomas's XI v T J Rider's XI,203,18950806,match information,Tony Webb minor counties collection,1
Oswestry A v St James's Wrexham,203,18950810,match information,Tony Webb minor counties collection,1
Wilkinson's XI v Chirbury,203,18950810,match information,Tony Webb minor counties collection,1
Oakhurst v Llanymynech,203,18950810,match information,Tony Webb minor counties collection,1
Wrexham v Llandudno,203,18950807,match information,Tony Webb minor counties collection,1
Wrexham v Bangor,203,18950808,match information,Tony Webb minor counties collection,1
Wrexham v Brynnyeuadd,203,18950809,match information,Tony Webb minor counties collection,1
Oswestry And District v Old Carthusians,203,18950809,match information,Tony Webb minor counties collection,1
Chester and District League,203,18950800,league information,Tony Webb minor counties collection,1
Rhosddu St James's match list,203,18950800,team information,Tony Webb minor counties collection,1
Oswestry match list,203,18950800,team information,Tony Webb minor counties collection,1
Oswestry Second XI match list,203,18950800,team information,Tony Webb minor counties collection,1
L Wrexham match list,203,18950800,team information,Tony Webb minor counties collection,1
Wem match list,203,18950800,team information,Tony Webb minor counties collection,1
Shropshire match list,203,18950800,team information,Tony Webb minor counties collection,1
Ruabon match list,203,18950800,team information,Tony Webb minor counties collection,1
Guilsfield match list,203,18950800,team information,Tony Webb minor counties collection,1
North Staffordshire and District League,204,18950601,league information,Tony Webb minor counties collection,1
North Staffordshire and District League,204,18950601,newspaper cuttings,Tony Webb minor counties collection,1
Leek v Crewe,204,18950601,match information,Tony Webb minor counties collection,2
Norton v Fenton,204,18950601,match information,Tony Webb minor counties collection,2
Porthill v Tunstall,204,18950601,match information,Tony Webb minor counties collection,1
Nantwich v Silverdale,204,18950601,match information,Tony Webb minor counties collection,1
Nantwich Second XI v Silverdale Second XI,204,18950601,match information,Tony Webb minor counties collection,1
Burslem v County Club,204,18950601,match information,Tony Webb minor counties collection,1
Burslem v Silverdale,204,18950527,match information,Tony Webb minor counties collection,1
Wesleyan v Smallthorne,204,18950601,match information,Tony Webb minor counties collection,1
Silverdale v Nantwich,204,18950601,match information,Tony Webb minor counties collection,1
Lawton Park,205,18950600,team information,Tony Webb minor counties collection,1
Porthill Park v Tunstall,205,18950601,match information,Tony Webb minor counties collection,1
Porthill Park,205,18950600,team information,Tony Webb minor counties collection,1
Fenton v Norton,205,18950601,match information,Tony Webb minor counties collection,2
Fenton v W E Bowers' XI,205,18950605,match information,Tony Webb minor counties collection,1
Mount Pleasant v Tabernacle Mission,205,18950601,match information,Tony Webb minor counties collection,1
Mount Pleasant Second XI v YMCA,205,18950601,match information,Tony Webb minor counties collection,1
Mount Pleasant v Hanley Tabernacle,205,18950527,match information,Tony Webb minor counties collection,1
Leek,205,18950600,newspaper cuttings,Tony Webb minor counties collection,1
Leek v Crewe,205,18950601,match information,Tony Webb minor counties collection,2
Leek v Notts,205,18950603,match information,Tony Webb minor counties collection,1
Leek Highfield v Rocester,205,18950601,match information,Tony Webb minor counties collection,1
Leek Highfield v Crewe,205,18950603,match information,Tony Webb minor counties collection,1
Leek Highfield Second v Oakamoor Second,206,18950601,match information,Tony Webb minor counties collection,1
Leek Church v Bignall End,206,18950603,match information,Tony Webb minor counties collection,1
Clough Hall,206,18950600,team information,Tony Webb minor counties collection,1
Hanley YMCA v Stoke Post Office,206,18950530,match information,Tony Webb minor counties collection,1
Hanley YMCA v Mount Pleasant,206,18950601,match information,Tony Webb minor counties collection,1
Crewe,206,18950600,team information,Tony Webb minor counties collection,1
Alexandra A v Athletic,206,18950601,match information,Tony Webb minor counties collection,1
High Town Wesleyans v Primitives,206,18950601,match information,Tony Webb minor counties collection,1
Hightown A v Birley A,206,18950601,match information,Tony Webb minor counties collection,1
Congregational v Salt Union,206,18950601,match information,Tony Webb minor counties collection,1
Bignall End v Wesleyan Adult Class,206,18950601,match information,Tony Webb minor counties collection,1
Bignall End v Leek Church,206,18950527,match information,Tony Webb minor counties collection,1
Bignall End v Congleton Forge Mills,206,18950605,match information,Tony Webb minor counties collection,1
Macclesfield v Sandbach,206,18950601,match information,Tony Webb minor counties collection,1
Central Conservative Club v Lindow,207,18950601,match information,Tony Webb minor counties collection,1
Staffordshire Sentinel,207,18950608,newspaper cuttings,Tony Webb minor counties collection,1
Caverswall v Cheddleton,207,18950601,match information,Tony Webb minor counties collection,1
Caverswall v Porthill,207,18950603,match information,Tony Webb minor counties collection,1
Caverswall v Denstone,207,18950604,match information,Tony Webb minor counties collection,1
Caverswall v Fenton,207,18950605,match information,Tony Webb minor counties collection,1
SMJ Woods,207,18950607,biography,Tony Webb minor counties collection,1
North Staffordshire Cricket League Second Division,207,18950600,league information,Tony Webb minor counties collection,1
Clough Hall v Great Chell,207,18950601,match information,Tony Webb minor counties collection,1
Nantwich Second v Silverdale Second,207,18950601,match information,Tony Webb minor counties collection,1
Fenton Second v Barlaston,207,18950601,match information,Tony Webb minor counties collection,1
Hanford v Middleport,207,18950601,match information,Tony Webb minor counties collection,1
Stafford v Wolverhampton School,208,18950612,match information,Tony Webb minor counties collection,1
Stafford Grammar School v Coton Hill,208,18950608,match information,Tony Webb minor counties collection,1
Stafford Christ Church v Railway United,208,18950608,match information,Tony Webb minor counties collection,1
Leighton Ironworks v Chartley,208,18950608,match information,Tony Webb minor counties collection,1
Shugborough Park v Abbots Bromley,208,18950608,match information,Tony Webb minor counties collection,1
Staffordshire v Surrey Second XI,209,18950610,match information,Tony Webb minor counties collection,1
Macclesfield v Bollington,209,18950608,match information,Tony Webb minor counties collection,1
Macclesfield Second XI v Bollington,209,18950608,match information,Tony Webb minor counties collection,1
Macclesfield Second XI v Buxton College,209,18950612,match information,Tony Webb minor counties collection,1
Basford v High School,209,18950608,match information,Tony Webb minor counties collection,1
Dresden v Sandyford,209,18950608,match information,Tony Webb minor counties collection,1
Dresden Second XI v Caverswall Amateurs,209,18950608,match information,Tony Webb minor counties collection,1
Audley v Chell,209,18950608,match information,Tony Webb minor counties collection,1
Keele v Hanford,209,18950608,match information,Tony Webb minor counties collection,1
Nantwich Second v Tunstall Second,209,18950608,match information,Tony Webb minor counties collection,1
Silverdale Second v Bignall End,209,18950608,match information,Tony Webb minor counties collection,1
Silverdale Primitives v Bucknall Church,209,18950608,match information,Tony Webb minor counties collection,1
Lawton Park v Middleport,209,18950608,match information,Tony Webb minor counties collection,1
Hanford v Keele,209,18950608,match information,Tony Webb minor counties collection,1
Fenton Second v Knypersley,209,18950608,match information,Tony Webb minor counties collection,1
Burslem Boys' Cricket League,209,18950600,league information,Tony Webb minor counties collection,1
Alexandra v Silverdale,210,18950608,match information,Tony Webb minor counties collection,1
Alexandra Second XI v Post Office,210,18950608,match information,Tony Webb minor counties collection,1
Congregational v Wrinehill,210,18950608,match information,Tony Webb minor counties collection,1
Athletic v Leek Second XI,210,18950608,match information,Tony Webb minor counties collection,1
Free Church v Bignall End Second XI,210,18950608,match information,Tony Webb minor counties collection,1
Hightown Wesleyans v Loco Stores,210,18950608,match information,Tony Webb minor counties collection,1
Alexandra,210,18950608,team information,Tony Webb minor counties collection,1
Tunstall v Nantwich,210,18950608,match information,Tony Webb minor counties collection,3
Porthill v Fenton,210,18950608,match information,Tony Webb minor counties collection,2
Porthill Park,210,18950608,team information,Tony Webb minor counties collection,1
Porthill Park team aggregates,210,18950608,statistics,Tony Webb minor counties collection,1
Fenton,210,18950608,newspaper cuttings,Tony Webb minor counties collection,1
Mount Pleasant v Silverdale St Luke's,210,18950608,match information,Tony Webb minor counties collection,1
Clough Hall v Stone,211,18950608,match information,Tony Webb minor counties collection,1
Clough Hall v Crewe Post-Office,211,18950613,match information,Tony Webb minor counties collection,1
Club And Ground v Leek,211,18950608,match information,Tony Webb minor counties collection,1
Nantwich v Tunstall,211,18950608,match information,Tony Webb minor counties collection,3
Nantwich Second XI v Tunstall Second XI,211,18950608,match information,Tony Webb minor counties collection,1
Reaseheath v Audley,211,18950612,match information,Tony Webb minor counties collection,1
Reaseheath v Audlem,211,18950608,match information,Tony Webb minor counties collection,1
Nantwich v Chelford,211,18950612,match information,Tony Webb minor counties collection,1
Leek v Stoke,211,18950608,match information,Tony Webb minor counties collection,1
Leek Second XI v Crewe Athletic,211,18950608,match information,Tony Webb minor counties collection,1
Leek Highfield v Derby Constitutional,211,18950608,match information,Tony Webb minor counties collection,1
Leek Highfield Second XI v Oak Grove,211,18950608,match information,Tony Webb minor counties collection,1
Leek Church v Bucknall Church,211,18950608,match information,Tony Webb minor counties collection,1
Burslem v Norton,211,18950608,match information,Tony Webb minor counties collection,2
Silverdale v Crewe,211,18950608,match information,Tony Webb minor counties collection,1
Silverdale player statistics,212,18950600,statistics,Tony Webb minor counties collection,1
Milton v Leek Church,212,18950608,match information,Tony Webb minor counties collection,1
Bignall End v Silverdale Second XI,212,18950608,match information,Tony Webb minor counties collection,1
Crewe v Bignall End Second XI,212,18950608,match information,Tony Webb minor counties collection,1
Bignall End v Audley,212,18950610,match information,Tony Webb minor counties collection,1
North Staffordshire and District League 1st Division,212,18950608,league information,Tony Webb minor counties collection,1
North Staffordshire and District League 2nd Division,212,18950608,league information,Tony Webb minor counties collection,1
County Club v Leek,212,18950608,match information,Tony Webb minor counties collection,1
Burslem v Norton,212,18950608,match information,Tony Webb minor counties collection,2
Porthill v Fenton,212,18950608,match information,Tony Webb minor counties collection,2
Tunstall v Nantwich,212,18950608,match information,Tony Webb minor counties collection,3
Staffordshire,213,18950729,newspaper cuttings,Tony Webb minor counties collection,1
North Staffordshire and District Cricket League,214,18950727,league information,Tony Webb minor counties collection,1
Leek v Buxton,214,18950727,match information,Tony Webb minor counties collection,1
Leek Reserve v Oakamoor,214,18950727,match information,Tony Webb minor counties collection,1
Leek Church v Audley,214,18950727,match information,Tony Webb minor counties collection,1
Keele v Whitmore Rangers,214,18950727,match information,Tony Webb minor counties collection,1
Bignall End v Chell,214,18950727,match information,Tony Webb minor counties collection,1
Clough Hall v Tunstall,214,18950727,match information,Tony Webb minor counties collection,1
Clough Hall v Tunstall,214,18950801,match information,Tony Webb minor counties collection,1
Market Drayton v Whitchurch,214,18950727,match information,Tony Webb minor counties collection,1
High Lane v St Paul's,214,18950727,match information,Tony Webb minor counties collection,1
Lawton Park v Middleport,214,18950727,match information,Tony Webb minor counties collection,1
Fenton Second XI v Crewe Second XI,214,18950727,match information,Tony Webb minor counties collection,1
Junior Cricket Gossip,214,18950727,newspaper cuttings,Tony Webb minor counties collection,1
Fenton v Crewe,215,18950727,match information,Tony Webb minor counties collection,1
Fenton,215,18950803,newspaper cuttings,Tony Webb minor counties collection,1
Caverswall v Silverdale,215,18950727,match information,Tony Webb minor counties collection,1
Alsager v Forge Mills,215,18950727,match information,Tony Webb minor counties collection,1
Knypersley v Brook Mills,215,18950727,match information,Tony Webb minor counties collection,1
Forge Mills,215,18950810,team information,Tony Webb minor counties collection,1
Keele v Whitmore,215,18950727,match information,Tony Webb minor counties collection,1
Norton v Silverdale,216,18950824,match information,Tony Webb minor counties collection,1
Leek v Fenton,216,18950824,match information,Tony Webb minor counties collection,1
Porthill v Nantwich,216,18950824,match information,Tony Webb minor counties collection,1
Fenton Second XI v Hanley YMCA,216,18950824,match information,Tony Webb minor counties collection,1
Tunstall v Crewe,216,18950824,match information,Tony Webb minor counties collection,1
Basford v Keele,217,18950824,match information,Tony Webb minor counties collection,1
Bollington v Fairfield,217,18950824,match information,Tony Webb minor counties collection,2
Nantwich v Bignall End,217,18950824,match information,Tony Webb minor counties collection,1
Trentham v Darlaston,217,18950824,match information,Tony Webb minor counties collection,1
Crewe Permanent Way v Whitchurch,217,18950824,match information,Tony Webb minor counties collection,1
Hanley Tabernacle v Silverdale Wesleyan,217,18950824,match information,Tony Webb minor counties collection,1
Newcastle v Whitmore,217,18950824,match information,Tony Webb minor counties collection,1
Clough Hall v Burslem,217,18950824,league information,Tony Webb minor counties collection,1
Audley v Leek Church,217,18950824,match information,Tony Webb minor counties collection,1
Bucknall Church v Tunstall Second XI,217,18950824,match information,Tony Webb minor counties collection,1
Middleport v Hanford,217,18950824,match information,Tony Webb minor counties collection,1
Uttoxeter v Stafford,218,18950824,match information,Tony Webb minor counties collection,1
Stafford v A L Checkland's Team,218,18950827,match information,Tony Webb minor counties collection,1
Stafford v Wilshaw's XI,218,18950828,match information,Tony Webb minor counties collection,1
Coton Hill v Stafford Post Office,218,18950824,match information,Tony Webb minor counties collection,1
Standon Rovers v Dorman's XI,218,18950824,match information,Tony Webb minor counties collection,1
Abbots Bromley v New Lodge,218,18950824,match information,Tony Webb minor counties collection,1
Chartley v Leighton Ironworks,218,18950824,match information,Tony Webb minor counties collection,1
North Staffordshire and District Cricket League,219,18950900,league information,Tony Webb minor counties collection,1
Fenton player statistics,219,18950900,statistics,Tony Webb minor counties collection,1
Fenton team aggregates,219,18950900,statistics,Tony Webb minor counties collection,1
Nantwich player statistics,219,18950900,statistics,Tony Webb minor counties collection,1
Nantwich team aggregates,219,18950900,statistics,Tony Webb minor counties collection,1
Congleton v Knypersley,219,18950914,match information,Tony Webb minor counties collection,1
Corsham v Trowbridge,220,18950608,match information,Tony Webb minor counties collection,1
Corsham Second XI v Avon Vale,220,18950608,match information,Tony Webb minor counties collection,1
Seend v Rowde,220,18950608,match information,Tony Webb minor counties collection,1
Leighton v Newton Blues,221,18950612,match information,Tony Webb minor counties collection,1
Heytesbury v St Boniface College,221,18950608,match information,Tony Webb minor counties collection,1
Wingfield v West Ashton,221,18950608,match information,Tony Webb minor counties collection,1
Wiltshire,222,18950706,newspaper cuttings,Tony Webb minor counties collection,1
Chippenham v Swindon GWR,222,18950629,match information,Tony Webb minor counties collection,1
Corsham v Trowbridge,222,18950629,match information,Tony Webb minor counties collection,1
Wiltshire Wanderers v Eton Ramblers,222,18950705,match information,Tony Webb minor counties collection,1
Leighton v Oxford University Authentics,222,18950702,match information,Tony Webb minor counties collection,1
Warminster v Frome,222,18950701,match information,Tony Webb minor counties collection,1
Monkton Farleigh v Yew Tree,222,18950629,match information,Tony Webb minor counties collection,1
Chippenham Second XI v Swindon GWR Third XI,222,18950629,match information,Tony Webb minor counties collection,1
Trowbridge St James v Conservative Club,222,18950629,match information,Tony Webb minor counties collection,1
Melksham v Bradford,222,18950629,match information,Tony Webb minor counties collection,1
Swindon St John's v Driffield,222,18950629,match information,Tony Webb minor counties collection,1
Swindon St Mark's v St Augustine's,222,18950629,match information,Tony Webb minor counties collection,1
Swindon v Cirencester Royal Agricultural College,222,18950629,match information,Tony Webb minor counties collection,1
Road v Farleigh,222,18950629,match information,Tony Webb minor counties collection,1
Shaw And Whitley v Shaw Hill House Employes,222,18950629,match information,Tony Webb minor counties collection,1
Lowden St Peter's v Shaw And Whitley,222,18950629,match information,Tony Webb minor counties collection,1
Rodwell Rovers v Melksham Second XI,222,18950629,match information,Tony Webb minor counties collection,1
Holt v Broughton Gifford,222,18950629,match information,Tony Webb minor counties collection,1
Bath Association v Frome,222,18950629,match information,Tony Webb minor counties collection,1
Bath Railway v Westwood,222,18950629,match information,Tony Webb minor counties collection,1
Trowbridge v Warminster,222,18950703,match information,Tony Webb minor counties collection,1
Cricket Fixtures,223,18950720,newspaper cuttings,Tony Webb minor counties collection,1
Wilts County Asylum v Westwood,223,18950720,match information,Tony Webb minor counties collection,1
Leighton v Lansdown,223,18950724,match information,Tony Webb minor counties collection,1
Brinkworth v Dauntsey,223,18950720,match information,Tony Webb minor counties collection,1
Trowbridge Conservatives v Holt,223,18950720,match information,Tony Webb minor counties collection,1
Seend v Upton Scudamore,223,18950722,match information,Tony Webb minor counties collection,1
Rodwell Rovers v West Ashton,223,18950720,match information,Tony Webb minor counties collection,1
Wiltshire,224,18950817,newspaper cuttings,Tony Webb minor counties collection,1
Leighton v Free Foresters,224,18950810,match information,Tony Webb minor counties collection,1
Chippenham v Swindon GWR,224,18950810,match information,Tony Webb minor counties collection,1
Bradford v Wingfield,224,18950810,match information,Tony Webb minor counties collection,1
Wingfield v Staverton Aston,224,18950810,match information,Tony Webb minor counties collection,1
Leighton v Gentlemen Of Ireland,224,18950813,match information,Tony Webb minor counties collection,1
Melksham v Holt,224,18950810,match information,Tony Webb minor counties collection,1
Melksham v B Awdry's Team,224,18950814,match information,Tony Webb minor counties collection,1
Trowbridge Conservatives v Trowbridge Second XI,224,18950814,match information,Tony Webb minor counties collection,1
Seend v Upton Scudamore,224,18950810,match information,Tony Webb minor counties collection,1
Westwood v Westbury Second XI,224,18950810,match information,Tony Webb minor counties collection,1
Rodbourne v Cirencester Phœnix,225,18950817,match information,Tony Webb minor counties collection,1
GWR v Bath Association,225,18950817,match information,Tony Webb minor counties collection,1
Purton v Charlton,225,18950817,match information,Tony Webb minor counties collection,1
West Swindon v Swindon Central,225,18950817,match information,Tony Webb minor counties collection,1
Purton Perseverance v Brinkworth,225,18950817,match information,Tony Webb minor counties collection,1
King Stanley YM v New Swindon Wesleyans,225,18950817,match information,Tony Webb minor counties collection,1
Cricket Fixtures,226,18950817,fixture information,Tony Webb minor counties collection,2
Leighton v Oxford Harlequins,226,18950819,match information,Tony Webb minor counties collection,2
Bath Association v Swindon GWR,226,18950817,match information,Tony Webb minor counties collection,1
Melksham v C S Awdry's XI,226,18950821,match information,Tony Webb minor counties collection,1
T Mitchell's XI v Warminster,226,18950817,match information,Tony Webb minor counties collection,1
Seend v Rood Ashton,226,18950817,match information,Tony Webb minor counties collection,1
Laverton's Leighton XI v Old Cliftonians,226,18950823,match information,Tony Webb minor counties collection,1
Tetbury v G Sainsbury's XI,226,18950817,match information,Tony Webb minor counties collection,1
Essex team aggregates,227,18950800,statistics,Tony Webb minor counties collection,1
F Mitchell's XI,227,18950824,tour information,Tony Webb minor counties collection,1
Lansdown v Ishmaelites,227,18950827,match information,Tony Webb minor counties collection,1
Notts team aggregates,227,18950800,statistics,Tony Webb minor counties collection,1
Derbyshire team aggregates,227,18950800,statistics,Tony Webb minor counties collection,1
Corsley v Dilton Marsh,227,18950824,match information,Tony Webb minor counties collection,1
CL Townsend,227,18950800,newspaper cuttings,Tony Webb minor counties collection,1
Notts v Kent,227,18950824,match information,Tony Webb minor counties collection,1
Somerset v Yorkshire,227,18950828,match information,Tony Webb minor counties collection,1
Lancashire v Middlesex,227,18950827,match information,Tony Webb minor counties collection,1
Yorkshire team aggregates,227,18950800,statistics,Tony Webb minor counties collection,1
Eldridge,227,18950800,newspaper cuttings,Tony Webb minor counties collection,1
First-class cricket,227,18950824,newspaper cuttings,Tony Webb minor counties collection,1
Tyler,227,18950829,newspaper cuttings,Tony Webb minor counties collection,1
GL Jessop,227,18950824,newspaper cuttings,Tony Webb minor counties collection,1
Wiltshire Cricket League,227,18950000,newspaper cuttings,Tony Webb minor counties collection,1
Swindon GWR v Oxford Cowley,227,18950824,match information,Tony Webb minor counties collection,1
Warminster v Westbury,227,18950824,match information,Tony Webb minor counties collection,1
Leighton v Harris' XI,227,18950827,match information,Tony Webb minor counties collection,1
County Championship,227,18950828,statistics,Tony Webb minor counties collection,1
Corsham v Swindon,227,18950824,match information,Tony Webb minor counties collection,1
Avon Vale v Bradford,227,18950824,match information,Tony Webb minor counties collection,1
Trowbridge,227,18950831,player information,Tony Webb minor counties collection,1
Warminster Police v Trowbridge Police,227,18950829,match information,Tony Webb minor counties collection,1
Great Somerford v Brinkworth,227,18950824,match information,Tony Webb minor counties collection,1
Rodwell Rovers v Steeple Ashton,227,18950824,match information,Tony Webb minor counties collection,1
Wilts County Asylum player statistics,228,18950907,statistics,Tony Webb minor counties collection,1
Wilts County Asylum v Erchfont,228,18950907,match information,Tony Webb minor counties collection,1
Chippenham v Bath Association,228,18950907,match information,Tony Webb minor counties collection,1
Nettleton v Castle Combe,228,18950907,match information,Tony Webb minor counties collection,1
St John's v Pershore,229,18950907,match information,Tony Webb minor counties collection,1
Worcester Grammar School v Lyttelton Grammar School,229,18950907,match information,Tony Webb minor counties collection,1
Worcester Grammar School v Kidderminster Grammar School,229,18950911,match information,Tony Webb minor counties collection,1
Malvern College v Old Malvernians,229,18950906,match information,Tony Webb minor counties collection,1
Worcestershire Club And Ground v Norton Barracks,229,18950000,match information,Tony Webb minor counties collection,1
Worcester Cathedral School v T Davies' XI,230,18950706,match information,Tony Webb minor counties collection,1
St John's v Bromsgrove,230,18950706,match information,Tony Webb minor counties collection,1
Malvern Link v Belbroughton,230,18950706,match information,Tony Webb minor counties collection,1
East Gloucestershire v Tewkesbury,230,18950706,match information,Tony Webb minor counties collection,1
Barnt Green v Wichenford,230,18950706,match information,Tony Webb minor counties collection,1
Worcester Grammar School v Hartlebury Grammar School,230,18950706,match information,Tony Webb minor counties collection,1
Hanley Castle Grammar School v Worcester Cathedral Voluntary Choir,230,18950706,match information,Tony Webb minor counties collection,1
Cathedral Guild v Barnsole College,230,18950706,match information,Tony Webb minor counties collection,1
Bromsgrove School v Edgbaston,230,18950706,match information,Tony Webb minor counties collection,1
Birmingham and District League,230,18950700,league information,Tony Webb minor counties collection,1
Worcestershire Club And Ground v Worcester Cathedral School,231,18950713,match information,Tony Webb minor counties collection,1
Evesham v Pershore,231,18950713,match information,Tony Webb minor counties collection,1
Hanley Castle Grammar School v Lyttelton Grammar School Malvern,231,18950717,match information,Tony Webb minor counties collection,1
Malvern College v MCC,231,18950713,match information,Tony Webb minor counties collection,1
Worcestershire Club And Ground v Sparkhill,231,18950713,match information,Tony Webb minor counties collection,1
Great Witley v West Smethwick,231,18950713,match information,Tony Webb minor counties collection,1
Worcestershire Club And Ground v Halesowen,232,18950720,match information,Tony Webb minor counties collection,1
Wichenford v St John's Second XI,232,18950718,match information,Tony Webb minor counties collection,1
Kidderminster Grammar School v Worcester Grammar School,232,18950722,match information,Tony Webb minor counties collection,1
Worcestershire Club And Ground v Netherton,233,18950727,match information,Tony Webb minor counties collection,1
Worcestershire Regiment v Aldershot,233,18950727,match information,Tony Webb minor counties collection,1
Worcestershire Regiment v Bedfordshire Regiment,233,18950722,match information,Tony Webb minor counties collection,1
Worcestershire Regiment v V Fusiliers,233,18950729,match information,Tony Webb minor counties collection,1
Welland And District v Malvern Link,233,18950727,match information,Tony Webb minor counties collection,1
Welland And District v Ledbury,233,18950725,match information,Tony Webb minor counties collection,1
Hanley Castle Grammar School v Malvern Link,233,18950801,match information,Tony Webb minor counties collection,1
Barbourne v Wichenford,233,18950727,match information,Tony Webb minor counties collection,1
Bromsgrove v Redditch And District,233,18950729,match information,Tony Webb minor counties collection,1
Bromsgrove v G Bearcroft's XI,233,18950731,match information,Tony Webb minor counties collection,1
East Gloucestershire v Lord Coventry's XI,234,18950806,match information,Tony Webb minor counties collection,1
Welland And District v Malvern Wells,234,18950801,match information,Tony Webb minor counties collection,1
Salwarpe v Malvern Link,234,18950803,match information,Tony Webb minor counties collection,1
G A Buckland's XI v T C Richens' XI,234,18950805,match information,Tony Webb minor counties collection,1
Stourbridge v Mitchell's,235,18950803,match information,Tony Webb minor counties collection,2
Worcestershire v Staffordshire,235,18950805,match information,Tony Webb minor counties collection,1
Belbroughton v Blakedown,235,18950803,match information,Tony Webb minor counties collection,2
Himley v St James' Dudley,235,18950803,match information,Tony Webb minor counties collection,1
Old Hill Mutual v Netherton,235,18950803,match information,Tony Webb minor counties collection,2
Old Hill Mutual v Cradley Heath,235,18950805,match information,Tony Webb minor counties collection,2
Stourbridge player statistics,235,18950800,statistics,Tony Webb minor counties collection,2
Kidderminster v Dudley,236,18950803,match information,Tony Webb minor counties collection,1
Kidderminster Second XI v Dudley Second XI,236,18950803,match information,Tony Webb minor counties collection,1
Mitchell's v Stourbridge,236,18950803,match information,Tony Webb minor counties collection,2
Stourbridge Second XI v Mitchell's Second XI,236,18950803,match information,Tony Webb minor counties collection,1
Old Hill Mutual v Cradley Heath,236,18950805,match information,Tony Webb minor counties collection,2
Old Hill Mutual v Netherton,236,18950803,match information,Tony Webb minor counties collection,2
Belbroughton v Blakedown,236,18950803,match information,Tony Webb minor counties collection,2
Himley v St James's Dudley,236,18950803,match information,Tony Webb minor counties collection,1
Birmingham League,236,18950800,league information,Tony Webb minor counties collection,2
Birmingham League Second Division,236,18950800,league information,Tony Webb minor counties collection,1
Stourbridge and District Bowling League,236,18950800,league information,Tony Webb minor counties collection,1
Stourbridge,236,18950810,newspaper cuttings,Tony Webb minor counties collection,1
St John's Second XI v Colwall,237,18950800,match information,Tony Webb minor counties collection,1
Wichenford v Cathedral Guild,237,18950808,match information,Tony Webb minor counties collection,1
Worcestershire Club And Ground v Stourbridge,237,18950800,match information,Tony Webb minor counties collection,1
St John's Second XI v Broughton,237,18950810,match information,Tony Webb minor counties collection,2
Wichenford v T C Richens' XI,238,18950812,match information,Tony Webb minor counties collection,1
Wichenford v Cathedral Guild,238,18950810,match information,Tony Webb minor counties collection,1
Malvern v Bromsberrow Park,238,18950813,match information,Tony Webb minor counties collection,1
Malvern v Beaucroft's XI,238,18950814,match information,Tony Webb minor counties collection,1
St John's Second XI v Colwall,238,18950810,match information,Tony Webb minor counties collection,1
St John's Second XI v Broughton,238,18950810,match information,Tony Webb minor counties collection,2
Bromsgrove v Tewkesbury,238,18950814,match information,Tony Webb minor counties collection,1
Old Malvernians' tour,238,18950800,tour information,Tony Webb minor counties collection,1
Fixtures for To-Day,239,18950817,fixture information,Tony Webb minor counties collection,1
Stourbridge v Aston Unity,239,18950810,match information,Tony Webb minor counties collection,1
Stourbridge Second XI v Aston Unity Second XI,239,18950810,match information,Tony Webb minor counties collection,1
Stourbridge v Worcester Club And Ground,239,18950812,match information,Tony Webb minor counties collection,1
Belbroughton v Bromsgrove Second XI,239,18950810,match information,Tony Webb minor counties collection,1
Stourbridge player statistics,239,18950800,statistics,Tony Webb minor counties collection,2
Birmingham League,239,18950800,league information,Tony Webb minor counties collection,2
Gospel End v Coseley Second XI,240,18950810,match information,Tony Webb minor counties collection,1
Dudley v Walsall Second XI,240,18950810,match information,Tony Webb minor counties collection,1
Woodsetton v Slaters,240,18950810,match information,Tony Webb minor counties collection,1
Shaw Road Unity v Flood Street,240,18950810,match information,Tony Webb minor counties collection,1
Congregational v Portway Works,240,18950810,match information,Tony Webb minor counties collection,1
Netherton v Darlaston,240,18950810,match information,Tony Webb minor counties collection,1
Tividale Second XI v Ettingshall,240,18950810,match information,Tony Webb minor counties collection,1
Netherton Second XI v Doulton's,240,18950812,match information,Tony Webb minor counties collection,1
Brewood v Coseley,240,18950810,match information,Tony Webb minor counties collection,1
Dudley v Walsall,240,18950812,match information,Tony Webb minor counties collection,1
Dudley v Walsall,240,18950810,match information,Tony Webb minor counties collection,1
Jones's XI v Mason's XI,240,18950810,match information,Tony Webb minor counties collection,1
Dudley Castle v Dudley Early Closers,240,18950814,match information,Tony Webb minor counties collection,1
Birmingham League,240,18950817,league information,Tony Webb minor counties collection,1
Dudley,240,18950817,newspaper cuttings,Tony Webb minor counties collection,1
Worcestershire Club And Ground v King's Norton,241,18950817,match information,Tony Webb minor counties collection,1
Old Malvernians v Hampshire Rovers,241,18950819,match information,Tony Webb minor counties collection,1
Lord Cobham's XI v Isaac's XI Under 17,241,18950814,match information,Tony Webb minor counties collection,1
Lord Cobham's XI v Gibbs' XI,241,18950815,match information,Tony Webb minor counties collection,1
St John's Second XI v Malvern Second XI,241,18950822,match information,Tony Webb minor counties collection,1
Malvern v Cheltenham,241,18950817,match information,Tony Webb minor counties collection,1
Cathedral Guild v Wickenford,241,18950817,match information,Tony Webb minor counties collection,1
Stourport v Malvern Link,241,18950817,match information,Tony Webb minor counties collection,1
Wichenford v A W Isaac's XI,242,18950819,match information,Tony Webb minor counties collection,1
Worcester Regiment v 5th Fusiliers,242,18950817,match information,Tony Webb minor counties collection,1
Lady Huntingdon's v St Mary's,242,18950823,match information,Tony Webb minor counties collection,1
Tewkesbury v Brondesbury Park,242,18950823,match information,Tony Webb minor counties collection,1
Ledbury v Brondesbury Park,242,18950817,match information,Tony Webb minor counties collection,1
Old Malvernians v Horsham,242,18950821,match information,Tony Webb minor counties collection,1
Abbots Morton v Inkberrow And Cookhill,242,18950817,match information,Tony Webb minor counties collection,1
Elmley Castle v Broughton,242,18950817,match information,Tony Webb minor counties collection,1
Eastbourne v Old Malvernians,243,18950830,match information,Tony Webb minor counties collection,1
Malvern Long Vacation v Coventry's XI,243,18950826,match information,Tony Webb minor counties collection,1
Malvern v Eastnor,243,18950824,match information,Tony Webb minor counties collection,1
Worcestershire Club And Ground v Langley Green,243,18950824,match information,Tony Webb minor counties collection,1
St John's v Presteigne,243,18950824,match information,Tony Webb minor counties collection,1
Barbourne Married v Barbourne Single,243,18950824,match information,Tony Webb minor counties collection,1
St Mary's v Lady Huntingdon's,243,18950824,match information,Tony Webb minor counties collection,1
Gentlemen Of Worcestershire v North Holland,244,18950828,match information,Tony Webb minor counties collection,1
Worcestershire Club And Ground v Bromsgrove,244,18950831,match information,Tony Webb minor counties collection,1
Upton-On-Severn v High Green,244,18950831,match information,Tony Webb minor counties collection,1
Cathedral Guild v Conacher's XI,244,18950831,match information,Tony Webb minor counties collection,1
Boughton Park v Malvern Long Vacation,244,18950831,match information,Tony Webb minor counties collection,1
St John's v Club And Ground,244,18950829,match information,Tony Webb minor counties collection,1
Observer,244,18950000,newspaper cuttings,Tony Webb minor counties collection,1
Bramham v The Brewery Leeds,245,18950831,match information,Tony Webb minor counties collection,1
South Cave v Hymers College,245,18950500,match information,Tony Webb minor counties collection,1
Dewsbury Savile An XI v Halifax Kings Cross,245,18950500,match information,Tony Webb minor counties collection,1
Knaresborough v York NER Clerks,245,18950500,match information,Tony Webb minor counties collection,1
Airedale and Wharfedale League,245,18950518,league information,Tony Webb minor counties collection,1
Yorkshire Central League,245,18950518,league information,Tony Webb minor counties collection,1
Barkston Ash League,245,18950518,league information,Tony Webb minor counties collection,1
North Yorkshire League,245,18950518,league information,Tony Webb minor counties collection,1
Yorkshire Gentlemen v King's Own Scottish Borderers,245,18950519,match information,Tony Webb minor counties collection,1
Todmorden v Gentlemen And Players,245,18950826,match information,Tony Webb minor counties collection,1
Skelmanthorpe v Delph And Dobcross,245,18950831,match information,Tony Webb minor counties collection,1
Scholes Albert Mills v Low Moor,245,18950831,match information,Tony Webb minor counties collection,1
Dewsbury Moor v Hartshead Moor,245,18950831,match information,Tony Webb minor counties collection,1
Altofts v Wakefield Albion,245,18950831,match information,Tony Webb minor counties collection,1
Horbury v Thornhill,245,18950831,match information,Tony Webb minor counties collection,1
Whitwood v Horbury Bridge,245,18950831,match information,Tony Webb minor counties collection,1
Normanton Parish Church v Flanshaw,245,18950831,match information,Tony Webb minor counties collection,1
Ossett Conservative v Heath,245,18950831,match information,Tony Webb minor counties collection,1
Halton Dial v Lofthouse,245,18950831,match information,Tony Webb minor counties collection,1
Wakefield St Michael's v MSC Royston,245,18950831,match information,Tony Webb minor counties collection,1
Ravensthorpe v Huddersfield,245,18950831,match information,Tony Webb minor counties collection,1
Appleby v Shap,245,18950831,match information,Tony Webb minor counties collection,1
Gomersal v Farnley,245,18950831,match information,Tony Webb minor counties collection,1
Cottingham v Albion,245,18950831,match information,Tony Webb minor counties collection,1
Leeds Clergy v South Milford,245,18950831,match information,Tony Webb minor counties collection,1
Wetherby Glee Society v Armley Glee Society,245,18950831,match information,Tony Webb minor counties collection,1
Holbeck Memorial v Hunslet New Connexion,245,18950831,match information,Tony Webb minor counties collection,1
Denby Dale v Colne Bridge,245,18950831,match information,Tony Webb minor counties collection,1
Spen Valley League,245,18950518,league information,Tony Webb minor counties collection,1
Scores of Over 200,245,18950000,article,Tony Webb minor counties collection,1
Cleckheaton v Liversedge,245,18950520,newspaper cuttings,Tony Webb minor counties collection,1
County Westmeath v Second Battalion Loyal North Lancashire Regiment,246,18950608,match information,Tony Webb minor counties collection,1
Royal Irish Constabulary v Dundrum,246,18950608,match information,Tony Webb minor counties collection,1
Dublin University Third XI v Leinster Third XI,246,18950610,match information,Tony Webb minor counties collection,1
Second Battalion Rifle Brigade v Fitzwilliam Club,246,18950608,match information,Tony Webb minor counties collection,1
Dungannon v Armagh,246,18950608,match information,Tony Webb minor counties collection,1
Clontarf First XI v Pembroke Second XI,246,18950608,match information,Tony Webb minor counties collection,1
Oxford University v Marylebone,246,18950610,match information,Tony Webb minor counties collection,1
St Mary's College Dundalk v Dundalk,246,18950600,match information,Tony Webb minor counties collection,1
Midleton College v Midleton,246,18950608,match information,Tony Webb minor counties collection,1
Masonic Present Second XI v High School Third XI,246,18950600,match information,Tony Webb minor counties collection,1
County Kildare v Yorkshire Regiment 19th,246,18950610,match information,Tony Webb minor counties collection,1
Kildare Militia v Bog Of Allen,246,18950608,match information,Tony Webb minor counties collection,1
High School Third XI v 61st Company Boys' Brigade,246,18950600,match information,Tony Webb minor counties collection,1
FIXTURES,246,18950000,fixture information,Tony Webb minor counties collection,1
County Wicklow v Land Commission,247,18950600,match information,Tony Webb minor counties collection,1
Dundrum v Pembroke,247,18950600,match information,Tony Webb minor counties collection,1
Dublin YMCA,247,18950612,team information,Tony Webb minor counties collection,1
Fixtures,247,18950600,fixture information,Tony Webb minor counties collection,1
Royal Munster Fusiliers v Army Service Corps,247,18950612,match information,Tony Webb minor counties collection,1
Irish Cricket Union,247,18950612,organisation information,Tony Webb minor counties collection,1
Richmond Asylum v Old Galwegians,247,18950611,match information,Tony Webb minor counties collection,1
Leinster v Athy,247,18950612,match information,Tony Webb minor counties collection,1
Irish Times,247,18950600,team information,Tony Webb minor counties collection,1
