matchup,page,date,content_type,collection,pages
Kensworth v Dunstable Victoria,1,18950527,match information,Tony Webb minor counties collection,1
Caddington v Dunstable Second XI,1,18950606,match information,Tony Webb minor counties collection,1
St Albans Grammar School v Dunstable Grammar School,1,18950601,match information,Tony Webb minor counties collection,1
Chalton v Houghton Second XI,1,18950603,match information,Tony Webb minor counties collection,1
Waterlow's v East Finchley,1,18950527,match information,Tony Webb minor counties collection,1
F Gentle's XI v Waterlow's,2,18950629,match information,Tony Webb minor counties collection,1
Dunstable Grammar School v Bedford County School,2,18950629,match information,Tony Webb minor counties collection,1
Waterlow's v Aylesbury Printing Works,2,18950629,match information,Tony Webb minor counties collection,1
Woburn v Fenny Stratford,3,18950805,match information,Tony Webb minor counties collection,1
Silsoe v Maulden,3,18950801,match information,Tony Webb minor counties collection,1
Houghton Married v Houghton Single,3,18950805,match information,Tony Webb minor counties collection,2
Sowell Lime Works v Blows Down Lime Works,3,18950803,match information,Tony Webb minor counties collection,1
"Waterlow's v St Matthew's, Luton",3,18950803,match information,Tony Webb minor counties collection,2
Dunstable Second XI v Markyate Street,3,18950803,match information,Tony Webb minor counties collection,2
Haviland's XI v Luton Villa-Road,4,18950803,match information,Tony Webb minor counties collection,1
"Waterlow's v St Matthew's, Luton",4,18950803,match information,Tony Webb minor counties collection,2
Lilley v St Paul's Walden,4,18950805,match information,Tony Webb minor counties collection,1
Houghton Married v Houghton Single,4,18950805,match information,Tony Webb minor counties collection,2
Dunstable Second XI v Markyate Street,4,18950803,match information,Tony Webb minor counties collection,2
L C R Thring,5,18950814,biography,Tony Webb minor counties collection,1
Houghton v Weston,6,18950812,match information,Tony Webb minor counties collection,1
Hyde v St Matthew's,7,18950810,match information,Tony Webb minor counties collection,1
Greenfield v Pulloxhill,7,18950812,match information,Tony Webb minor counties collection,1
Houghton v Westonings,7,18950812,match information,Tony Webb minor counties collection,1
Luton Detachment v Remainder Of The Third Volunteer Battalion,7,18950807,match information,Tony Webb minor counties collection,1
Hockliffe v Woburn Team,7,18950810,match information,Tony Webb minor counties collection,1
Luton Volunteers v Rest Of Battalion,8,18950810,match information,Tony Webb minor counties collection,1
Houghton v Westoning,8,18950812,match information,Tony Webb minor counties collection,1
Dunstable Town First XI v Aston Clinton,9,18950820,match information,Tony Webb minor counties collection,1
Dunstable Second XI v Houghton,9,18950827,match information,Tony Webb minor counties collection,1
Waterlow's v Aylesbury Printing Works,9,18950817,match information,Tony Webb minor counties collection,2
Dunstable Town v Aston Clinton,10,18950820,match information,Tony Webb minor counties collection,1
Waterlow's v Aylesbury Printing Works,10,18950817,match information,Tony Webb minor counties collection,2
Dunstable Second XI v Houghton,10,18950823,match information,Tony Webb minor counties collection,1
Markyate v Waterlow's,11,18950824,match information,Tony Webb minor counties collection,2
Town Second XI v Caddington,11,18950822,match information,Tony Webb minor counties collection,1
Town Second XI v Carter's,11,18950824,match information,Tony Webb minor counties collection,1
Dunstable Volunteers v Luton Detachment,11,18950824,match information,Tony Webb minor counties collection,1
Dunstable Second XI v Carter's,12,18950824,match information,Tony Webb minor counties collection,1
Markyate v Waterlow's,12,18950824,match information,Tony Webb minor counties collection,2
Reading v Slough,13,18950518,match information,Tony Webb minor counties collection,1
Reading School v Hurst,13,18950516,match information,Tony Webb minor counties collection,1
Biscuit Factory A XI v Wokingham,13,18950518,match information,Tony Webb minor counties collection,1
Biscuit Factory B XI v Twyford,13,18950518,match information,Tony Webb minor counties collection,1
Biscuit Factory Stores Married v Biscuit Factory Stores Single,13,18950518,match information,Tony Webb minor counties collection,1
Grazeley And Spencer's Wood Institute v Biscuit Factory C XI,13,18950518,match information,Tony Webb minor counties collection,1
Sutton's A XI v Culham,13,18950522,match information,Tony Webb minor counties collection,1
Sutton's B XI v Grazeley And Spencer's Wood Institute,13,18950522,match information,Tony Webb minor counties collection,1
Oxford-Road v Caversham House,13,18950515,match information,Tony Webb minor counties collection,1
Temperance Forwards v St Andrew's,13,18950518,match information,Tony Webb minor counties collection,1
Claremont v Granville,13,18950518,match information,Tony Webb minor counties collection,1
Kendrick School v Caversham St John's,14,18950518,match information,Tony Webb minor counties collection,1
Wokingham Excelsior v Woodley,14,18950518,match information,Tony Webb minor counties collection,1
Trinity Congregational v Thames Bank Iron Works,14,18950518,match information,Tony Webb minor counties collection,1
Christ Church v Wycliffe,14,18950518,match information,Tony Webb minor counties collection,1
Swallowfield Park v Eversley,14,18950518,match information,Tony Webb minor counties collection,1
Sonning v Caversham,14,18950518,match information,Tony Webb minor counties collection,1
Abbey Wharf v Caversham B XI,14,18950518,match information,Tony Webb minor counties collection,1
All Saints'.oc v Boys' Brigade (first Wokingham Company) Second XI,14,18950518,match information,Tony Webb minor counties collection,1
Heath End v Caversham Free Church,14,18950518,match information,Tony Webb minor counties collection,1
Reading Wednesday v Shinfield,14,18950522,match information,Tony Webb minor counties collection,1
Reading Co-Operative v Aldworth,15,18950522,match information,Tony Webb minor counties collection,1
Kidmore v Tilehurst,15,18950518,match information,Tony Webb minor counties collection,1
London-Street Institute v Post Office,15,18950522,match information,Tony Webb minor counties collection,1
Cold Ash v Chieveley,15,18950524,match information,Tony Webb minor counties collection,1
Broad-Street United v St Lawrence's,15,18950518,match information,Tony Webb minor counties collection,1
Earley St Peter's v Shinfield,15,18950518,match information,Tony Webb minor counties collection,1
Kendrick School v Sutton's Juniors,15,18950522,match information,Tony Webb minor counties collection,1
Blue Coat School v St Giles' Brigade,15,18950518,match information,Tony Webb minor counties collection,1
British School v St Mary's School,15,18950524,match information,Tony Webb minor counties collection,1
Oxford-Road v St John's,15,18950518,match information,Tony Webb minor counties collection,1
London-Street Institute v Cumberland-Road,15,18950524,match information,Tony Webb minor counties collection,1
Earley St. Peter's,15,18950518,team information,Tony Webb minor counties collection,1
British School v Victoria,15,18950524,match information,Tony Webb minor counties collection,1
Reading School match list,16,18950715,team information,Tony Webb minor counties collection,1
Reading School team aggregates,16,18950802,statistics,Tony Webb minor counties collection,1
Reading School First Eleven player statistics,16,18950802,statistics,Tony Webb minor counties collection,1
Reading School Second Eleven player statistics,16,18950802,statistics,Tony Webb minor counties collection,1
Reading School players,16,18950802,player information,Tony Webb minor counties collection,1
Biscuit Factory B XI v White Cross,17,18950727,match information,Tony Webb minor counties collection,1
Avondale v Co-Operative,17,18950731,match information,Tony Webb minor counties collection,1
Reading v Reading School,17,18950731,match information,Tony Webb minor counties collection,1
Reading v Abingdon,17,18950727,match information,Tony Webb minor counties collection,1
Reading Wednesday v Dormer's XI,17,18950731,match information,Tony Webb minor counties collection,1
Aldermaston v Mortimer,17,18950727,match information,Tony Webb minor counties collection,1
Guildhall v Hungerford,17,18950731,match information,Tony Webb minor counties collection,1
Theale v Englefield,17,18950727,match information,Tony Webb minor counties collection,1
Heath End v Mcilroy's (reading),17,18950801,match information,Tony Webb minor counties collection,1
Heath End v St Lawrence's (reading),17,18950727,match information,Tony Webb minor counties collection,1
Maiden Erleigh v Reading,17,18950729,match information,Tony Webb minor counties collection,1
Oxford-Road v Wycliffe,17,18950727,match information,Tony Webb minor counties collection,1
Highclere Castle v Hampshire Hogs,17,18950730,match information,Tony Webb minor counties collection,1
Guildhall v Newtown,17,18950727,match information,Tony Webb minor counties collection,1
Reading v Marylebone,18,18950809,match information,Tony Webb minor counties collection,1
Reading v C E Keyser's XI,18,18950806,match information,Tony Webb minor counties collection,1
W Howard Palmer's XI v Reading,18,18950807,match information,Tony Webb minor counties collection,1
Reading v Hounslow Garrison,18,18950809,match information,Tony Webb minor counties collection,1
Reading,18,18950000,team information,Tony Webb minor counties collection,1
Reading,18,18950810,statistics,Tony Webb minor counties collection,1
Sunningdale School player statistics,18,18950000,statistics,Tony Webb minor counties collection,1
Sunningdale School match list,18,18950000,team information,Tony Webb minor counties collection,1
Maiden Erlegh v Free Foresters,19,18950802,match information,Tony Webb minor counties collection,1
Maiden Erlegh v Aldershot Division,19,18950803,match information,Tony Webb minor counties collection,1
Mr T W Girdlestone's XI,19,18950000,statistics,Tony Webb minor counties collection,1
Sutton's Juniors v Sulhamstead Juniors,19,18950807,match information,Tony Webb minor counties collection,1
T W Girdlestone's XI v Girdlestoneites (charterhouse),19,18950731,match information,Tony Webb minor counties collection,1
Reading v Abingdon,20,18950817,match information,Tony Webb minor counties collection,3
Thames Bank v Abbey Wharf,20,18950817,match information,Tony Webb minor counties collection,1
Thames Bank v Reading Borough Police,20,18950820,match information,Tony Webb minor counties collection,1
Biscuit Factory v Wokingham,20,18950817,match information,Tony Webb minor counties collection,1
Biscuit Factory B XI v Causton's Athletic London,20,18950817,match information,Tony Webb minor counties collection,1
London-Street Institute v Co-Operative,20,18950821,match information,Tony Webb minor counties collection,1
South Reading v Stoke Row,20,18950817,match information,Tony Webb minor counties collection,1
Gentlemen Of Berkshire v C D Rose's XI,20,18950816,match information,Tony Webb minor counties collection,1
Avondale v Oxford-Road,20,18950821,match information,Tony Webb minor counties collection,1
Heath End v Ipsden,20,18950817,match information,Tony Webb minor counties collection,1
Wycliffe v Christchurch,20,18950817,match information,Tony Webb minor counties collection,1
Newbury v C E Keyser's XI,20,18950816,match information,Tony Webb minor counties collection,1
Guildhall v Newtown,21,18950817,match information,Tony Webb minor counties collection,1
Parish Church Institute v Highclere,21,18950817,match information,Tony Webb minor counties collection,1
Speen v Burghclere,21,18950817,match information,Tony Webb minor counties collection,1
Lambourn v Hungerford,21,18950816,match information,Tony Webb minor counties collection,1
Burghclere v Adbury House,21,18950821,match information,Tony Webb minor counties collection,1
Burghclere Boys v Highclere Boys,21,18950819,match information,Tony Webb minor counties collection,1
East Woodhay v Stockcross,21,18950821,match information,Tony Webb minor counties collection,1
Wantage v Ardington,21,18950822,match information,Tony Webb minor counties collection,1
A W Baker's Hagbourne Team v A F Clarke's Wantage Team,21,18950817,match information,Tony Webb minor counties collection,1
Newbury v 49th Regimental District,21,18950821,match information,Tony Webb minor counties collection,1
Gentlemen Of Berkshire v C D Rose's XI,22,18950817,match information,Tony Webb minor counties collection,1
Biscuit Factory A XI v Wokingham,22,18950817,match information,Tony Webb minor counties collection,1
Biscuit Factory B XI v Causton's Athletic,22,18950817,match information,Tony Webb minor counties collection,1
Thames Bank Ironworks v Abbey Wharf,22,18950817,match information,Tony Webb minor counties collection,1
Thames Bank Iron Works v Borough Police,22,18950820,match information,Tony Webb minor counties collection,1
Aldermaston Juniors v Padworth Juniors,23,18950821,match information,Tony Webb minor counties collection,1
R.s.e.c.c. Juniors v P Sutton's XI,23,18950821,match information,Tony Webb minor counties collection,1
Abingdon Cricket and Football Club,24,18950907,statistics,Tony Webb minor counties collection,1
Abingdon Cricket and Football Club Second Eleven,24,18950907,statistics,Tony Webb minor counties collection,1
Newbury Cricket Club player statistics,25,18950900,statistics,Tony Webb minor counties collection,1
Newbury Cricket Club team aggregates,25,18950900,statistics,Tony Webb minor counties collection,1
Newbury Cricket Club match list,25,18950713,team information,Tony Webb minor counties collection,1
Newbury,25,18950900,team information,Tony Webb minor counties collection,1
Shepherd's XI v Woolley Park,26,18950911,match information,Tony Webb minor counties collection,1
Inkpen v Falkland,26,18950000,match information,Tony Webb minor counties collection,1
Stockcross v Chieveley,26,18950907,match information,Tony Webb minor counties collection,1
Stockcross,26,18950000,team information,Tony Webb minor counties collection,1
Stockcross player statistics,26,18950000,statistics,Tony Webb minor counties collection,1
Lambourn v Chilton,26,18950907,match information,Tony Webb minor counties collection,1
Southington v A Kingsmill's XII,26,18950000,match information,Tony Webb minor counties collection,1
Silchester v Stratfieldsaye,26,18950000,match information,Tony Webb minor counties collection,1
Bradfield v A Sutton's XI,26,18950907,match information,Tony Webb minor counties collection,1
Burghclere v Newtown,26,18950000,match information,Tony Webb minor counties collection,1
Newtown v Parish Church Institute,26,18950831,match information,Tony Webb minor counties collection,1
Adbury House v Newtown House,26,18950905,match information,Tony Webb minor counties collection,1
Speen,26,18950000,team information,Tony Webb minor counties collection,1
49th Regimental District,27,18950913,team information,Tony Webb minor counties collection,1
49th Regimental District player statistics,27,18950000,statistics,Tony Webb minor counties collection,1
Royal Berks Seed Establishment team aggregates,27,18950000,statistics,Tony Webb minor counties collection,1
Biscuit Factory player statistics,27,18950000,statistics,Tony Webb minor counties collection,1
Royal Berks Seed Establishment,28,18950921,team information,Tony Webb minor counties collection,1
Royal Berks Seed Establishment player statistics,28,18950921,statistics,Tony Webb minor counties collection,1
Sunningdale School,28,18950921,team information,Tony Webb minor counties collection,1
Sunningdale School player statistics,28,18950921,statistics,Tony Webb minor counties collection,1
Biscuit Factory,28,18950921,team information,Tony Webb minor counties collection,1
Biscuit Factory player statistics,28,18950921,statistics,Tony Webb minor counties collection,1
Heckfield v Major Mildmay's XI,28,18950910,match information,Tony Webb minor counties collection,1
St John's Sunday School Teachers v St Stephen's Sunday School Teachers,28,18950918,match information,Tony Webb minor counties collection,1
Reading Police v Reading Corporation Officials,28,18950914,match information,Tony Webb minor counties collection,1
Lechlade,29,18951031,team information,Tony Webb minor counties collection,1
Lechlade Cricket Club player statistics,29,18950000,statistics,Tony Webb minor counties collection,1
Maidenhead Cricket Club player statistics,30,18950000,statistics,Tony Webb minor counties collection,1
Brecon v Llandovery,31,18950828,match information,Tony Webb minor counties collection,1
Chalfont Park v Beaconsfield,32,18950713,match information,Tony Webb minor counties collection,1
Cadmore v Radnage,32,18950713,match information,Tony Webb minor counties collection,1
Amersham v Coleshill,32,18950713,match information,Tony Webb minor counties collection,1
The Wycombe Y.M.C.A.,32,18950713,team information,Tony Webb minor counties collection,1
St. John's,32,18950713,team information,Tony Webb minor counties collection,1
Church Room,32,18950719,team information,Tony Webb minor counties collection,1
Burnham v Boyn Hill,32,18950713,match information,Tony Webb minor counties collection,1
Bradenham v Bledlow Ridge,32,18950713,match information,Tony Webb minor counties collection,1
High Wycombe v E Stevens' XI,33,18950803,match information,Tony Webb minor counties collection,1
Rayners XI v Permanent Staff Of The Third Batt Oxford Light Infantry,33,18950805,match information,Tony Webb minor counties collection,1
Amersham UCC v Harlesden,33,18950805,match information,Tony Webb minor counties collection,1
Burnham v Slough,33,18950803,team information,Tony Webb minor counties collection,1
Wooburn,33,18950803,team information,Tony Webb minor counties collection,1
Wycombe Alexandra v Beethoven CC (london),33,18950805,match information,Tony Webb minor counties collection,1
J Grenfell's XI v Beaconsfield,33,18950805,match information,Tony Webb minor counties collection,1
Berkley's XI v Greaves' XI,33,18950806,match information,Tony Webb minor counties collection,1
"St Mark's Choir, Bourn End v Little Marlow",33,18950805,match information,Tony Webb minor counties collection,1
Alexandra Second v Primitive Methodists,33,18950803,match information,Tony Webb minor counties collection,1
Burnham v Flackwell Heath,33,18950803,match information,Tony Webb minor counties collection,1
Wycombe Church Room v Wheeler End,33,18950805,match information,Tony Webb minor counties collection,1
Hazlemere United v Cadmore End,33,18950805,match information,Tony Webb minor counties collection,1
Marlow v Oriel,33,18950805,match information,Tony Webb minor counties collection,1
Wycombe v Oriel,34,18950806,match information,Tony Webb minor counties collection,1
Gerrards Cross v Osborne Stevens & Co,34,18950731,match information,Tony Webb minor counties collection,1
Great Hampden v Old Northytites,34,18950807,match information,Tony Webb minor counties collection,1
Wycombe YMCA v A Gray's XI,34,18950805,match information,Tony Webb minor counties collection,1
Chalfont Park v St Silas (london),34,18950805,match information,Tony Webb minor counties collection,1
Burnham v Postal Telegraph (london),34,18950805,match information,Tony Webb minor counties collection,1
Taplow Station v Bryanston-Square,34,18950803,match information,Tony Webb minor counties collection,1
Colham Green v Gerrards Cross,34,18950803,match information,Tony Webb minor counties collection,1
Church Institute v Gayhurst,35,18950801,match information,Tony Webb minor counties collection,1
Parish Church v Fenny Stratford S Martin,35,18950803,match information,Tony Webb minor counties collection,1
Parish Church v Moulsoe,35,18950805,match information,Tony Webb minor counties collection,1
Gayhurst v Tyringham,35,18950808,match information,Tony Webb minor counties collection,1
Stantonbury St James v Stony Stratford Mutual,35,18950802,match information,Tony Webb minor counties collection,1
Flackwell Heath Second XI v Little Marlow,36,18950810,match information,Tony Webb minor counties collection,1
Marlow v High Wycombe,36,18950810,match information,Tony Webb minor counties collection,1
Wycombe Reserves v West Wycombe,36,18950810,match information,Tony Webb minor counties collection,1
Blythewood v Cippenham,36,18950810,match information,Tony Webb minor counties collection,1
Cippenham v Carlton London,36,18950805,match information,Tony Webb minor counties collection,1
Taplow Station v Reading Temperance Forward,36,18950810,match information,Tony Webb minor counties collection,1
Stokenchurch v Skirmett,37,18950806,match information,Tony Webb minor counties collection,1
Boyn Hill v Bisham,37,18950810,match information,Tony Webb minor counties collection,1
Pine Apple v King's Head,37,18950805,match information,Tony Webb minor counties collection,1
Quarterman's Firm v R Ford's Firm,37,18950808,match information,Tony Webb minor counties collection,1
Coleshill v St Margaret's,37,18950810,match information,Tony Webb minor counties collection,1
Long Crendon v Dinton,37,18950807,match information,Tony Webb minor counties collection,1
Great Kingshill v Lane End,37,18950814,match information,Tony Webb minor counties collection,1
Wycombe Reserves v West Wycombe,38,18950824,match information,Tony Webb minor counties collection,1
High Wycombe v Wooburn Institute,38,18950824,match information,Tony Webb minor counties collection,1
Burnham v Taplow Station,38,18950824,match information,Tony Webb minor counties collection,1
Maidenhead v Cippenham,38,18950824,match information,Tony Webb minor counties collection,1
Blythewood v Burnham Priory,38,18950824,match information,Tony Webb minor counties collection,1
Marlow v J Monro Walker's XI,38,18950824,match information,Tony Webb minor counties collection,1
Wycombe Church Room v Wycombe St John's,38,18950824,match information,Tony Webb minor counties collection,1
Wycombe Belle Vue Wanderers v Holloway's Boot Operatives,38,18950824,match information,Tony Webb minor counties collection,1
Gerrards Cross v Flackwell Heath,38,18950824,match information,Tony Webb minor counties collection,1
Speen v Ickenham,38,18950824,match information,Tony Webb minor counties collection,1
Gerrards Cross v Amersham,38,18950822,match information,Tony Webb minor counties collection,1
Wycombe YMCA v Wycombe Primitives,39,18950824,match information,Tony Webb minor counties collection,1
Wycombe Y.M.C.A.,39,18950824,team information,Tony Webb minor counties collection,1
Beaconsfield v Stoke Green,39,18950824,match information,Tony Webb minor counties collection,1
Four Veterans v Four Juniors,39,18950828,match information,Tony Webb minor counties collection,1
Great Kingshill v Pine Apple,39,18950824,match information,Tony Webb minor counties collection,1
W Pearce's (wycombe) XI v Southall,39,18950824,match information,Tony Webb minor counties collection,1
Collins' Class v Booker Temperance,39,18950824,match information,Tony Webb minor counties collection,1
Mr. Collins' Class,39,18950824,team information,Tony Webb minor counties collection,1
Master H Penton's XI v Hedgerley Home,39,18950822,match information,Tony Webb minor counties collection,1
Hillingdon v Chalfont Park,39,18950824,match information,Tony Webb minor counties collection,1
Penn Street v Cholesbury,39,18950824,match information,Tony Webb minor counties collection,1
Cookham Dean v Little Marlow,39,18950824,match information,Tony Webb minor counties collection,1
Barton v Grantchester,40,18950727,match information,Tony Webb minor counties collection,1
Burnt Fen v Prickwillow,40,18950729,match information,Tony Webb minor counties collection,1
YMCA v Willingham,40,18950727,match information,Tony Webb minor counties collection,1
Old Higher Grade v Sawston,40,18950727,match information,Tony Webb minor counties collection,1
Liberals v Ainsworth,40,18950727,match information,Tony Webb minor counties collection,1
Twelve Of Haddenham v Mr Hoare's XI Of Sutton,40,18950727,match information,Tony Webb minor counties collection,1
XI Married v XI Single,40,18950730,match information,Tony Webb minor counties collection,1
Cambridge County,41,18950729,team information,Tony Webb minor counties collection,1
Sawston,41,18950727,match information,Tony Webb minor counties collection,1
Histon And Impington v Old Higher Grade,41,18950726,match information,Tony Webb minor counties collection,1
Cambridge County Cricket Club player statistics,41,18950000,statistics,Tony Webb minor counties collection,1
Cambridge Town Council v County Council,42,18950815,match information,Tony Webb minor counties collection,1
Cambridge Town Council,42,18950800,team information,Tony Webb minor counties collection,1
Cambridge Town Council player statistics,42,18950800,statistics,Tony Webb minor counties collection,1
Cambridge County Council,42,18950800,team information,Tony Webb minor counties collection,1
Cambridge County Council player statistics,42,18950800,statistics,Tony Webb minor counties collection,1
New Museums Professors & Demonstrators v Assistants,42,18950810,match information,Tony Webb minor counties collection,1
County v Borough Police,43,18950807,match information,Tony Webb minor counties collection,1
Trinity College Knockabouts v Grantchester,43,18950803,match information,Tony Webb minor counties collection,1
K. S. Ranjitsinhji,43,18950810,biography,Tony Webb minor counties collection,1
Cambridge Express,43,18950810,newspaper cuttings,Tony Webb minor counties collection,1
New Chesterton Juniors v Liberal Second XI,44,18950829,match information,Tony Webb minor counties collection,1
Camden v St Giles,44,18950829,match information,Tony Webb minor counties collection,1
Liberals v St Giles,45,18950907,match information,Tony Webb minor counties collection,1
Sawston Institute v Anchor,45,18950907,match information,Tony Webb minor counties collection,1
Cambridge Borough Police v Cambs County Police,45,18950911,match information,Tony Webb minor counties collection,1
Levenshulme v Macclesfield,46,18950615,match information,Tony Webb minor counties collection,2
Levenshulme v Macclesfield (second Elevens),46,18950615,match information,Tony Webb minor counties collection,1
Stockport v Werneth,46,18950615,match information,Tony Webb minor counties collection,2
Langley v Leek Highfield,46,18950615,match information,Tony Webb minor counties collection,1
Stockport v Werneth (second Elevens),46,18950615,match information,Tony Webb minor counties collection,1
Great Moor v Hazel Grove,46,18950615,match information,Tony Webb minor counties collection,2
Bramall v Bowdon Second,46,18950615,match information,Tony Webb minor counties collection,1
Heaton Mersey Second v South Manchester Second,46,18950615,match information,Tony Webb minor counties collection,1
Wood-Lanes (adlington) v Poynton Second,46,18950615,match information,Tony Webb minor counties collection,1
Bollington v Buxton,46,18950615,match information,Tony Webb minor counties collection,1
Cheadle Hulme v Brooklands,46,18950615,match information,Tony Webb minor counties collection,1
Fulshaw v Cheadle,46,18950615,match information,Tony Webb minor counties collection,1
Heaton Mersey v South Manchester,46,18950615,match information,Tony Webb minor counties collection,1
Levenshulme v Macclesfield,47,18950615,match information,Tony Webb minor counties collection,2
Levenshulme v Macclesfield Second Elevens,47,18950624,match information,Tony Webb minor counties collection,1
Stockport v Werneth,47,18950615,match information,Tony Webb minor counties collection,2
Stockport v Werneth Second Elevens,47,18950607,match information,Tony Webb minor counties collection,1
Great Moor v Hazel Grove,47,18950615,match information,Tony Webb minor counties collection,2
Bramall v Bowdon Second,47,18950621,match information,Tony Webb minor counties collection,1
Heaton Mersey Second v South Manchester Second,47,18950621,match information,Tony Webb minor counties collection,1
Wood-Lanes (adlington) v Poynton Second,47,18950621,match information,Tony Webb minor counties collection,1
Bollington v Buxton,47,18950621,match information,Tony Webb minor counties collection,1
Cheadle Hulme v Brooklands,47,18950621,match information,Tony Webb minor counties collection,1
Fulshaw v Cheadle,47,18950621,match information,Tony Webb minor counties collection,1
Heaton Mersey v South Manchester,47,18950621,match information,Tony Webb minor counties collection,1
Ormskirk v Leyland,48,18950700,match information,Tony Webb minor counties collection,1
Warrington v Broughton,48,18950700,match information,Tony Webb minor counties collection,1
West Derby v Southport,48,18950700,match information,Tony Webb minor counties collection,1
Garston v Liverpool Second,48,18950700,match information,Tony Webb minor counties collection,1
Old Xaverians v Barnett,48,18950700,match information,Tony Webb minor counties collection,1
Birkenhead Victoria v Spital,48,18950700,match information,Tony Webb minor counties collection,1
Castleton v Stockport,49,18950727,match information,Tony Webb minor counties collection,2
St Thomas' Athletic v Norbury Second,49,18950727,match information,Tony Webb minor counties collection,2
G H Ling's XI v Cheadle,49,18950727,match information,Tony Webb minor counties collection,2
Reddish Vale v Denton Wesleyans,49,18950727,match information,Tony Webb minor counties collection,2
Phoenix v Manchester South End,49,18950727,match information,Tony Webb minor counties collection,2
Bollington v Heaton Mersey,49,18950727,match information,Tony Webb minor counties collection,2
Urmston v Bramall,49,18950727,match information,Tony Webb minor counties collection,2
Macclesfield v Poynton,49,18950727,match information,Tony Webb minor counties collection,2
St Matthew's v Hanover Second,49,18950727,match information,Tony Webb minor counties collection,2
Lancashire Hill SS v Haughton Wesleyans First,49,18950727,match information,Tony Webb minor counties collection,2
Stockport Great Moor v Strines,49,18950727,match information,Tony Webb minor counties collection,2
Stockport Congregational v Reddish St Elisabeth's,49,18950727,match information,Tony Webb minor counties collection,2
Alderley Edge Victoria v Cheadle Wesleyans,50,18950726,match information,Tony Webb minor counties collection,1
Reddish St Joseph's v Union-Street Hyde,50,18950727,match information,Tony Webb minor counties collection,1
Heaton Moor Wesleyans v Patricroft Wesleyans,50,18950727,match information,Tony Webb minor counties collection,1
Brinksway Sunday School v Meadow,50,18950727,match information,Tony Webb minor counties collection,1
Styal v Beswick Royal,50,18950727,match information,Tony Webb minor counties collection,1
Castleton v Stockport,50,18950727,match information,Tony Webb minor counties collection,2
St Thomas' Athletic v Norbury Second,50,18950727,match information,Tony Webb minor counties collection,2
G H Ling's XI v Cheadle,50,18950727,match information,Tony Webb minor counties collection,2
Reddish Vale v Denton Wesleyans,50,18950727,match information,Tony Webb minor counties collection,2
Phoenix v Manchester South End,50,18950727,match information,Tony Webb minor counties collection,2
Bollington v Heaton Mersey,50,18950727,match information,Tony Webb minor counties collection,2
Urmston v Bramall,50,18950727,match information,Tony Webb minor counties collection,2
Macclesfield v Poynton,50,18950727,match information,Tony Webb minor counties collection,2
St Matthew's v Hanover Second,50,18950727,match information,Tony Webb minor counties collection,2
Lancashire Hill SS v Haughton Wesleyans First,50,18950727,match information,Tony Webb minor counties collection,2
Stockport Great Moor v Strines,50,18950727,match information,Tony Webb minor counties collection,2
Stockport Congregational v Reddish St Elisabeth's,50,18950727,match information,Tony Webb minor counties collection,2
Macclesfield v Lever-Shulme,51,18950809,match information,Tony Webb minor counties collection,1
Bollington v Sandbach,51,18950815,match information,Tony Webb minor counties collection,1
Bollington Second v Bugsworth,51,18950814,match information,Tony Webb minor counties collection,1
Hazel Grove v Hazel Grove Tradesmen,51,18950814,match information,Tony Webb minor counties collection,1
Stockport v Little Lever,51,18950814,match information,Tony Webb minor counties collection,1
Bramall First v Stockport Second,51,18950814,match information,Tony Webb minor counties collection,1
Cheadle Hulme v Sale (second Elevens),51,18950814,match information,Tony Webb minor counties collection,1
Kersal v Heaton Mersey,51,18950814,match information,Tony Webb minor counties collection,1
Lancashire-Hill Second v Stockport Lads' Club First,51,18950814,match information,Tony Webb minor counties collection,1
Hanover Second v Heywood's Excelsior Second,51,18950814,match information,Tony Webb minor counties collection,1
Phoenix v Martretes,51,18950814,match information,Tony Webb minor counties collection,1
St Joseph's (reddish) v St Thomas' (hyde),51,18950810,match information,Tony Webb minor counties collection,1
Stockport v Great Moor,51,18950814,match information,Tony Webb minor counties collection,1
Macclesfield v Levenshulme,52,18950816,match information,Tony Webb minor counties collection,1
Bollington v Sandbach,52,18950816,match information,Tony Webb minor counties collection,1
Bollington Second v Bugsworth,52,18950816,match information,Tony Webb minor counties collection,1
Hazel Grove v Hazel Grove Tradesmen,52,18950816,match information,Tony Webb minor counties collection,1
Stockport v Little Lever,52,18950816,match information,Tony Webb minor counties collection,1
Bramall First v Stockport Second,52,18950816,match information,Tony Webb minor counties collection,1
Cheadle Hulme v Sale Second Elevens,52,18950816,match information,Tony Webb minor counties collection,1
Kersal v Heaton Mersey,52,18950816,match information,Tony Webb minor counties collection,1
Lancashire Hill Second v Stockport Lads' Club First,52,18950816,match information,Tony Webb minor counties collection,1
Hanover Second v Heywood Excelsior Second,52,18950816,match information,Tony Webb minor counties collection,1
Phoenix v Marterers,52,18950816,match information,Tony Webb minor counties collection,1
St Joseph's (reddish) v St Thomas' (hyde),52,18950816,match information,Tony Webb minor counties collection,1
Stockport v Great Moor,52,18950816,match information,Tony Webb minor counties collection,1
Hazel Grove v Poynton,52,18950816,match information,Tony Webb minor counties collection,1
New Mills Tradesmen v Stockport Post Office,52,18950816,match information,Tony Webb minor counties collection,1
Sale v Cheadle Hulme,52,18950816,match information,Tony Webb minor counties collection,1
Poynton United v Wood Lane (adlington),52,18950816,match information,Tony Webb minor counties collection,1
Poynton Second v Great Moor Second,52,18950816,match information,Tony Webb minor counties collection,1
Stockport v Werneth,53,18950817,match information,Tony Webb minor counties collection,1
Bollington v Alderley Edge,53,18950817,match information,Tony Webb minor counties collection,1
Manchester v Cheadle Hulme,53,18950817,match information,Tony Webb minor counties collection,1
Lindow v Cheadle Wesleyans,53,18950817,match information,Tony Webb minor counties collection,1
Langley v Crossley,53,18950817,match information,Tony Webb minor counties collection,1
Grey Horse v New Zealand Chief Team,53,18950817,match information,Tony Webb minor counties collection,1
Lancashire-Hill SS v Harpurhey Wesleyans,53,18950817,match information,Tony Webb minor counties collection,1
Ashton v Heaton Mersey,53,18950817,match information,Tony Webb minor counties collection,1
Hollinwood v Marple,53,18950817,match information,Tony Webb minor counties collection,1
Ormskirk v Park,54,18950816,match information,Tony Webb minor counties collection,1
Oxton v Huyton,54,18950817,match information,Tony Webb minor counties collection,2
Rock Ferry v Liverpool,54,18950817,match information,Tony Webb minor counties collection,2
Victoria v New Brighton,54,18950817,match information,Tony Webb minor counties collection,1
Brombro Pool v Birkenhead Victoria,54,18950817,match information,Tony Webb minor counties collection,1
Park v Victoria,54,18950821,match information,Tony Webb minor counties collection,1
New Brighton v Liverpool,54,18950821,match information,Tony Webb minor counties collection,1
Cheshire v Worcester,54,18950816,match information,Tony Webb minor counties collection,1
Wynne's Team v Griffith's Team,54,18950817,match information,Tony Webb minor counties collection,1
Neston And District v Kirkdale Wesleyans,54,18950817,match information,Tony Webb minor counties collection,2
Spital v Boughton Hall,54,18950817,match information,Tony Webb minor counties collection,2
Woodland v Kingsley,54,18950819,match information,Tony Webb minor counties collection,2
St Mary's v Tranmere Wesley,54,18950817,match information,Tony Webb minor counties collection,1
All Saints' v Comet,55,18950817,match information,Tony Webb minor counties collection,1
St John's Second v Bebington Bible Class,55,18950817,match information,Tony Webb minor counties collection,1
Helsby v Port Sunlight,55,18950817,match information,Tony Webb minor counties collection,1
St Mary's Second v Tranmere Wesley Second,55,18950817,match information,Tony Webb minor counties collection,1
Birkenhead Park v Ormskirk,55,18950817,match information,Tony Webb minor counties collection,1
Bebington Bible Class v St John's Second,55,18950817,match information,Tony Webb minor counties collection,1
Woodland v Kingsley,55,18950819,match information,Tony Webb minor counties collection,2
Neston And District v Kirkdale Wesleyans,55,18950817,match information,Tony Webb minor counties collection,2
Birkenhead St Mary's v Tranmere Wesley,55,18950817,match information,Tony Webb minor counties collection,1
Birkenhead Victoria v New Brighton,55,18950817,match information,Tony Webb minor counties collection,1
Wallasey v Northern Second XI,55,18950817,match information,Tony Webb minor counties collection,1
New Brighton A XI v Aigburth,55,18950817,match information,Tony Webb minor counties collection,1
Liverpool v Rock Ferry,55,18950817,match information,Tony Webb minor counties collection,2
Oxton v Huyton,55,18950817,match information,Tony Webb minor counties collection,2
Spital v Boughton Hall,55,18950817,match information,Tony Webb minor counties collection,2
Liverpool v Rock Ferry (second Elevens),55,18950817,match information,Tony Webb minor counties collection,1
Bromborough Pool v Birkenhead Police,55,18950817,match information,Tony Webb minor counties collection,1
Dawpool v Laird's Bros Draughtsmen,55,18950817,match information,Tony Webb minor counties collection,1
Stockport v Cheadle Hulme,56,18950824,match information,Tony Webb minor counties collection,2
Reddish Vale v R P Hammond's Team,56,18950824,match information,Tony Webb minor counties collection,2
Lads' Club Second v St Thomas' Athletic,56,18950824,match information,Tony Webb minor counties collection,1
Didsbury Second v Poynton Second,56,18950824,match information,Tony Webb minor counties collection,1
Seymour Mead's v Stockport Post Office,56,18950821,match information,Tony Webb minor counties collection,2
Stockport Congregational Second v Longsight Third,56,18950824,match information,Tony Webb minor counties collection,2
Cheetham v Levenshulme Second Elevens,56,18950000,match information,Tony Webb minor counties collection,1
Bollington v Fairfield,56,18950000,match information,Tony Webb minor counties collection,1
Didsbury v Poynton,56,18950824,match information,Tony Webb minor counties collection,2
Chorlton A Team v Macclesfield Conservative Club,56,18950000,match information,Tony Webb minor counties collection,1
Stockport Second v Cheadle Hulme Second,56,18950824,match information,Tony Webb minor counties collection,1
Cheadle Hulme v Stockport,57,18950824,match information,Tony Webb minor counties collection,2
Langley v Bollington Second,57,18950824,match information,Tony Webb minor counties collection,1
Phoenix v Cornbrook,57,18950824,match information,Tony Webb minor counties collection,1
Middlesex v Lancashire,57,18950817,match information,Tony Webb minor counties collection,1
Reddish St Joseph's v Hyde St Thomas',57,18950824,match information,Tony Webb minor counties collection,1
Macclesfield Second v St George's,57,18950824,match information,Tony Webb minor counties collection,1
Chorlton A Team v Macclesfield Conservative Club,57,18950817,match information,Tony Webb minor counties collection,1
Bollington v Fairfield,57,18950817,match information,Tony Webb minor counties collection,1
Didsbury v Poynton,57,18950824,match information,Tony Webb minor counties collection,2
Seymour Mead's v Stockport Post Office,57,18950821,match information,Tony Webb minor counties collection,2
Didsbury Second v Poynton Second,57,18950817,match information,Tony Webb minor counties collection,1
Reddish Vale v R P Hammond's Team,57,18950824,match information,Tony Webb minor counties collection,2
Lads' Club Second v St Thomas' Athletic,57,18950817,match information,Tony Webb minor counties collection,1
Cheetham v Levenshulme Second Elevens,57,18950817,match information,Tony Webb minor counties collection,1
Stockport Congregational Second v Longsight Third,57,18950824,match information,Tony Webb minor counties collection,2
Liverpool,58,18950913,statistics,Tony Webb minor counties collection,1
Liverpool player statistics,58,18950913,statistics,Tony Webb minor counties collection,1
Northern,58,18950913,statistics,Tony Webb minor counties collection,1
Northern player statistics,58,18950913,statistics,Tony Webb minor counties collection,1
Liverpool v Flint,58,18950907,match information,Tony Webb minor counties collection,1
Prescot,58,18950913,statistics,Tony Webb minor counties collection,1
Prescot player statistics,58,18950913,statistics,Tony Webb minor counties collection,1
Formby,58,18950913,statistics,Tony Webb minor counties collection,1
Formby player statistics,58,18950913,statistics,Tony Webb minor counties collection,1
Birkenhead Victoria,58,18950913,statistics,Tony Webb minor counties collection,1
Birkenhead Victoria player statistics,58,18950913,statistics,Tony Webb minor counties collection,1
Birkenhead Park,59,18950000,statistics,Tony Webb minor counties collection,1
Oxon,59,18950000,statistics,Tony Webb minor counties collection,1
Rock Ferry,59,18950000,statistics,Tony Webb minor counties collection,1
St. Aidan's,59,18950000,statistics,Tony Webb minor counties collection,1
Birkenhead Victoria 1st Eleven,59,18950000,statistics,Tony Webb minor counties collection,1
A Match Between Liverpool And Oxton,59,18950913,match information,Tony Webb minor counties collection,1
Rock Ferry v Cheadle Hulme,59,18950913,match information,Tony Webb minor counties collection,1
New Brighton v Formby,59,18950907,match information,Tony Webb minor counties collection,1
Wallasey v Oxton Second XI,59,18950913,match information,Tony Webb minor counties collection,1
Bootle v Birkenhead Victoria,59,18950913,match information,Tony Webb minor counties collection,1
Bromborough Pool v Spital,59,18950913,match information,Tony Webb minor counties collection,1
Tranmere Wesley v West Derby Second,59,18950913,match information,Tony Webb minor counties collection,1
YMCA v Ravenscroft,59,18950913,match information,Tony Webb minor counties collection,1
Birkenhead Park,59,18950907,team information,Tony Webb minor counties collection,1
Birkenhead Park,59,18950914,team information,Tony Webb minor counties collection,1
Birkenhead Park,60,18950900,statistics,Tony Webb minor counties collection,1
Rock Ferry First Eleven,60,18950900,statistics,Tony Webb minor counties collection,1
Rock Ferry Second Eleven,60,18950900,statistics,Tony Webb minor counties collection,1
Oxton,60,18950900,statistics,Tony Webb minor counties collection,1
Oxton Second Eleven,60,18950900,statistics,Tony Webb minor counties collection,1
Birkenhead Victoria First Eleven,60,18950900,statistics,Tony Webb minor counties collection,1
Rock Ferry v Cheadle Hulme,61,18950907,match information,Tony Webb minor counties collection,1
Wallasey v Oxton Second XI,61,18950907,match information,Tony Webb minor counties collection,1
Rock Ferry Second v Cheadle Hulme Second,61,18950907,match information,Tony Webb minor counties collection,1
Spital v Bromborough Pool,61,18950907,match information,Tony Webb minor counties collection,1
YMCA v Ravenscroft,61,18950907,match information,Tony Webb minor counties collection,1
Transmere Wesley v West Derby Second,61,18950907,match information,Tony Webb minor counties collection,1
Gardeners v Coachmen,61,18950911,match information,Tony Webb minor counties collection,1
Birkenhead St John's v Cedar,61,18950907,match information,Tony Webb minor counties collection,1
Bebington Bible Class v Magazines,61,18950907,match information,Tony Webb minor counties collection,1
Rock Ferry team aggregates,61,18950907,statistics,Tony Webb minor counties collection,1
Oxton player statistics,61,18950907,statistics,Tony Webb minor counties collection,1
Birkenhead Victoria team aggregates,61,18950907,statistics,Tony Webb minor counties collection,1
Liverpool v Oxton,61,18950907,match information,Tony Webb minor counties collection,1
Penzance v Helston,62,18950809,match information,Tony Webb minor counties collection,1
Gulval v Goldsithney,62,18950809,match information,Tony Webb minor counties collection,1
Kehelland v Lelant,62,18950810,match information,Tony Webb minor counties collection,1
Daniel's XI v Brewer's XI,62,18950800,match information,Tony Webb minor counties collection,1
Truro v Penzance,63,18950816,match information,Tony Webb minor counties collection,2
Lelant v Rev Gillett's (gwithian) XI,63,18950817,match information,Tony Webb minor counties collection,2
Troon v Illogan,63,18950817,match information,Tony Webb minor counties collection,2
St Austell v St Columb,64,18950817,match information,Tony Webb minor counties collection,1
St Mawes v Gerrans,64,18950817,match information,Tony Webb minor counties collection,1
Camborne v HMS Ganges,64,18950817,match information,Tony Webb minor counties collection,1
Pool v Redruth,64,18950817,match information,Tony Webb minor counties collection,2
Falmouth v Visitors,64,18950817,match information,Tony Webb minor counties collection,1
Launceston v St Mary's (launceston),64,18950823,match information,Tony Webb minor counties collection,1
Truro v Penzance,64,18950817,match information,Tony Webb minor counties collection,1
Old Probians v Exiles,65,18950819,match information,Tony Webb minor counties collection,1
Old Probians v Redruth,65,18950821,match information,Tony Webb minor counties collection,1
Truro v Penzance,65,18950816,match information,Tony Webb minor counties collection,2
Troon v Camborne,65,18950822,match information,Tony Webb minor counties collection,1
Troon v Illogan,65,18950817,match information,Tony Webb minor counties collection,2
Pool v Redruth,65,18950817,match information,Tony Webb minor counties collection,2
Lelant Union Jacks v Penzance Wanderers,66,18950830,match information,Tony Webb minor counties collection,2
Goldsithney v Penzance YMCA,66,18950831,match information,Tony Webb minor counties collection,1
Camborne v Madron,66,18950831,match information,Tony Webb minor counties collection,1
Troon v Helston,66,18950830,match information,Tony Webb minor counties collection,2
Madron Second XI v Lelant,66,18950830,match information,Tony Webb minor counties collection,1
Falmouth v Redruth,66,18950830,match information,Tony Webb minor counties collection,1
Sennen v New Downs Larks,66,18950831,match information,Tony Webb minor counties collection,1
Madron Second v Lelant,67,18950831,match information,Tony Webb minor counties collection,1
Falmouth v HMS Ganges,67,18950829,match information,Tony Webb minor counties collection,1
Morval v Antony,67,18950904,match information,Tony Webb minor counties collection,1
Lelant Union Jacks v Penzance Wanderers,67,18950830,match information,Tony Webb minor counties collection,2
Cornwall County Asylum v St Breward,67,18950824,match information,Tony Webb minor counties collection,1
Falmouth v Helston,67,18950903,match information,Tony Webb minor counties collection,1
St Columb v St Blazey,67,18950904,match information,Tony Webb minor counties collection,1
Padstow v Polseath Visitors,67,18950904,match information,Tony Webb minor counties collection,1
Troon v Helston,67,18950830,match information,Tony Webb minor counties collection,2
Grampound v Ladock,67,18950831,match information,Tony Webb minor counties collection,1
Camborne v Madron,67,18950903,match information,Tony Webb minor counties collection,1
Newquay Visitors v Padstow,67,18950902,match information,Tony Webb minor counties collection,1
Exiles v Penzance,67,18950902,match information,Tony Webb minor counties collection,1
Falmouth v Redruth,67,18950831,match information,Tony Webb minor counties collection,1
Devoran v HMS Ganges,67,18950831,match information,Tony Webb minor counties collection,1
Launceston v Bude,67,18950831,match information,Tony Webb minor counties collection,1
Truro v St Austell,67,18950831,match information,Tony Webb minor counties collection,1
Truro,68,18950930,team information,Tony Webb minor counties collection,1
Truro Cricket Club team aggregates,68,18950900,statistics,Tony Webb minor counties collection,1
RMLI v Plymouth College,69,18950704,match information,Tony Webb minor counties collection,1
Plymouth v Stonehouse,69,18950704,match information,Tony Webb minor counties collection,2
Torquay v HMS Britannia,69,18950704,match information,Tony Webb minor counties collection,2
Cheveley Hall v Mutley Grammar School,69,18950704,match information,Tony Webb minor counties collection,1
Beaconsfield v Plymouth College Second XI,69,18950704,match information,Tony Webb minor counties collection,1
St Andrew's v Mannamead School Second XI,69,18950704,match information,Tony Webb minor counties collection,1
South Devon v Totnes,69,18950704,match information,Tony Webb minor counties collection,1
Tavistock v Kelly College,69,18950704,match information,Tony Webb minor counties collection,1
Hatherleigh v Bow,69,18950704,match information,Tony Webb minor counties collection,1
Bodmin v St Blazey,69,18950703,match information,Tony Webb minor counties collection,1
Plymouth Borough Asylum v Totnes,69,18950703,match information,Tony Webb minor counties collection,1
Penzance v Helston,69,18950705,match information,Tony Webb minor counties collection,1
Exeter Cathedral School v Wonford House,70,18950703,match information,Tony Webb minor counties collection,1
Plymouth v Stonehouse,70,18950704,match information,Tony Webb minor counties collection,2
Torquay v HMS Britannia,70,18950704,match information,Tony Webb minor counties collection,2
Exmouth v A Kindersley's XI,70,18950703,match information,Tony Webb minor counties collection,1
Devon v Cornwall,71,18950722,match information,Tony Webb minor counties collection,1
Somerset Light Infantry v Somerset,71,18950722,match information,Tony Webb minor counties collection,1
Britannia v Cambridge Energetics,71,18950720,match information,Tony Webb minor counties collection,1
Illogan v Camborne,71,18950720,match information,Tony Webb minor counties collection,1
Gyep School v Plympton Grammar School,71,18950720,match information,Tony Webb minor counties collection,1
Sharpshooters v Ganges,71,18950720,match information,Tony Webb minor counties collection,1
Truro College v Falmouth,71,18950720,match information,Tony Webb minor counties collection,1
GWR v Stonehouse,71,18950720,match information,Tony Webb minor counties collection,1
Wolsdon v St Germans,71,18950720,match information,Tony Webb minor counties collection,1
Cornwall County v Plymouth And District,71,18950720,match information,Tony Webb minor counties collection,1
Ford v Marines,71,18950720,match information,Tony Webb minor counties collection,1
Beccles College v Norfolk County Asylum,71,18950722,match information,Tony Webb minor counties collection,1
Fitzwilliam Lawn Tennis Club v R H Lambert,71,18950722,match information,Tony Webb minor counties collection,1
Exeter League,71,18950000,organisation information,Tony Webb minor counties collection,1
Exeter League match between Exeter and Plymouth Leagues,71,18950000,fixture information,Tony Webb minor counties collection,1
Exeter League match between Exeter League and St. Andrew's Chapel Junior League,71,18950000,fixture information,Tony Webb minor counties collection,1
"Playing For Exe Valley First On Saturday, Against Storcross",71,18950720,match information,Tony Webb minor counties collection,1
Raglan Barracks v North Devon,72,18950807,match information,Tony Webb minor counties collection,1
Tavistock v Plymouth,72,18950806,match information,Tony Webb minor counties collection,1
Plymouth Police v Sherwill,72,18950807,match information,Tony Webb minor counties collection,1
Sidmouth v Incogniti,72,18950807,match information,Tony Webb minor counties collection,1
Exmouth v Blue Mantles,72,18950807,match information,Tony Webb minor counties collection,1
Padstow v Littlepetherick,72,18950806,match information,Tony Webb minor counties collection,1
Exeter v North Devon,73,18950815,match information,Tony Webb minor counties collection,1
Exmouth v South Hampstead,73,18950814,match information,Tony Webb minor counties collection,2
Yorkshire v Essex,73,18950815,match information,Tony Webb minor counties collection,1
Incogniti v Ishmaelites,73,18950815,match information,Tony Webb minor counties collection,2
Baron Falkenstein's XI v C G Lovesey's XI,73,18950812,match information,Tony Webb minor counties collection,1
Teignbridge v North Devon,73,18950815,match information,Tony Webb minor counties collection,2
Bedminster v Plymouth Garrison,74,18950815,match information,Tony Webb minor counties collection,1
Plymouth Police v 7th Co WDRA,74,18950815,match information,Tony Webb minor counties collection,1
Incogniti v Ishmaelites,74,18950815,match information,Tony Webb minor counties collection,2
Sidmouth v Seaton,74,18950814,match information,Tony Webb minor counties collection,1
Exmouth v South Hampstead,74,18950814,match information,Tony Webb minor counties collection,2
Teignbridge v North Devon,74,18950815,match information,Tony Webb minor counties collection,2
Devon v M.C.C.,74,18950812,fixture information,Tony Webb minor counties collection,1
Seaton v Ealing,75,18950816,match information,Tony Webb minor counties collection,1
Killerton v Exe Valley II,75,18950821,match information,Tony Webb minor counties collection,1
Devon County Asylum v Newbery's XI,75,18950817,match information,Tony Webb minor counties collection,1
Exmouth v Mr W Copleston's Team,75,18950820,match information,Tony Webb minor counties collection,1
Wiveliscombe v Wellington (home Team),75,18950817,match information,Tony Webb minor counties collection,1
Bradfield v Ashill,75,18950821,match information,Tony Webb minor counties collection,1
Bridge Mills Silverton v Uffculme,75,18950817,match information,Tony Webb minor counties collection,1
Sidmouth v Ealing,75,18950820,match information,Tony Webb minor counties collection,1
Ishmaelites v South Devon,76,18950816,match information,Tony Webb minor counties collection,1
Naval Ordnance v Plymouth Borough Asylum,76,18950817,match information,Tony Webb minor counties collection,1
Plymouth Police v Nomads,76,18950816,match information,Tony Webb minor counties collection,1
Bull Point v Plymouth Borough Police,76,18950817,match information,Tony Webb minor counties collection,1
Stonehouse Reserve v Naval Ordnance Reserve,76,18950817,match information,Tony Webb minor counties collection,1
Yealmpiton v Ivybridge,76,18950817,match information,Tony Webb minor counties collection,1
Tavistock B v RN Engineers Second XI,76,18950817,match information,Tony Webb minor counties collection,1
Sidmouth v Ealing,76,18950816,match information,Tony Webb minor counties collection,1
Lelant v Rev Gillett's (gwithian) XI,76,18950817,match information,Tony Webb minor counties collection,2
Clearbrook v Petertavy,76,18950817,match information,Tony Webb minor counties collection,1
Falmouth v Helston,77,18950829,match information,Tony Webb minor counties collection,1
Tiverton v Swansea Tourists,77,18950828,match information,Tony Webb minor counties collection,1
Sidmouth v MCC,77,18950828,match information,Tony Webb minor counties collection,1
Exeter v Swansea Tourists,77,18950828,match information,Tony Webb minor counties collection,1
St Columb v St Blazey,77,18950828,match information,Tony Webb minor counties collection,1
Padstow v Polseath Visitors,77,18950828,match information,Tony Webb minor counties collection,1
Dartmoor Prison Officers v Westbrook,77,18950830,match information,Tony Webb minor counties collection,1
Bude v Campleford,78,18950824,match information,Tony Webb minor counties collection,1
Galmpton v Ipplepen,78,18950824,match information,Tony Webb minor counties collection,1
Troon v Perranarworthal,78,18950824,match information,Tony Webb minor counties collection,1
Bull Point v Press,78,18950824,match information,Tony Webb minor counties collection,1
Swansea Tourists v Exmouth,78,18950823,match information,Tony Webb minor counties collection,1
Plymouth Garrison v Cornwall County,78,18950828,match information,Tony Webb minor counties collection,1
Sopley v Ringwood Cyclists,79,18950905,match information,Tony Webb minor counties collection,1
Married v Single,79,18950907,match information,Tony Webb minor counties collection,1
United v East Cliff,79,18950911,match information,Tony Webb minor counties collection,1
United II v Bournemouth Swimming Club,79,18950911,match information,Tony Webb minor counties collection,1
United II v St Michael's Institute,79,18950918,match information,Tony Webb minor counties collection,1
United v St Andrew's,79,18950925,match information,Tony Webb minor counties collection,1
Poole Park v L & SWR Co.,79,18950831,match information,Tony Webb minor counties collection,1
Milford v Milford Visitors,79,18950831,match information,Tony Webb minor counties collection,1
Sopley v G M Nicholson's XI,79,18950828,match information,Tony Webb minor counties collection,1
United v Royal Artillery,79,18950904,match information,Tony Webb minor counties collection,1
Pylewell Park v Pennington,79,18950831,match information,Tony Webb minor counties collection,1
Pylewell Park v Boldre,79,18950824,match information,Tony Webb minor counties collection,1
Bournemouth v Lulworth Lobsters,80,18950903,match information,Tony Webb minor counties collection,1
Bournemouth,80,18950628,team information,Tony Webb minor counties collection,1
Bournemouth player statistics,80,18950628,statistics,Tony Webb minor counties collection,1
The Pylewell Park Season Finished On Saturday,80,18950831,match information,Tony Webb minor counties collection,1
Pylewell player statistics,80,18950706,statistics,Tony Webb minor counties collection,1
Arnold College v Civil Service,81,18950803,match information,Tony Webb minor counties collection,1
Arnold College Cricket Club player statistics,81,18950000,statistics,Tony Webb minor counties collection,1
United v Cornish's XI,81,18950807,match information,Tony Webb minor counties collection,1
Poole Park v Blandford,81,18950807,match information,Tony Webb minor counties collection,1
Bournemouth v MCC,81,18950800,match information,Tony Webb minor counties collection,1
Poole v Spencer Smith's XI,81,18950800,match information,Tony Webb minor counties collection,1
Mr Meyrick's XI v Ringwood,81,18950808,match information,Tony Webb minor counties collection,1
Bournemouth v Isle Of Purbeck,81,18950808,match information,Tony Webb minor counties collection,1
Hants v Warwickshire,81,18950808,match information,Tony Webb minor counties collection,1
Bournemouth v New Forest,81,18950809,match information,Tony Webb minor counties collection,1
Sopley v Christchurch RA,81,18950810,match information,Tony Webb minor counties collection,1
Poole v St Andrew's,81,18950810,match information,Tony Webb minor counties collection,1
Pennington v Pylewell Park,81,18950810,match information,Tony Webb minor counties collection,1
Bournemouth v Blandford,81,18950812,match information,Tony Webb minor counties collection,1
Lymington v Nondescripts,81,18950812,match information,Tony Webb minor counties collection,1
Corfe Castle v Poole,81,18950814,match information,Tony Webb minor counties collection,1
Wimborne II v Poole II,81,18950814,match information,Tony Webb minor counties collection,1
Bournemouth United v Bournemouth Wanderers,81,18950814,match information,Tony Webb minor counties collection,1
Broadstone v Bournemouth United II,81,18950814,match information,Tony Webb minor counties collection,1
Ringwood Cyclists v Ringwood,81,18950814,match information,Tony Webb minor counties collection,1
Hants v Sussex,81,18950814,match information,Tony Webb minor counties collection,1
Captain Nicholl's XI v J A Brook's XI,82,18950603,match information,Tony Webb minor counties collection,1
Durham University v St George's Newcastle,82,18950603,match information,Tony Webb minor counties collection,1
Craghead v Ouston,82,18950603,match information,Tony Webb minor counties collection,1
Harraton v Bill Quay Albion,82,18950603,match information,Tony Webb minor counties collection,1
Felling Temperance v Washington,82,18950603,match information,Tony Webb minor counties collection,1
City Asylum Wesley Chapel,82,18950603,match information,Tony Webb minor counties collection,1
Ouston Wanderers v Craghead Colliery,82,18950603,match information,Tony Webb minor counties collection,1
Delaval Hall v Seghill,82,18950603,match information,Tony Webb minor counties collection,1
Kirkley v Mitford,82,18950603,match information,Tony Webb minor counties collection,1
Whickham v Benwell Hill,82,18950603,match information,Tony Webb minor counties collection,1
Bishop Auckland v Spennymoor,82,18950603,match information,Tony Webb minor counties collection,1
Mitford v Hartley Hastings Second XI,83,18950531,match information,Tony Webb minor counties collection,1
KOSB v Alnwick Wednesday,83,18950603,match information,Tony Webb minor counties collection,1
YMCA v Hebburn St John's,83,18950601,match information,Tony Webb minor counties collection,1
Crook v Hetton Lyons,83,18950601,match information,Tony Webb minor counties collection,1
Bywell v Newton,83,18950601,match information,Tony Webb minor counties collection,1
Ryton v Gateshead Fell,83,18950601,match information,Tony Webb minor counties collection,1
Stanley And District v Durham City Second XI,83,18950601,match information,Tony Webb minor counties collection,1
Pleasant Sunday Afternoon Newcastle v Newbiggin Institute,83,18950527,match information,Tony Webb minor counties collection,1
North Durham First XI v Rockcliff First XI,83,18950527,match information,Tony Webb minor counties collection,1
Coldstream v Kelso,83,18950601,match information,Tony Webb minor counties collection,1
Greenside v Ovingham,83,18950601,match information,Tony Webb minor counties collection,1
Alnwick v North Eastern Newcastle,83,18950603,match information,Tony Webb minor counties collection,1
Longhirst v Bothal,83,18950601,match information,Tony Webb minor counties collection,1
Consett And District v Elswick Works,83,18950527,match information,Tony Webb minor counties collection,1
Eppleton Second v Hamsteels First,84,18950600,match information,Tony Webb minor counties collection,1
Tudhoe v Norton Second,84,18950604,match information,Tony Webb minor counties collection,1
Morpeth YMCA v Ashington Excelsior,84,18950527,match information,Tony Webb minor counties collection,1
The Hermitage v Henderson's Scratch XI,84,18950603,match information,Tony Webb minor counties collection,1
Sunderland v South Shields,85,18950628,team information,Tony Webb minor counties collection,1
Philadelphia v Whitburn,85,18950622,match information,Tony Webb minor counties collection,1
Deptford Ramblers v Hendon Waverley,85,18950628,team information,Tony Webb minor counties collection,1
St Luke's v St Hilda's,85,18950622,match information,Tony Webb minor counties collection,1
Pallion Institute v Ven Bede's,85,18950622,match information,Tony Webb minor counties collection,1
Alexandra Amateurs v Fulwell C.I,85,18950000,team information,Tony Webb minor counties collection,1
West End Ramblers v Deptford,85,18950622,match information,Tony Webb minor counties collection,1
Franklin v Roker Park,85,18950000,team information,Tony Webb minor counties collection,1
Trimdon-Street Wesleyans v Fulwell,85,18950622,match information,Tony Webb minor counties collection,1
Havelock v Hendon P.M,85,18950000,team information,Tony Webb minor counties collection,1
Sunderland II v South Shields I,85,18950622,match information,Tony Webb minor counties collection,1
Black Watch v Seaham Ernest,85,18950000,team information,Tony Webb minor counties collection,1
Penshaw Church v Seaham Ernest,85,18950622,match information,Tony Webb minor counties collection,1
New Seaham MIA v Monkwearmouth,85,18950622,match information,Tony Webb minor counties collection,1
Tyne Dock NER Juniors v High Fell,86,18950702,match information,Tony Webb minor counties collection,1
Moorsley First v Hetton Lyons,86,18950703,match information,Tony Webb minor counties collection,1
West Denton v Whickham Second,86,18950705,match information,Tony Webb minor counties collection,1
Heaton Guild v Percy YMCA,86,18950703,match information,Tony Webb minor counties collection,1
Haltwhistle v Humshaugh,86,18950704,match information,Tony Webb minor counties collection,1
Elswick Works Second v Jarrow,86,18950704,match information,Tony Webb minor counties collection,1
Gateshead Presbyterian v Swalwell United,86,18950703,match information,Tony Webb minor counties collection,1
Gallowhill v Backworth,86,18950704,match information,Tony Webb minor counties collection,1
Wesley Chapel v South Shields Third,86,18950702,match information,Tony Webb minor counties collection,1
Seghill v Blagdon,86,18950705,match information,Tony Webb minor counties collection,1
Hetton Lyons v Sherburn,86,18950702,match information,Tony Webb minor counties collection,1
Whickham v Benwell Hill,86,18950705,match information,Tony Webb minor counties collection,1
Bothal v Netherwitton,86,18950703,match information,Tony Webb minor counties collection,1
Acklington And District v Lesbury,86,18950706,match information,Tony Webb minor counties collection,1
C Bewicke XI v Northern Nomads,86,18950709,match information,Tony Webb minor counties collection,1
The Borderers v Northern Nomads,86,18950711,match information,Tony Webb minor counties collection,2
Capt Nicholls XI v Northern Nomads,86,18950712,match information,Tony Webb minor counties collection,1
South Northumberland v Elswick Works,86,18950712,match information,Tony Webb minor counties collection,1
Royal Grammar School Second v Wesley Chapel Second,87,18950709,match information,Tony Webb minor counties collection,1
Murton Colliery Second v New Seaham Earnest Second,87,18950709,match information,Tony Webb minor counties collection,1
Eppleton v South Hetton,87,18950709,match information,Tony Webb minor counties collection,1
Howick v Warkworth,87,18950709,match information,Tony Webb minor counties collection,1
Close House v Tynedale,87,18950709,match information,Tony Webb minor counties collection,1
Elswick Works v Royal Grammar School,87,18950706,match information,Tony Webb minor counties collection,1
Rockliff v Benwell,87,18950709,match information,Tony Webb minor counties collection,1
North-Eastern County School v Darlington Grammar School,87,18950706,match information,Tony Webb minor counties collection,1
Ladies v Gentlemen,87,18950709,match information,Tony Webb minor counties collection,1
Ryton v Quayside Wanderers,87,18950709,match information,Tony Webb minor counties collection,1
Felling Temperance Second v High Fell First,88,18950710,match information,Tony Webb minor counties collection,1
Felling Temperance v Washington,88,18950710,match information,Tony Webb minor counties collection,1
Winlaton v Greenside,88,18950710,match information,Tony Webb minor counties collection,1
Hermitage v Waldridge,88,18950710,match information,Tony Webb minor counties collection,1
Castor,89,18950711,biography,Tony Webb minor counties collection,1
Newcastle Daily Journal,89,18950711,newspaper cuttings,Tony Webb minor counties collection,1
Bewicke's XI v Northern Nomads,89,18950709,match information,Tony Webb minor counties collection,1
MR BEWICKE'S XI player statistics,89,18950711,statistics,Tony Webb minor counties collection,1
Northern Nomads player statistics,89,18950711,statistics,Tony Webb minor counties collection,1
Chilton Moor Wednesday v Pittington Wednesday,90,18950710,match information,Tony Webb minor counties collection,1
Seaham Harbour Tradesmen v Easington,90,18950628,match information,Tony Webb minor counties collection,1
YMCA v Salem Athletic,90,18950628,match information,Tony Webb minor counties collection,1
Tynemouth Second XI v Backworth Percy,90,18950628,match information,Tony Webb minor counties collection,1
Alnwick Reserve v Alnwick Wednesday,90,18950628,match information,Tony Webb minor counties collection,1
St George's Second XI v Northumberland Second XI,90,18950628,match information,Tony Webb minor counties collection,1
Spennymoor Wednesday v Tudhoe,90,18950628,match information,Tony Webb minor counties collection,1
Alnwick Wednesday v London And NB Works,90,18950628,match information,Tony Webb minor counties collection,1
Wallsend Second XI v South Northumberland Second XI,90,18950628,match information,Tony Webb minor counties collection,1
Singleton House School v South Shields High School,90,18950710,match information,Tony Webb minor counties collection,1
South Northumberland v Elswick Works,90,18950706,match information,Tony Webb minor counties collection,1
Northern Nomads v The Borderers,90,18950711,match information,Tony Webb minor counties collection,2
Northumberland County Club notice,91,18950829,newspaper cuttings,Tony Webb minor counties collection,1
Clayton's XI v R G Mortimer's XI,91,18950829,match information,Tony Webb minor counties collection,1
A Browne's XI v H J Salmon's XI,91,18950902,match information,Tony Webb minor counties collection,1
Bewicke's XI v Mr F C H Clayton's XI,91,18950828,match information,Tony Webb minor counties collection,1
A. C. Maclaren's average,91,18950827,player information,Tony Webb minor counties collection,1
Berwick v Kelso,91,18950828,match information,Tony Webb minor counties collection,1
Doxford v Spencer Ferguson's XI,91,18950827,match information,Tony Webb minor counties collection,1
Acklington And District v Alnmouth,92,18950828,match information,Tony Webb minor counties collection,1
Mortimer's XI v Clayton's XI,92,18950816,match information,Tony Webb minor counties collection,1
Acklington And District v Broomhill,92,18950821,match information,Tony Webb minor counties collection,1
Acklington And District v Alnwick,92,18950828,match information,Tony Webb minor counties collection,1
Mr Browne's Team v H J Salmon's Team,92,18950826,match information,Tony Webb minor counties collection,1
Ashington Portland v Alnmouth,92,18950828,match information,Tony Webb minor counties collection,1
Cardiff and District League team aggregates,93,18950713,statistics,Tony Webb minor counties collection,1
Cardiff and District League match list,93,18950713,team information,Tony Webb minor counties collection,1
Cardiff and District League match list (Decisions),93,18950720,team information,Tony Webb minor counties collection,1
Swansea v Llandovery,93,18950615,match information,Tony Webb minor counties collection,1
Penarth v Water Rats,93,18950615,match information,Tony Webb minor counties collection,1
Gentlemen Of Monmouthshire v RME Militia,94,18950803,match information,Tony Webb minor counties collection,1
Cardiff v Bristol Schoolmasters,94,18950729,match information,Tony Webb minor counties collection,1
Windsor v Grange Conservatives,94,18950801,match information,Tony Webb minor counties collection,1
Swansea Second v Singleton,94,18950803,match information,Tony Webb minor counties collection,1
Herefordshire C And G v Cathedral School,95,18950704,match information,Tony Webb minor counties collection,1
Malvern College v Sherborne School,95,18950703,match information,Tony Webb minor counties collection,1
Ludlow Second XI v Ludlow Grammar School,95,18950703,match information,Tony Webb minor counties collection,1
Usk Second XI v Newport Third XI,95,18950629,match information,Tony Webb minor counties collection,1
Leominster v Herford Cathedral School,95,18950703,match information,Tony Webb minor counties collection,1
Ewyas Harold And Pontylas v Garway United,95,18950627,match information,Tony Webb minor counties collection,1
Ludlow Second XI v Young Men's Christian Association,95,18950704,match information,Tony Webb minor counties collection,1
Ludlow And South Shropshire v Hereford County College,95,18950629,match information,Tony Webb minor counties collection,1
Colwall v Wellington Heath,95,18950629,match information,Tony Webb minor counties collection,1
Bosbury v Stoke Lacy,95,18950627,match information,Tony Webb minor counties collection,1
Ineson's XI v Carrington's D'oyley Carte's XI,95,18950629,match information,Tony Webb minor counties collection,1
Hereford Cathedral School v Lugwardine,95,18950629,match information,Tony Webb minor counties collection,1
Lugwardine Second XI v Hereford Cathedral School Second XI,95,18950629,match information,Tony Webb minor counties collection,1
Hereford County College v Hay,95,18950630,match information,Tony Webb minor counties collection,1
Lucton School v Presteign,95,18950703,match information,Tony Webb minor counties collection,1
Schoolmasters v Presteign,95,18950629,match information,Tony Webb minor counties collection,1
Herefordshire Club And Ground v Ross,96,18950629,match information,Tony Webb minor counties collection,1
Herefordshire Club And Ground v Ludlow And South Shropshire,96,18950711,match information,Tony Webb minor counties collection,1
Herefordshire Club And Ground v Leominster,96,18950713,match information,Tony Webb minor counties collection,2
Herefordshire Club And Ground v Glamorganshire,96,18950715,match information,Tony Webb minor counties collection,1
Herefordshire Club And Ground v MCC,96,18950722,match information,Tony Webb minor counties collection,2
Herefordshire Club And Ground v Monmouthshire,96,18950724,match information,Tony Webb minor counties collection,2
Herefordshire Club And Ground v Breconshire,96,18950726,match information,Tony Webb minor counties collection,2
Hereford Cathedral School Second XI v Lucton,96,18950629,match information,Tony Webb minor counties collection,1
Hereford Cathedral School v Ross,96,18950629,match information,Tony Webb minor counties collection,1
Hereford County College v Dean Close School,96,18950629,match information,Tony Webb minor counties collection,1
Ludlow And South Shropshire v Salop School,96,18950629,match information,Tony Webb minor counties collection,1
Lugwardine And Withington v Marden,96,18950629,match information,Tony Webb minor counties collection,1
Hereford Cathedral School v Oswestry School,96,18950710,match information,Tony Webb minor counties collection,1
Hereford County College v Leominster,96,18950710,match information,Tony Webb minor counties collection,1
Brynmawr v Blaina,96,18950710,match information,Tony Webb minor counties collection,1
Ludlow And South Shropshire v Tenbury,96,18950713,match information,Tony Webb minor counties collection,2
Hereford County College v Crickhowell,96,18950713,match information,Tony Webb minor counties collection,1
Hereford Cathedral School v Bodenham,96,18950713,match information,Tony Webb minor counties collection,1
Lugwardine And Withington Reserve XI v Cathedral School,96,18950713,match information,Tony Webb minor counties collection,1
Brynmawr v New Tredegar,96,18950713,match information,Tony Webb minor counties collection,1
Hereford Cathedral School Second XI v Lugwardine Second XI,96,18950713,match information,Tony Webb minor counties collection,1
Ludlow And South Shropshire v Hereford Cathedral School,96,18950717,match information,Tony Webb minor counties collection,2
Brynmawr v Cwmcarn,96,18950717,match information,Tony Webb minor counties collection,1
Hereford County College v Abergavenny,96,18950718,match information,Tony Webb minor counties collection,1
Ludlow And South Shropshire v Shropshire,96,18950720,match information,Tony Webb minor counties collection,2
Hereford County College v Ross,96,18950720,match information,Tony Webb minor counties collection,1
Lugwardine And Withington v Stoke Lacy,96,18950720,match information,Tony Webb minor counties collection,1
Brynmawr v Beaufort,96,18950720,match information,Tony Webb minor counties collection,1
Hereford Cathedral School v Harewood,96,18950720,match information,Tony Webb minor counties collection,1
Hereford County College v Old Boys,96,18950724,match information,Tony Webb minor counties collection,2
Brynmawr v Ebbw Vale,96,18950724,match information,Tony Webb minor counties collection,2
Lugwardine And Withington v St Martin's,96,18950727,match information,Tony Webb minor counties collection,2
Ludlow And South Shropshire v Lucton School,96,18950727,match information,Tony Webb minor counties collection,2
Hereford Cathedral School v Past,96,18950730,match information,Tony Webb minor counties collection,1
Ludlow And South Shropshire v Royal Monmouth Engineers,96,18950729,match information,Tony Webb minor counties collection,1
Herefordshire Club And Ground v MCC,97,18950722,match information,Tony Webb minor counties collection,2
Herefordshire Club And Ground v Monmouthshire,97,18950724,match information,Tony Webb minor counties collection,2
Herefordshire Club And Ground v Breconshire,97,18950726,match information,Tony Webb minor counties collection,2
Hereford County College v Ross,97,18950713,match information,Tony Webb minor counties collection,1
Hereford Cathedral School v Harewood,97,18950713,match information,Tony Webb minor counties collection,1
Ludlow And South Shropshire v Shropshire,97,18950713,match information,Tony Webb minor counties collection,1
Lugwardine And Withington v Stoke Lacy,97,18950713,match information,Tony Webb minor counties collection,1
Brynmawr v Beaufort,97,18950713,match information,Tony Webb minor counties collection,1
Hereford County College v Old Boys,97,18950724,match information,Tony Webb minor counties collection,2
Brynmawr v Ebbw Vale,97,18950724,match information,Tony Webb minor counties collection,2
Lugwardine And Withington v St Martin's,97,18950727,match information,Tony Webb minor counties collection,2
Ludlow And South Shropshire v Lucton School,97,18950727,match information,Tony Webb minor counties collection,2
Kent v Surrey,97,18950722,match information,Tony Webb minor counties collection,1
Lancashire v Gloucestershire,97,18950722,match information,Tony Webb minor counties collection,1
Yorkshire v Somerset,97,18950722,match information,Tony Webb minor counties collection,1
Sussex v Notts,97,18950722,match information,Tony Webb minor counties collection,1
Warwickshire v Leicestershire,97,18950722,match information,Tony Webb minor counties collection,1
Surrey v Sussex,97,18950725,match information,Tony Webb minor counties collection,1
Notts v Gloucestershire,97,18950725,match information,Tony Webb minor counties collection,1
Lancashire v Somerset,97,18950725,match information,Tony Webb minor counties collection,1
Gentlemen v Players Of Yorkshire,97,18950726,match information,Tony Webb minor counties collection,1
Derbyshire v Surrey,97,18950729,match information,Tony Webb minor counties collection,1
Yorkshire v Gloucestershire,97,18950729,match information,Tony Webb minor counties collection,2
Kent v Somerset,97,18950729,match information,Tony Webb minor counties collection,2
Warwickshire v Lancashire,97,18950729,match information,Tony Webb minor counties collection,2
Leicestershire v Hampshire,97,18950729,match information,Tony Webb minor counties collection,2
Birchir v Lucton School,97,18950713,match information,Tony Webb minor counties collection,1
Hereford Cathedral School v Ludlow And South Shropshire,97,18950717,match information,Tony Webb minor counties collection,2
Herefordshire Club And Ground v Ludlow And South Shropshire,97,18950718,match information,Tony Webb minor counties collection,1
Herefordshire Club And Ground v Leominster,97,18950713,match information,Tony Webb minor counties collection,2
Durham v Worcestershire,97,18950716,match information,Tony Webb minor counties collection,1
Bromyard v Ledbury,98,18950713,match information,Tony Webb minor counties collection,1
Monmouth v Ross,98,18950713,match information,Tony Webb minor counties collection,1
Downton Castle v Ashford Court,98,18950713,match information,Tony Webb minor counties collection,1
Hereford County College v Bosbury,98,18950711,match information,Tony Webb minor counties collection,1
Tenbury v Ludlow And South Shropshire,98,18950713,match information,Tony Webb minor counties collection,2
Ewyas Harold v Hereford St Martin's,98,18950713,match information,Tony Webb minor counties collection,1
Presteign v Weobley,98,18950713,match information,Tony Webb minor counties collection,1
Presteign v Malvern,99,18950718,match information,Tony Webb minor counties collection,1
Chepstow v Newport Third XI,99,18950724,match information,Tony Webb minor counties collection,1
Shropshire v Ludlow And South Shropshire,99,18950720,match information,Tony Webb minor counties collection,2
Knighton v Gisborne's XI,99,18950711,match information,Tony Webb minor counties collection,1
Knighton v Salmon's XI,99,18950717,match information,Tony Webb minor counties collection,1
Caynham Court v Greet,99,18950720,match information,Tony Webb minor counties collection,1
Dilwyn v Birley,99,18950720,match information,Tony Webb minor counties collection,1
Bosbury v Suckley,99,18950720,match information,Tony Webb minor counties collection,1
Herefordshire Club And Ground v Breconshire,100,18950720,match information,Tony Webb minor counties collection,1
Herefordshire Club And Ground v Free Foresters,100,18950805,match information,Tony Webb minor counties collection,1
Herefordshire Club And Ground v Glamorganshire,100,18950807,match information,Tony Webb minor counties collection,1
Herefordshire Club And Ground v Bromyard,100,18950812,match information,Tony Webb minor counties collection,1
Herefordshire Club And Ground v Ludlow And South Shropshire,100,18950812,match information,Tony Webb minor counties collection,1
Herefordshire Club And Ground v Monmouthshire,100,18950815,match information,Tony Webb minor counties collection,1
Herefordshire Club And Ground v Breconshire,100,18950823,match information,Tony Webb minor counties collection,1
Herefordshire Club And Ground v Ross,100,18950826,match information,Tony Webb minor counties collection,1
Herefordshire Club And Ground v Shropshire,100,18950828,match information,Tony Webb minor counties collection,1
Herefordshire Club And Ground v Lugwardine,100,18950831,match information,Tony Webb minor counties collection,1
Lugwardine And Withington v St Martin's,100,18950720,match information,Tony Webb minor counties collection,1
Ludlow And South Shropshire v Lucton School,100,18950720,match information,Tony Webb minor counties collection,1
Derbyshire v Surrey,100,18950722,match information,Tony Webb minor counties collection,1
Yorkshire v Gloucestershire,100,18950729,match information,Tony Webb minor counties collection,2
Kent v Somerset,100,18950729,match information,Tony Webb minor counties collection,2
Warwickshire v Lancashire,100,18950729,match information,Tony Webb minor counties collection,2
Leicestershire v Hampshire,100,18950729,match information,Tony Webb minor counties collection,2
Worcestershire v Hertfordshire,100,18950729,match information,Tony Webb minor counties collection,1
Leicestershire v Hampshire,100,18950731,match information,Tony Webb minor counties collection,1
Worcestershire v Uppingham,100,18950731,match information,Tony Webb minor counties collection,1
Gloucestershire v Warwickshire,100,18950801,match information,Tony Webb minor counties collection,2
Lancashire v Derbyshire,100,18950801,match information,Tony Webb minor counties collection,2
Yorkshire v Hampshire,100,18950801,match information,Tony Webb minor counties collection,2
Cheltenham v Haileybury,100,18950802,match information,Tony Webb minor counties collection,1
Oxfordshire v Bedfordshire,100,18950802,match information,Tony Webb minor counties collection,1
Worcestershire v I Zingari's,100,18950803,match information,Tony Webb minor counties collection,1
Surrey v Notts,100,18950805,match information,Tony Webb minor counties collection,1
Kent v Warwickshire,100,18950805,match information,Tony Webb minor counties collection,1
Gloucestershire v Sussex,100,18950805,match information,Tony Webb minor counties collection,1
Lancashire v Yorkshire,100,18950805,match information,Tony Webb minor counties collection,1
Somerset v Middlesex,100,18950805,match information,Tony Webb minor counties collection,1
Leicestershire v Essex,100,18950805,match information,Tony Webb minor counties collection,1
Derbyshire v Hampshire,100,18950805,match information,Tony Webb minor counties collection,1
Bucks v Northamptonshire,100,18950805,match information,Tony Webb minor counties collection,1
Worcestershire v Staffordshire,100,18950805,match information,Tony Webb minor counties collection,2
MCC And Ground v Hertfordshire,100,18950807,match information,Tony Webb minor counties collection,1
Northants v Staffordshire,100,18950807,match information,Tony Webb minor counties collection,1
Bucks v Oxfordshire,100,18950807,match information,Tony Webb minor counties collection,1
Essex v Surrey,100,18950808,match information,Tony Webb minor counties collection,1
Worcestershire v Middlesex,100,18950808,match information,Tony Webb minor counties collection,1
Kent v Yorkshire,100,18950808,match information,Tony Webb minor counties collection,1
Somerset v Sussex,100,18950808,match information,Tony Webb minor counties collection,1
Leicestershire v Derbyshire,100,18950808,match information,Tony Webb minor counties collection,1
Warwickshire v Hampshire,100,18950808,match information,Tony Webb minor counties collection,1
Bedfordshire v Oxfordshire,100,18950809,match information,Tony Webb minor counties collection,1
Foxley v Garnons,100,18950720,match information,Tony Webb minor counties collection,1
Marden v Bodenham,100,18950720,match information,Tony Webb minor counties collection,1
Bircher v Hampton Court,100,18950720,match information,Tony Webb minor counties collection,1
MCC And Ground v Monmouthshire And Ground,101,18950727,match information,Tony Webb minor counties collection,1
MCC v Shropshire,101,18950731,match information,Tony Webb minor counties collection,1
Ludlow And South Shropshire v Royal Monmouthshire Militia Engineers,101,18950729,match information,Tony Webb minor counties collection,1
Hereford City v Hereford County,101,18950801,match information,Tony Webb minor counties collection,1
Lugwardine And Withington v Hereford St Martin's,101,18950727,match information,Tony Webb minor counties collection,1
Bromyard v Tenbury,101,18950727,match information,Tony Webb minor counties collection,1
Ludlow v Lucton School,101,18950727,match information,Tony Webb minor counties collection,1
Ross Second XI v Weston,101,18950727,match information,Tony Webb minor counties collection,1
Clun v Aston-On-Clun,102,18950727,match information,Tony Webb minor counties collection,1
Gloucester v Ross,102,18950731,match information,Tony Webb minor counties collection,1
Shobdon v Kinsham,102,18950731,match information,Tony Webb minor counties collection,1
Marden v Foxley,102,18950727,match information,Tony Webb minor counties collection,1
Pontilas And Ewyas Harold v Tram Inn,102,18950727,match information,Tony Webb minor counties collection,1
Herefordshire Club and Ground,102,18950000,team information,Tony Webb minor counties collection,1
Glamorganshire v V T Hill's XI,103,18950809,match information,Tony Webb minor counties collection,1
Cheltenham v Haileybury,103,18950803,match information,Tony Webb minor counties collection,1
Staffordshire v Worcestershire,103,18950806,match information,Tony Webb minor counties collection,1
Ewyas Harold And Pontrilas v Wyесide,103,18950803,match information,Tony Webb minor counties collection,1
Ewyas Harold And Pontrilas v Peterchurch,103,18950803,match information,Tony Webb minor counties collection,1
Birley v Dilwyn,103,18950803,match information,Tony Webb minor counties collection,1
Tewkesbury v Malvern,103,18950803,match information,Tony Webb minor counties collection,1
Lugwardine And Withington v Mr H B L Barker's XI,103,18950803,match information,Tony Webb minor counties collection,1
Stoke Lacy v Hampton Court,103,18950803,match information,Tony Webb minor counties collection,1
Ludlow And South Shropshire v Free Foresters,104,18950803,match information,Tony Webb minor counties collection,1
Marden v Weobley,104,18950803,match information,Tony Webb minor counties collection,1
Hereford St v Foxley,104,18950803,match information,Tony Webb minor counties collection,1
St Martin's,104,18950809,statistics,Tony Webb minor counties collection,1
Herefordshire Club and Ground,104,18950800,team information,Tony Webb minor counties collection,1
Worcestershire,104,18950800,team information,Tony Webb minor counties collection,1
Ludlow And South Shropshire v Church Stretton,105,18950820,match information,Tony Webb minor counties collection,1
Ladies v Gentlemen,105,18950821,match information,Tony Webb minor counties collection,1
Foxley v Garnons,105,18950810,match information,Tony Webb minor counties collection,1
Dilwyn v Monkland,105,18950815,match information,Tony Webb minor counties collection,1
Hereford Wye v St Martin's,105,18950815,match information,Tony Webb minor counties collection,1
Colwall v Malvern Second XI,105,18950817,match information,Tony Webb minor counties collection,1
Marden v Foxley,105,18950817,match information,Tony Webb minor counties collection,1
Presteign v Weobley,105,18950817,match information,Tony Webb minor counties collection,1
Much Marcle v Weston,105,18950817,match information,Tony Webb minor counties collection,1
Leominster v Presteign,105,18950820,match information,Tony Webb minor counties collection,1
Dansey's XI v C E Bagot's XI,105,18950820,match information,Tony Webb minor counties collection,1
Hereford St Martin's v Tram Inn,106,18950823,match information,Tony Webb minor counties collection,1
Dilwyn v Shobdon,106,18950817,match information,Tony Webb minor counties collection,1
Harewood End v Hampton Court,106,18950817,match information,Tony Webb minor counties collection,1
Presteign v Worcester St John's,106,18950817,match information,Tony Webb minor counties collection,1
Herefordshire Club and Ground Cricket Club match list,106,18950824,team information,Tony Webb minor counties collection,1
Worcestershire Cricket Club match list,106,18950824,team information,Tony Webb minor counties collection,1
First-Class Matches,106,18950826,league information,Tony Webb minor counties collection,1
Leighton v Oxford Harlequins,106,18950824,match information,Tony Webb minor counties collection,1
Prospects of the Local Cricket Season,107,18950518,newspaper cuttings,Tony Webb minor counties collection,1
Herts. County,107,18950518,team information,Tony Webb minor counties collection,1
Bedfordshire,107,18950518,team information,Tony Webb minor counties collection,1
Hitchin,107,18950518,team information,Tony Webb minor counties collection,1
Hitchin Nightingale,107,18950518,team information,Tony Webb minor counties collection,1
Hitchin Blue Cross Temperance Brigade,107,18950518,team information,Tony Webb minor counties collection,1
Stevenage,107,18950518,team information,Tony Webb minor counties collection,1
Baldock,107,18950518,team information,Tony Webb minor counties collection,1
Three Counties Asylum,107,18950518,team information,Tony Webb minor counties collection,1
Sandy and District,107,18950518,team information,Tony Webb minor counties collection,1
Hitchin v St Albans,108,18950515,match information,Tony Webb minor counties collection,1
Henlow v Arlesey,108,18950511,match information,Tony Webb minor counties collection,1
Cottered v St Edmund's College,108,18950509,match information,Tony Webb minor counties collection,1
Cottered v Buntingford,108,18950514,match information,Tony Webb minor counties collection,1
Three Counties Asylum v Arlesey,108,18950504,match information,Tony Webb minor counties collection,1
St Ibbs v Stevenage Second XI,108,18950504,match information,Tony Webb minor counties collection,1
Stevenage v Brixton Wanderers,108,18950508,match information,Tony Webb minor counties collection,1
Hitchin CC Married v Single,108,18950511,match information,Tony Webb minor counties collection,1
Hertford Cantonians v Ware,108,18950511,match information,Tony Webb minor counties collection,1
Wilstead v Southrnd (falcon's),108,18950511,match information,Tony Webb minor counties collection,1
Stevenage Second XI v Brigade,108,18950511,match information,Tony Webb minor counties collection,1
Bishop Stortford v Saffron Walden,108,18950518,match information,Tony Webb minor counties collection,1
Ashwell v Baldock,108,18950511,match information,Tony Webb minor counties collection,1
Hitchin Blue Cross Temperance Brigade v Arlesey,108,18950511,match information,Tony Webb minor counties collection,1
Three Counties Asylum v Ampthill,108,18950521,match information,Tony Webb minor counties collection,1
Chelmsford v Bishop Stortford,108,18950525,match information,Tony Webb minor counties collection,1
St Paulswalden v Hitchin Blue Cross Temperance Brigade,108,18950511,match information,Tony Webb minor counties collection,1
West Herts v Abbots Langley,109,18950525,match information,Tony Webb minor counties collection,1
Melrose v Berkhamstead Working Men,109,18950525,match information,Tony Webb minor counties collection,1
Roamers v Croxley,109,18950525,match information,Tony Webb minor counties collection,1
Cannon Brewery v M B Foster & Sons,109,18950525,match information,Tony Webb minor counties collection,1
Permanent Way v Radlett,109,18950525,match information,Tony Webb minor counties collection,1
Watford Fields v Oxhey,109,18950525,match information,Tony Webb minor counties collection,1
Mill End Riverside v Stanmore Brewery,109,18950525,match information,Tony Webb minor counties collection,1
Roxeth v Canterbury,109,18950525,match information,Tony Webb minor counties collection,1
Harrow Weald v Harrow,109,18950525,match information,Tony Webb minor counties collection,1
Barnet v Southgate,110,18950525,match information,Tony Webb minor counties collection,1
Mosswell v All Saints' Highgate First XI,110,18950525,match information,Tony Webb minor counties collection,1
Hadley v Wrotham Park,110,18950525,match information,Tony Webb minor counties collection,1
Stereo v Oakleigh New Southgate,110,18950525,match information,Tony Webb minor counties collection,1
Stereo B Team v Friern Barnet,110,18950525,match information,Tony Webb minor counties collection,1
Ashleigh v North London Railway,110,18950525,match information,Tony Webb minor counties collection,1
Arkley v Finchley Second XI,110,18950525,match information,Tony Webb minor counties collection,1
The Grove v Watford Station,111,18950525,match information,Tony Webb minor counties collection,1
St Albans v Frogmore,111,18950525,match information,Tony Webb minor counties collection,1
Barnet A v Finchley Second XI,111,18950525,match information,Tony Webb minor counties collection,1
Bushey Police v Watford Brewery,111,18950525,match information,Tony Webb minor counties collection,1
Beechen Grove v Walker's XI,111,18950525,match information,Tony Webb minor counties collection,1
Mill End Second XI v Rickmansworth Stars,111,18950525,match information,Tony Webb minor counties collection,1
Watford Urban District v New Bushey,111,18950525,match information,Tony Webb minor counties collection,1
Rickmansworth v Northwood,111,18950525,match information,Tony Webb minor counties collection,1
Herts County C.C. team aggregates,112,18950607,statistics,Tony Webb minor counties collection,1
Beeston Institute C.C. team aggregates,112,18950607,statistics,Tony Webb minor counties collection,1
Hitchin Grammar School v Hitchin Blue Cross Temperance Brigade,113,18950525,match information,Tony Webb minor counties collection,1
Baldock v C Tanqueray's Cambridge XI,113,18950525,match information,Tony Webb minor counties collection,1
Mr. C. Tanqueray's Cambridge XI,113,18950000,team information,Tony Webb minor counties collection,1
Wilstead v Silsoe,113,18950522,match information,Tony Webb minor counties collection,1
"St Saviour's C.c., Hitchin v Arlesey",113,18950525,match information,Tony Webb minor counties collection,1
Sandy v Potton,113,18950523,match information,Tony Webb minor counties collection,1
Biggleswade v Dunton,113,18950525,match information,Tony Webb minor counties collection,1
"St Saviour's C.c., Hitchin v Willian",113,18950522,match information,Tony Webb minor counties collection,1
Beeston DCC v Ickwell And Northill,113,18950523,match information,Tony Webb minor counties collection,1
"St Saviour's C.c., Hitchin v St Paulswalden",113,18950518,match information,Tony Webb minor counties collection,1
Hitchin Blue Cross Temperance Brigade v St Ives,113,18950601,match information,Tony Webb minor counties collection,1
Hitchin v Baldock,113,18950603,match information,Tony Webb minor counties collection,1
Three Counties Asylum v London And Westminster Bank,113,18950603,match information,Tony Webb minor counties collection,1
Stevenage First XI v N Middlesex Wanderers,113,18950603,match information,Tony Webb minor counties collection,1
Watton v Stevenage Second XI,113,18950606,match information,Tony Webb minor counties collection,1
Hitchin v Cambridge University Nihilists,113,18950605,match information,Tony Webb minor counties collection,1
Three Counties Asylum v Biggleswade,113,18950606,match information,Tony Webb minor counties collection,1
Hitchin Blue Cross Temperance Brigade v Perse School Cambridge,113,18950608,match information,Tony Webb minor counties collection,1
Baldock v Knebworth,113,18950525,match information,Tony Webb minor counties collection,1
Hunts County v Hitchin,113,18950525,match information,Tony Webb minor counties collection,1
Hitchin Blue Cross Temperance Brigade,113,18950000,team information,Tony Webb minor counties collection,1
Three Counties Asylum,113,18950000,team information,Tony Webb minor counties collection,1
London and Westminster Bank,113,18950000,team information,Tony Webb minor counties collection,1
N. Middlesex Wanderers,113,18950000,team information,Tony Webb minor counties collection,1
Watton,113,18950000,team information,Tony Webb minor counties collection,1
Cambridge University Nihilists,113,18950000,team information,Tony Webb minor counties collection,1
Biggleswade,113,18950000,team information,Tony Webb minor counties collection,1
"Perse School, Cambridge",113,18950000,team information,Tony Webb minor counties collection,1
Knebworth,113,18950000,team information,Tony Webb minor counties collection,1
Hunts. County,113,18950000,team information,Tony Webb minor counties collection,1
St Albans v West Middlesex,114,18950705,match information,Tony Webb minor counties collection,1
St Albans v Holborn,114,18950629,match information,Tony Webb minor counties collection,1
St Albans v Dunstable Grammar School,114,18950703,match information,Tony Webb minor counties collection,1
Licensed Victuallers v Tradesmen,114,18950702,match information,Tony Webb minor counties collection,1
West Herts v Hemel Hempstead,114,18950629,match information,Tony Webb minor counties collection,1
Benskin's Brewery v Bushey Police,114,18950629,match information,Tony Webb minor counties collection,1
Croxley v Watford Station,114,18950629,match information,Tony Webb minor counties collection,1
Callow Land Stars v Nascot Ramblers,115,18950629,match information,Tony Webb minor counties collection,1
Pinner v Roamers,115,18950629,match information,Tony Webb minor counties collection,1
Melrose v Apsley End,115,18950629,match information,Tony Webb minor counties collection,1
St Albans Grammar School v Radlett,115,18950703,match information,Tony Webb minor counties collection,1
Frogmore v Harpenden,115,18950629,match information,Tony Webb minor counties collection,1
Watford Brewery v Boxmoor,115,18950629,match information,Tony Webb minor counties collection,1
Childwick v St Albans City Police,115,18950705,match information,Tony Webb minor counties collection,1
MCC And Ground v Haileybury College,116,18950629,match information,Tony Webb minor counties collection,1
Ladies v Gentlemen,116,18950701,match information,Tony Webb minor counties collection,1
St Albans A v Frogmore Second,116,18950629,match information,Tony Webb minor counties collection,1
Colney Heath v Wheathampstead,116,18950629,match information,Tony Webb minor counties collection,1
St Albans v Leonard's,117,18950727,match information,Tony Webb minor counties collection,1
St Albans A v Finchley Second,117,18950727,match information,Tony Webb minor counties collection,1
St Albans B Team v St Albans Grammar School,117,18950727,match information,Tony Webb minor counties collection,1
Watford Permanent Way v Boxmoor,117,18950727,match information,Tony Webb minor counties collection,1
Watford Heath Stars v Beechen Grove,117,18950727,match information,Tony Webb minor counties collection,1
St Albans A Team v Fold's XI,117,18950731,match information,Tony Webb minor counties collection,1
Albion v Boxmoor St John's,117,18950727,match information,Tony Webb minor counties collection,1
St Michael's v Colney Heath,118,18950727,match information,Tony Webb minor counties collection,1
West Herts v Earl Of Essex's XI,118,18950727,match information,Tony Webb minor counties collection,2
Melrose v New Bushey,118,18950727,match information,Tony Webb minor counties collection,2
Heath Brow School v Master's XI,118,18950727,match information,Tony Webb minor counties collection,1
Watford Urban District Council v Abbott's Langleigh,118,18950727,match information,Tony Webb minor counties collection,1
St Matthew's v Caddington,118,18950727,match information,Tony Webb minor counties collection,1
Bushey Police v Euston Staff,118,18950727,match information,Tony Webb minor counties collection,1
Bushey,118,18950729,team information,Tony Webb minor counties collection,1
West Herts v Earl Of Essex's XI,119,18950727,match information,Tony Webb minor counties collection,2
Stanmore Brewery v Wealdstone Athletic,119,18950727,match information,Tony Webb minor counties collection,1
Watford Engineering Works v Grapho Company Harrow,119,18950727,match information,Tony Webb minor counties collection,1
Watford Carriage Department v Turner's Limited,119,18950727,match information,Tony Webb minor counties collection,1
Fleetwood's XI v W Young's XI,119,18950727,match information,Tony Webb minor counties collection,1
Roamers v Apsley,119,18950727,match information,Tony Webb minor counties collection,1
Melrose v New Bushey,119,18950727,match information,Tony Webb minor counties collection,2
Kings Langley v Watford Brewery,119,18950727,match information,Tony Webb minor counties collection,1
Hertfordshire v Bedfordshire,120,18950729,match information,Tony Webb minor counties collection,1
Hertfordshire v MCC,120,18950731,match information,Tony Webb minor counties collection,1
Hertfordshire v Worcestershire,120,18950802,match information,Tony Webb minor counties collection,1
West Herts Club and Ground team aggregates,120,18950727,statistics,Tony Webb minor counties collection,1
St Albans player statistics,121,18950810,statistics,Tony Webb minor counties collection,1
St Albans team aggregates,121,18950810,statistics,Tony Webb minor counties collection,1
St Albans match list,121,18950810,team information,Tony Webb minor counties collection,1
St Albans players,121,18950810,player information,Tony Webb minor counties collection,1
St Albans v Frogmore,121,18950803,match information,Tony Webb minor counties collection,1
St Albans A v Frogmore Second XI,122,18950803,match information,Tony Webb minor counties collection,1
Peripatetics v Old Albanians,122,18950803,match information,Tony Webb minor counties collection,1
Northaw v Little Heath,122,18950805,match information,Tony Webb minor counties collection,1
St Michael's v Zion,122,18950805,match information,Tony Webb minor counties collection,1
Comet v Redbourn,123,18950805,match information,Tony Webb minor counties collection,1
Hemel Hempstead v Kilburn,123,18950805,match information,Tony Webb minor counties collection,1
London City Police v Redbourn,123,18950808,match information,Tony Webb minor counties collection,1
Croxley v Melrose,123,18950803,match information,Tony Webb minor counties collection,2
Bushey v Vampires,124,18950805,match information,Tony Webb minor counties collection,1
Bushey v Leinster,124,18950806,match information,Tony Webb minor counties collection,1
Bushey v H J H Bladon's XI,124,18950807,match information,Tony Webb minor counties collection,1
Kings Langley v St Giles-In-The-Fields,124,18950805,match information,Tony Webb minor counties collection,1
Old Hurst Johnians v Bushey,124,18950808,match information,Tony Webb minor counties collection,1
Abbots Langle v Roamers,124,18950803,match information,Tony Webb minor counties collection,1
Newberries v Edge Grove,124,18950805,match information,Tony Webb minor counties collection,1
Northwood v Rickmansworth Town,124,18950805,match information,Tony Webb minor counties collection,1
Northwood v Rickmansworth Town,124,18950803,match information,Tony Webb minor counties collection,1
Chipperfield v Bovingdon,124,18950803,match information,Tony Webb minor counties collection,1
Watford Carriage Department v Cassobury Yard,125,18950803,match information,Tony Webb minor counties collection,1
Abbots Langle v Trinity Church,125,18950810,match information,Tony Webb minor counties collection,1
Watford Wednesday v Sansom's XI,125,18950807,match information,Tony Webb minor counties collection,1
Croxley v Melrose,125,18950803,match information,Tony Webb minor counties collection,2
Athletic Notes,125,18950810,newspaper cuttings,Tony Webb minor counties collection,1
Herts v Beds,126,18950814,match information,Tony Webb minor counties collection,1
V. A. Titchmarsh,126,18950816,biography,Tony Webb minor counties collection,1
West Herts v Frogmore,127,18950810,match information,Tony Webb minor counties collection,1
Sedgwick's Brewery v Benskin's Brewery,127,18950810,match information,Tony Webb minor counties collection,1
Hertfordshire v Norfolk,127,18950814,match information,Tony Webb minor counties collection,1
(riverside) Mill End v Croxley,127,18950810,match information,Tony Webb minor counties collection,1
Watford Station v Radlett,127,18950810,match information,Tony Webb minor counties collection,1
Harrow Town v Bushey,127,18950810,match information,Tony Webb minor counties collection,1
Great Gaddesden v Potten End,127,18950810,match information,Tony Webb minor counties collection,1
Oriel v Rickmansworth,127,18950810,match information,Tony Webb minor counties collection,1
Roamers v Pinner,127,18950810,match information,Tony Webb minor counties collection,1
L & NW Ry. v Abbots Langley,127,18950810,match information,Tony Webb minor counties collection,1
Bushey Police v Aldenham Vicarage,127,18950810,match information,Tony Webb minor counties collection,1
Watford Permanent Way v Willesden Junction,127,18950810,match information,Tony Webb minor counties collection,1
Apsley End v Kings Langley,127,18950810,match information,Tony Webb minor counties collection,1
Hemel Hempsted v Berkhamsted,127,18950810,match information,Tony Webb minor counties collection,1
Hertfordshire v Berkshire,127,18950813,match information,Tony Webb minor counties collection,2
West Herts v St Albans,127,18950814,match information,Tony Webb minor counties collection,2
Sarratt v Watford Wednesday,127,18950814,match information,Tony Webb minor counties collection,1
Stanmore v Bushey,127,18950814,match information,Tony Webb minor counties collection,2
Hertfordshire v Berkshire,127,18950814,match information,Tony Webb minor counties collection,1
Bushey Cricket Week,127,18950810,team information,Tony Webb minor counties collection,1
Cannon Brewery v Harefield,127,18950810,match information,Tony Webb minor counties collection,2
Harefield,127,18950816,statistics,Tony Webb minor counties collection,1
Watford Urban District Council v Bushey Police,127,18950816,match information,Tony Webb minor counties collection,1
Melrose v Camden United,127,18950810,match information,Tony Webb minor counties collection,3
Sedgwick's Brewery v Roamers,127,18950810,match information,Tony Webb minor counties collection,1
Bushey v The Erratics,127,18950809,match information,Tony Webb minor counties collection,1
West Herts v Bushey,127,18950810,match information,Tony Webb minor counties collection,2
Watford Brewery v The Roamers,127,18950810,match information,Tony Webb minor counties collection,1
Roamers,127,18950816,statistics,Tony Webb minor counties collection,1
Brewery,127,18950816,statistics,Tony Webb minor counties collection,1
Bushey v Old Hurst Johnians,128,18950814,match information,Tony Webb minor counties collection,1
Bushey Police v Watford Urban Council,128,18950810,match information,Tony Webb minor counties collection,1
Cannon Brewery v Harefield,128,18950810,match information,Tony Webb minor counties collection,2
Chemical Works v Sunnyside Church,128,18950810,match information,Tony Webb minor counties collection,1
Sunnyside Church v Noris's,128,18950727,match information,Tony Webb minor counties collection,1
Melrose v Camden United,129,18950810,match information,Tony Webb minor counties collection,3
Sunnyside Church v Aldbury,129,18950803,match information,Tony Webb minor counties collection,1
Hemel Hempsted v XYZ,129,18950810,match information,Tony Webb minor counties collection,1
Hatfield v St Mark's Woodhill,130,18950815,match information,Tony Webb minor counties collection,1
Market Place v Batch Wood,130,18950815,match information,Tony Webb minor counties collection,1
Childwickbury Estate v Aldenham House Estate,130,18950814,match information,Tony Webb minor counties collection,1
Rev Hatchell's XI v Hhecc,130,18950814,match information,Tony Webb minor counties collection,1
West Herts v Bushey,131,18950810,match information,Tony Webb minor counties collection,2
Harefield v Benskin's Brewery,131,18950810,match information,Tony Webb minor counties collection,1
Gentlemen Of Herts v St Albans,131,18950812,match information,Tony Webb minor counties collection,1
Croxley v Watford Permanent Way,131,18950810,match information,Tony Webb minor counties collection,1
Watford Station v Watford Tradesmen,131,18950812,match information,Tony Webb minor counties collection,1
Rickmansworth Town v Pinner,131,18950810,match information,Tony Webb minor counties collection,1
Roamers v Brewery,131,18950810,match information,Tony Webb minor counties collection,1
Abbots Langley v L & N-W Railway,131,18950810,match information,Tony Webb minor counties collection,1
Melrose v Camden United,131,18950810,match information,Tony Webb minor counties collection,3
West Herts v Frogmore,132,18950817,match information,Tony Webb minor counties collection,3
Kings Langley v Apsley,132,18950817,match information,Tony Webb minor counties collection,1
The Roamers v Pinner,132,18950817,match information,Tony Webb minor counties collection,1
Watford Brewery v Cannon Brewery,132,18950817,match information,Tony Webb minor counties collection,1
Rickmansworth v Oriel,132,18950817,match information,Tony Webb minor counties collection,1
Melrose v The Grove,132,18950817,match information,Tony Webb minor counties collection,1
Hertfordshire v Berkshire,132,18950813,match information,Tony Webb minor counties collection,2
West Herts v St Albans,132,18950814,match information,Tony Webb minor counties collection,2
Stanmore v Bushey,132,18950814,match information,Tony Webb minor counties collection,2
West Herts v Frogmore,133,18950817,match information,Tony Webb minor counties collection,3
Hertingfordbury v Bayford,133,18950817,match information,Tony Webb minor counties collection,1
Hendon v St Albans,133,18950823,match information,Tony Webb minor counties collection,1
St Albans v Hitchin,133,18950817,match information,Tony Webb minor counties collection,1
MCC & Ground v St Albans,133,18950819,match information,Tony Webb minor counties collection,1
St Albans v West Herts,133,18950821,match information,Tony Webb minor counties collection,2
S Groom's XII v Poles XII,134,18950823,match information,Tony Webb minor counties collection,1
Hoddesdon v Tottenham,134,18950817,match information,Tony Webb minor counties collection,1
W Evans' XI Hertford v A E Phillips' XI St Albans,134,18950816,match information,Tony Webb minor counties collection,1
Broxbourne v Haileybury Servants,134,18950817,match information,Tony Webb minor counties collection,1
Widford Under 14 v Harlow Under 14,134,18950817,match information,Tony Webb minor counties collection,1
Rev P Deedes' XI v Haileybury Servants,134,18950819,match information,Tony Webb minor counties collection,1
St Albans,134,18950831,team information,Tony Webb minor counties collection,1
Hertford,134,18950831,team information,Tony Webb minor counties collection,1
St Albans v Finchley,134,18950824,match information,Tony Webb minor counties collection,1
St Albans Second XI v St Michael's,134,18950824,match information,Tony Webb minor counties collection,1
Hoddesdon v Broxbourne,134,18950824,match information,Tony Webb minor counties collection,1
Broxbourne Second XI v Villagers,134,18950824,match information,Tony Webb minor counties collection,1
Hatfield v Cockfosters,134,18950824,match information,Tony Webb minor counties collection,1
Cheshunt And District v Connaught,134,18950824,match information,Tony Webb minor counties collection,1
Hadham v Hunsdon,134,18950824,match information,Tony Webb minor counties collection,1
Amwell v Hertford Cartonians,134,18950824,match information,Tony Webb minor counties collection,1
Hertford v Patterson (ground Man's Benefit),134,18950829,match information,Tony Webb minor counties collection,1
Ware v Hornsey,134,18950829,match information,Tony Webb minor counties collection,1
Hatfield v Cheshunt,134,18950829,match information,Tony Webb minor counties collection,1
Hertford v Cartonians,134,18950831,match information,Tony Webb minor counties collection,1
Stanstead v Hoddesdon,134,18950831,match information,Tony Webb minor counties collection,1
St Albans v Redbourn,134,18950831,match information,Tony Webb minor counties collection,1
Amwell v Braughing,134,18950831,match information,Tony Webb minor counties collection,1
Broxbourne v Haileybury Servants,134,18950831,match information,Tony Webb minor counties collection,1
Hatfield v G.n.r.a.a.,134,18950831,match information,Tony Webb minor counties collection,1
Cheshunt And District v Clove,134,18950831,match information,Tony Webb minor counties collection,1
Hunsdon v Gilston,134,18950831,match information,Tony Webb minor counties collection,1
West Herts v St Albans,135,18950821,match information,Tony Webb minor counties collection,2
West Herts v Frogmore,135,18950817,match information,Tony Webb minor counties collection,3
Watford Wednesday v Hempstead Early Closing,135,18950814,match information,Tony Webb minor counties collection,1
Watford Fields v Bushey Victors,135,18950815,match information,Tony Webb minor counties collection,1
Stanmore v Mr C E Keyser's XII,135,18950815,match information,Tony Webb minor counties collection,1
The Grove v Healey's Brewery,135,18950817,match information,Tony Webb minor counties collection,1
London Orphan Asylum v A W Myers's XI,135,18950817,match information,Tony Webb minor counties collection,1
J S Harford's XI v R Lake's XI,136,18950814,match information,Tony Webb minor counties collection,1
J S Harford's XI v Franklin Choir,136,18950823,match information,Tony Webb minor counties collection,1
Rickmansworth Stars v West Hyde,136,18950817,match information,Tony Webb minor counties collection,1
Willesden Presbyterian v Watford Carriage Department,136,18950817,match information,Tony Webb minor counties collection,1
Bushey v Stanmore,136,18950821,match information,Tony Webb minor counties collection,1
Bushey v Harrow Town,136,18950817,match information,Tony Webb minor counties collection,1
Hillfield v Bushey Police,136,18950817,match information,Tony Webb minor counties collection,1
Harrow Weald v Stanmore,136,18950817,match information,Tony Webb minor counties collection,1
West Herts v Uxbridge,137,18950824,match information,Tony Webb minor counties collection,2
Watford Urban Council v Benskin And Co,137,18950824,match information,Tony Webb minor counties collection,1
Moors Park v Herts Constabulary,137,18950824,match information,Tony Webb minor counties collection,1
West Herts match list,137,18950525,team information,Tony Webb minor counties collection,1
West Herts player statistics,137,18950000,statistics,Tony Webb minor counties collection,1
Watford Brewery v Boxmoor,138,18950824,match information,Tony Webb minor counties collection,1
Cannon Brewery v Bushey Grove,138,18950824,match information,Tony Webb minor counties collection,1
Roamers v Permanent Way,138,18950824,match information,Tony Webb minor counties collection,1
Rickmansworth v Finchley,138,18950824,match information,Tony Webb minor counties collection,1
West Herts players,138,18950830,player information,Tony Webb minor counties collection,1
West Herts team aggregates,138,18950000,statistics,Tony Webb minor counties collection,1
Uxbridge v West Herts,138,18950824,match information,Tony Webb minor counties collection,2
West Herts Cricket Club match list,138,18950000,team information,Tony Webb minor counties collection,1
W H Nicholls' XI v F G Galloway's XI,139,18950913,match information,Tony Webb minor counties collection,1
Hertford Caxtonians v GER Clerks,139,18950907,match information,Tony Webb minor counties collection,1
Hertringfordbury v Fanshaws,139,18950907,match information,Tony Webb minor counties collection,1
Waters Place v Poles,139,18950907,match information,Tony Webb minor counties collection,1
Hunsdon Bury v Bonningtons,139,18950907,match information,Tony Webb minor counties collection,1
Bakers Of Ware v Butchers,139,18950910,match information,Tony Webb minor counties collection,1
Walkern v Little Munden,139,18950913,match information,Tony Webb minor counties collection,1
Ware Town Club v Ware Parish Church Choir,139,18950907,match information,Tony Webb minor counties collection,1
Great v Little Munden,139,18950911,match information,Tony Webb minor counties collection,1
Beds. County,140,18951100,statistics,Tony Webb minor counties collection,1
Hitchin,140,18951100,statistics,Tony Webb minor counties collection,1
Baldock,140,18951100,statistics,Tony Webb minor counties collection,1
Hitchin Blue Cross Temperance Brigade,140,18951100,statistics,Tony Webb minor counties collection,1
Welwyn,140,18951100,statistics,Tony Webb minor counties collection,1
Dunstable Town,141,18950000,statistics,Tony Webb minor counties collection,1
Hertford Caxtonian,141,18950000,statistics,Tony Webb minor counties collection,1
Beeston and District,141,18950000,statistics,Tony Webb minor counties collection,1
Hatfield,141,18950000,statistics,Tony Webb minor counties collection,1
Three Counties Asylum,141,18950000,statistics,Tony Webb minor counties collection,1
Lilley,141,18950000,statistics,Tony Webb minor counties collection,1
Silsoe,141,18950000,statistics,Tony Webb minor counties collection,1
Hythe v 60th Rifles,142,18950821,match information,Tony Webb minor counties collection,1
Hythe,142,18950822,match information,Tony Webb minor counties collection,1
Astill's XI v Rowles's XI,143,18950613,match information,Tony Webb minor counties collection,1
Market Bosworth Grammar School v Nuneaton Grammar School,143,18950608,match information,Tony Webb minor counties collection,1
Thurmaston Methodists v Belgrave PM,143,18950608,match information,Tony Webb minor counties collection,1
Is E Tomlin To Qualify For Somersetshire?,143,18950614,match information,Tony Webb minor counties collection,1
East End Tradesmen v East End,143,18950613,match information,Tony Webb minor counties collection,1
County Ground cricket fixtures,143,18950615,team information,Tony Webb minor counties collection,1
Leicester Junior Cricket League fixtures,143,18950614,team information,Tony Webb minor counties collection,1
Belgrave-Road Ground Cricket League fixtures,143,18950614,team information,Tony Webb minor counties collection,1
Victoria Park cricket fixtures,143,18950614,team information,Tony Webb minor counties collection,1
Other Matches,143,18950614,team information,Tony Webb minor counties collection,1
Notts v Leicestershire,144,18950612,match information,Tony Webb minor counties collection,1
Leicestershire v Dublin University,144,18950614,match information,Tony Webb minor counties collection,1
Leicestershire Players,144,18950615,player information,Tony Webb minor counties collection,1
Leicestershire Averages,144,18950617,statistics,Tony Webb minor counties collection,1
Leicestershire team aggregates,144,18950615,statistics,Tony Webb minor counties collection,1
Roberts And Roberts v County Asylum,145,18950617,match information,Tony Webb minor counties collection,1
Lansdowne United v Granby,145,18950617,match information,Tony Webb minor counties collection,1
Sparkenhoe v St Matthew's,145,18950617,match information,Tony Webb minor counties collection,1
Aylestone Park v J Hearth And Co,145,18950617,match information,Tony Webb minor counties collection,1
Belgrave v South End,145,18950617,match information,Tony Webb minor counties collection,1
Wycliffe v Thurmaston,145,18950617,match information,Tony Webb minor counties collection,1
Dover-Street Working Men's v Whetstone Albion,145,18950617,match information,Tony Webb minor counties collection,1
Claybrooke Second v Stoney Stanton Second,145,18950615,match information,Tony Webb minor counties collection,1
Kibworth v Market Harborough,145,18950615,match information,Tony Webb minor counties collection,1
Lincolnshire County,146,18950524,team information,Tony Webb minor counties collection,1
Lincolnshire County Cricket Club team aggregates,146,18950524,statistics,Tony Webb minor counties collection,1
Retford Town v Lincoln Stamp End,146,18950601,match information,Tony Webb minor counties collection,1
Lindum v Albion,146,18950601,match information,Tony Webb minor counties collection,1
Lincoln Sheaf Iron Works v Branston,146,18950601,match information,Tony Webb minor counties collection,1
Lincoln Stamp End Reserve v Sheaf Iron Works Res,146,18950601,match information,Tony Webb minor counties collection,1
Collingham v Lincoln St Hugh's Church,146,18950601,match information,Tony Webb minor counties collection,1
Leverton v Lincoln Globe Works,146,18950601,match information,Tony Webb minor counties collection,1
Canwick v Bardney,146,18950601,match information,Tony Webb minor counties collection,1
Lincoln Sheaf Wood Works v C.e.w.m.s,146,18950601,match information,Tony Webb minor counties collection,1
Swinderby And Collingham v Lincoln Lindum A Team,146,18950601,match information,Tony Webb minor counties collection,1
Lincoln St Hugh's v St Andrew's Institute,146,18950601,match information,Tony Webb minor counties collection,1
Lincoln Stamp End v Newark Town,146,18950601,match information,Tony Webb minor counties collection,1
Hartsholme v Bishop's Hostel,146,18950603,match information,Tony Webb minor counties collection,1
Lincoln St Hugh's v Market Rasen,146,18950527,match information,Tony Webb minor counties collection,1
Skegness And District v Notts Foresters,146,18950527,match information,Tony Webb minor counties collection,1
Skegness And District v Cooper Corah (leicester),146,18950604,match information,Tony Webb minor counties collection,1
MENS,147,18950629,newspaper cuttings,Tony Webb minor counties collection,1
Lincoln Lindum A Team v Lincoln Hostel,147,18950622,match information,Tony Webb minor counties collection,1
Woodhall Spa v Lincoln Stamp End,147,18950622,match information,Tony Webb minor counties collection,1
Lincoln St Andrew's v South Park,148,18950622,match information,Tony Webb minor counties collection,1
Hykeham v Lincoln Imps,148,18950622,match information,Tony Webb minor counties collection,1
Lincoln Globe Works v Welton,148,18950622,match information,Tony Webb minor counties collection,1
Lincoln Sheaf Woodworks v County Asylum,148,18950622,match information,Tony Webb minor counties collection,1
Harby v Sturton,148,18950622,match information,Tony Webb minor counties collection,1
Sleaford v Grantham,148,18950622,match information,Tony Webb minor counties collection,1
Frodingham v Brigg,148,18950622,match information,Tony Webb minor counties collection,1
Gunton v W E Hansell's Team,149,18950819,match information,Tony Webb minor counties collection,1
Cathedral Choir v St Peter Permanents,149,18950820,match information,Tony Webb minor counties collection,1
St Paul's v Bryer Road,149,18950817,match information,Tony Webb minor counties collection,1
Thorpe Village v Norwich Union,149,18950815,match information,Tony Webb minor counties collection,1
Acls v Carrow Second,149,18950800,match information,Tony Webb minor counties collection,1
Catfield v Smallburgh,149,18950817,match information,Tony Webb minor counties collection,1
Coleshall v Thorpe Hamlet,149,18950817,match information,Tony Webb minor counties collection,1
Dunston v Colney,149,18950815,match information,Tony Webb minor counties collection,1
Hempstead v Eastcliff,149,18950800,match information,Tony Webb minor counties collection,1
Hethersett v Guild,149,18950817,match information,Tony Webb minor counties collection,1
St Luke's Reserve v Brooks,149,18950817,match information,Tony Webb minor counties collection,1
Westwick v YMCA,149,18950815,match information,Tony Webb minor counties collection,1
Grantham Town v Grantham Thursday,150,18950912,match information,Tony Webb minor counties collection,1
Frodingham v Kirton Lindsey,150,18950907,match information,Tony Webb minor counties collection,1
Retford v Gainsborough,150,18950907,match information,Tony Webb minor counties collection,1
Burton Latimer v Wellingborough All Saints B,150,18950907,match information,Tony Webb minor counties collection,1
Kettering Wanderers v Gretton,150,18950907,match information,Tony Webb minor counties collection,1
Lincoln,150,18950907,team information,Tony Webb minor counties collection,1
Rothwell Independent v Kettering Britannia,150,18950907,match information,Tony Webb minor counties collection,1
Skegness and District Cricket Club player statistics,151,18950913,statistics,Tony Webb minor counties collection,1
Sleaford Cricket Club player statistics,152,18950914,statistics,Tony Webb minor counties collection,1
Grantham Town Cricket Club match list,153,18950921,team information,Tony Webb minor counties collection,1
Grantham Town Cricket Club team aggregates,153,18950921,statistics,Tony Webb minor counties collection,1
Grantham Town Cricket Club First Eleven player statistics,153,18950000,statistics,Tony Webb minor counties collection,1
Grantham Town Cricket Club Reserve Eleven player statistics,153,18950000,statistics,Tony Webb minor counties collection,1
Grantham Town Cricket Club Thursday Eleven player statistics,153,18950000,statistics,Tony Webb minor counties collection,1
Grantham Amateurs,154,18950928,team information,Tony Webb minor counties collection,1
Grantham Amateurs team aggregates,154,18950928,statistics,Tony Webb minor counties collection,1
Grantham Amateurs player statistics,154,18950928,statistics,Tony Webb minor counties collection,1
Burghley Park,155,18951004,team information,Tony Webb minor counties collection,1
Burghley Park player statistics,155,18951011,statistics,Tony Webb minor counties collection,1
Post Office v London House,156,18950815,match information,Tony Webb minor counties collection,1
Abertillery v Penarth,156,18950817,match information,Tony Webb minor counties collection,1
Caxtonian v Newport Northens,156,18950817,match information,Tony Webb minor counties collection,1
Newport Thirds v Caldicot,156,18950817,match information,Tony Webb minor counties collection,1
Bassaleg v Newport Banks,157,18950815,match information,Tony Webb minor counties collection,1
Caxtonians v Newport Northern,157,18950817,match information,Tony Webb minor counties collection,1
Brighton Examiner,157,18950816,newspaper cuttings,Tony Webb minor counties collection,1
Newport,158,18950907,team information,Tony Webb minor counties collection,1
Newport Cricket Club player statistics,158,18950906,statistics,Tony Webb minor counties collection,1
Diss v King's Dragoon Guards,159,18950603,match information,Tony Webb minor counties collection,1
Ceyms v Thorpe Asylum,160,18950627,match information,Tony Webb minor counties collection,1
Gunton v Blofield And District,160,18950627,match information,Tony Webb minor counties collection,1
Beccles College v Yarmouth RA,160,18950627,match information,Tony Webb minor counties collection,1
Gunton v G.e.y.m.s.,161,18950720,match information,Tony Webb minor counties collection,1
Beccles College v Benacre Park,161,18950725,match information,Tony Webb minor counties collection,1
Norfolk County,162,18950801,team information,Tony Webb minor counties collection,1
Sutton Valence Wanderers v Gunton,162,18950802,match information,Tony Webb minor counties collection,1
Sutton Valence Wanderers v Bury And West Suffolk,162,18950727,match information,Tony Webb minor counties collection,1
Buxton Lamas v Oulton And Blickling,162,18950802,match information,Tony Webb minor counties collection,1
Norfolk v L Zingari,162,18950802,match information,Tony Webb minor counties collection,1
Norfolk v Hertfordshire,162,18950727,match information,Tony Webb minor counties collection,1
C E Y M S v Victoria,162,18950803,match information,Tony Webb minor counties collection,1
Wymondham v St Mark's,162,18950727,match information,Tony Webb minor counties collection,1
Kingsley Second v New City,162,18950802,match information,Tony Webb minor counties collection,1
Carrow v Drayton,162,18950802,match information,Tony Webb minor counties collection,1
Brinton v Bayfield,162,18950802,match information,Tony Webb minor counties collection,1
Yarmouth Mechanics v R N H,162,18950802,match information,Tony Webb minor counties collection,1
Upper Sheringham v Overstrand,162,18950727,match information,Tony Webb minor counties collection,1
Thetford v Quiddenham Park,162,18950727,match information,Tony Webb minor counties collection,1
King's Lynn Second v Dersingham,162,18950802,match information,Tony Webb minor counties collection,1
Thorpe Hamlet v Caley & Son's,162,18950802,match information,Tony Webb minor counties collection,1
Yarmouth Temple v Howlett & White's,162,18950802,match information,Tony Webb minor counties collection,1
Lowestoft v Yarmouth R A,162,18950802,match information,Tony Webb minor counties collection,1
Trowse v Guild,162,18950802,match information,Tony Webb minor counties collection,1
Old Catton v Norman & Beard's,162,18950802,match information,Tony Webb minor counties collection,1
Hethersett v Mulbarton,162,18950802,match information,Tony Webb minor counties collection,1
H. Lake for St. Mark's,162,18950726,statistics,Tony Webb minor counties collection,1
H. Lake,162,18950726,player information,Tony Webb minor counties collection,1
E. R. Page for Field Dalling,162,18950726,statistics,Tony Webb minor counties collection,1
T. Bond for Field Dalling,162,18950726,statistics,Tony Webb minor counties collection,1
SHORE for NORFOLK,162,18950727,statistics,Tony Webb minor counties collection,1
WHITE for HERTFORDSHIRE,162,18950727,statistics,Tony Webb minor counties collection,1
TITCHMARSH for HERTS,162,18950727,statistics,Tony Webb minor counties collection,1
C. Yell for Y.M.C.A.,162,18950726,statistics,Tony Webb minor counties collection,1
J. Goodwyn for Norwich and London,162,18950726,statistics,Tony Webb minor counties collection,1
J. C. Nutchey for Carrow,162,18950726,statistics,Tony Webb minor counties collection,1
A. Howlett for Carrow,162,18950726,statistics,Tony Webb minor counties collection,1
"E. King, for Silver Road",162,18950726,statistics,Tony Webb minor counties collection,1
"J. Johns, for Silver Road",162,18950726,statistics,Tony Webb minor counties collection,1
Sir T C O'brien For I Zingari v Norfolk,163,18950731,match information,Tony Webb minor counties collection,1
F Dales For Gunton v Swaffham,163,18950731,match information,Tony Webb minor counties collection,1
E R Page For Field Dalling v Sheringham Park,163,18950731,match information,Tony Webb minor counties collection,1
Campbell For Oulton And Blickling v Catfield,163,18950731,match information,Tony Webb minor counties collection,1
Goodson For St Peter-Per-Mountergate Young Men v Choristers,163,18950731,match information,Tony Webb minor counties collection,1
J G Barnacle For Beccles College v Lowestoft,163,18950731,match information,Tony Webb minor counties collection,1
S R B Cowles For County Asylum v Acle,163,18950731,match information,Tony Webb minor counties collection,1
A W Clarke For St Mark's v Belle Vue,163,18950731,match information,Tony Webb minor counties collection,1
C J Wiltshire For Yarmouth v Ceyms,163,18950731,match information,Tony Webb minor counties collection,1
A Hammond For Bayfield v Holt Bowl Players,163,18950731,match information,Tony Webb minor counties collection,1
R H Mornement For Bishop Stortford v MCC,163,18950725,match information,Tony Webb minor counties collection,1
A Campbell For I Zingari v Norfolk,163,18950731,match information,Tony Webb minor counties collection,1
Mower For Thetford Grammar School v Elveden,163,18950731,match information,Tony Webb minor counties collection,1
Moore For Carrow Second v Howlett & White's Second,163,18950727,match information,Tony Webb minor counties collection,1
Carrow Second v Howlett & White's Second,163,18950727,match information,Tony Webb minor counties collection,1
Rosary Road v Castle Rovers,163,18950730,match information,Tony Webb minor counties collection,1
Silver Road v Hevingham,163,18950727,match information,Tony Webb minor counties collection,1
Bayfield v Holt Bowl Players,163,18950725,match information,Tony Webb minor counties collection,1
Carrow v Hingham,163,18950727,match information,Tony Webb minor counties collection,1
Field Dalling v Sheringham Park,163,18950727,match information,Tony Webb minor counties collection,1
King's Lynn v Diss,163,18950727,match information,Tony Webb minor counties collection,1
Oulton And Blickling Park v Catfield,163,18950730,match information,Tony Webb minor counties collection,1
South Creake v Bircham,163,18950725,match information,Tony Webb minor counties collection,1
Gloucestershire v Warwickshire,163,18950801,match information,Tony Webb minor counties collection,2
Lancashire v Derbyshire,163,18950801,match information,Tony Webb minor counties collection,2
Yorkshire v Hampshire,163,18950801,match information,Tony Webb minor counties collection,2
MCC And Ground v Oxted,163,18950801,match information,Tony Webb minor counties collection,1
MCC And Ground v Oatlands Park,163,18950801,match information,Tony Webb minor counties collection,1
MCC And Ground v Whitgift Grammar School,163,18950801,match information,Tony Webb minor counties collection,1
Surrey Club And Ground v Brixton Wanderers,163,18950801,match information,Tony Webb minor counties collection,1
Essex Club And Ground v Old Foresters,163,18950801,match information,Tony Webb minor counties collection,1
Norfolk v Lincolnshire,164,18950814,match information,Tony Webb minor counties collection,1
Rev C L Kennaway's XI v Rev Partridge's XI,165,18950812,match information,Tony Webb minor counties collection,1
Ladies v Gentlemen,165,18950809,match information,Tony Webb minor counties collection,1
Caley's Second v Carrow Second,165,18950810,match information,Tony Webb minor counties collection,1
Nelson v Westwick,165,18950808,match information,Tony Webb minor counties collection,1
Norfolk County Asylum v Acle,165,18950810,match information,Tony Webb minor counties collection,1
United v Kingsley,165,18950810,match information,Tony Webb minor counties collection,1
Hethersett v Thorpe Hamlet,165,18950810,match information,Tony Webb minor counties collection,1
Bylaugh Hall v Swanton Morley,165,18950810,match information,Tony Webb minor counties collection,1
North Elmham v Gressenhall,165,18950812,match information,Tony Webb minor counties collection,1
North Walsham v Mundesley,165,18950810,match information,Tony Webb minor counties collection,1
Oval,165,18950815,match information,Tony Webb minor counties collection,1
Taunton,165,18950815,match information,Tony Webb minor counties collection,1
Harrogate,165,18950815,match information,Tony Webb minor counties collection,1
Southampton,165,18950815,match information,Tony Webb minor counties collection,1
Nottingham,165,18950815,match information,Tony Webb minor counties collection,1
Lord's,165,18950815,match information,Tony Webb minor counties collection,1
Bootle,165,18950815,match information,Tony Webb minor counties collection,1
Norfolk v Lincolnshire,166,18950802,match information,Tony Webb minor counties collection,1
Norfolk v Hertfordshire,166,18950802,match information,Tony Webb minor counties collection,1
"Cromer Visitors, Gunton",166,18950815,team information,Tony Webb minor counties collection,1
"Y M C A, Newmarket Road",166,18950815,team information,Tony Webb minor counties collection,1
"Oulton and Blickling, Blickling Park",166,18950815,team information,Tony Webb minor counties collection,1
London Married v Single,166,18950815,team information,Tony Webb minor counties collection,1
Barge v Norwich Union,166,18950815,team information,Tony Webb minor counties collection,1
County Asylum v R N M,166,18950815,team information,Tony Webb minor counties collection,1
Wellington v Victoria,166,18950815,team information,Tony Webb minor counties collection,1
Surrey Road School,166,18950815,team information,Tony Webb minor counties collection,1
Wanderers v Holkham,166,18950809,match information,Tony Webb minor counties collection,1
Holkham v Y M C A,166,18950810,team information,Tony Webb minor counties collection,1
"St Margaret's Institute, Lowestoft",166,18950810,team information,Tony Webb minor counties collection,1
"Drayton and Taverham, Taverham",166,18950810,team information,Tony Webb minor counties collection,1
Mouth v Mechanics,166,18950810,team information,Tony Webb minor counties collection,1
Ramsgam v Hempstead,166,18950810,match information,Tony Webb minor counties collection,1
R A v Diss,166,18950810,team information,Tony Webb minor counties collection,1
"Quidenham, Quidenham Park",166,18950810,team information,Tony Webb minor counties collection,1
"St Mark's, Honingham",166,18950810,team information,Tony Webb minor counties collection,1
Wanderers v King's Lynn,166,18950810,match information,Tony Webb minor counties collection,1
"Thorpe Hamlet, Plumstead Road",166,18950810,team information,Tony Webb minor counties collection,1
"Norfolk County Asylum, Whittingham",166,18950810,team information,Tony Webb minor counties collection,1
White's v Catton Park,166,18950810,match information,Tony Webb minor counties collection,1
Holkham v Visitors,166,18950810,team information,Tony Webb minor counties collection,1
Holkham v Guild,166,18950810,match information,Tony Webb minor counties collection,1
"R N H, Yarmouth",166,18950810,team information,Tony Webb minor counties collection,1
Choir v New City,166,18950810,match information,Tony Webb minor counties collection,1
"Smallburgh, Catfield",166,18950810,team information,Tony Webb minor counties collection,1
Norfolk v Oxfordshire,167,18950814,match information,Tony Webb minor counties collection,1
W Hansell's XI v Gunton,167,18950813,match information,Tony Webb minor counties collection,1
Melton v Holkham,167,18950814,match information,Tony Webb minor counties collection,1
Hevingham v Oulton And Blickling,167,18950814,match information,Tony Webb minor counties collection,1
E A Massingham's XI v Fakenham,167,18950814,match information,Tony Webb minor counties collection,1
Yarmouth R A v C E Y M S,167,18950815,match information,Tony Webb minor counties collection,1
New City v Eaton,167,18950815,match information,Tony Webb minor counties collection,1
Lord Battersea's XI v Gunton,167,18950815,match information,Tony Webb minor counties collection,1
Gordon v Unity,167,18950815,match information,Tony Webb minor counties collection,1
Lowestoft Visitors v County Asylum,167,18950815,match information,Tony Webb minor counties collection,1
Old Catton v Norwich Union,167,18950815,match information,Tony Webb minor counties collection,1
Westwick v Guild,167,18950815,match information,Tony Webb minor counties collection,1
Norwich And London v Y M C A,167,18950815,match information,Tony Webb minor counties collection,1
Carrow v St Mark's,167,18950817,match information,Tony Webb minor counties collection,1
Carrow Second v Y M C A,167,18950817,match information,Tony Webb minor counties collection,1
Thorpe Hamlet v Teachers,167,18950817,match information,Tony Webb minor counties collection,1
Mulbarton v Hethersett,167,18950817,match information,Tony Webb minor counties collection,1
New City v Surrey Road School,167,18950817,match information,Tony Webb minor counties collection,1
R N H v Guild,167,18950817,match information,Tony Webb minor counties collection,1
County Asylum v South Yarmouth,167,18950817,match information,Tony Webb minor counties collection,1
Coltishall v Blofield,167,18950817,match information,Tony Webb minor counties collection,1
Lowestoft v Beccles Caxton,167,18950817,match information,Tony Webb minor counties collection,1
South Heigham Institute v Howlett & White's Second,167,18950817,match information,Tony Webb minor counties collection,1
Yarmouth St Andrew's v Mechanics Second,167,18950817,match information,Tony Webb minor counties collection,1
Swaffham v King's Lynn,167,18950817,match information,Tony Webb minor counties collection,1
West Newton v King's Lynn Second,167,18950817,match information,Tony Webb minor counties collection,1
Quidenham Park v Diss Second,167,18950817,match information,Tony Webb minor counties collection,1
Diss v Bury United,167,18950817,match information,Tony Webb minor counties collection,1
Holt v Upper Sheringham,167,18950817,match information,Tony Webb minor counties collection,1
Mechanics v Y R A,167,18950817,match information,Tony Webb minor counties collection,1
Taverham v Kingsley,167,18950817,match information,Tony Webb minor counties collection,1
Southdown Wanderers Tour,168,18950819,newspaper cuttings,Tony Webb minor counties collection,1
Bury United v Southdown Wanderers,168,18950812,match information,Tony Webb minor counties collection,1
Fakenham v Southdown Wanderers,168,18950814,match information,Tony Webb minor counties collection,1
Swaffham v Southdown Wanderers,168,18950815,match information,Tony Webb minor counties collection,1
Holkham v Southdown Wanderers,168,18950816,match information,Tony Webb minor counties collection,1
King's Lynn v Southdown Wanderers,168,18950817,match information,Tony Webb minor counties collection,1
Carrow v Norfolk County Asylum,168,18950817,match information,Tony Webb minor counties collection,1
Mount Pleasant v Surrey Road School,168,18950817,match information,Tony Webb minor counties collection,1
Norfolk County Asylum v Royal Naval Asylum,168,18950815,match information,Tony Webb minor counties collection,1
St Mark's Second XI v Caley's Second XI,168,18950817,match information,Tony Webb minor counties collection,1
Holkham v Hunstanton Visitors,168,18950814,match information,Tony Webb minor counties collection,1
H S Reeve's Reepham XI v Haverland,168,18950815,match information,Tony Webb minor counties collection,1
Kent v Gloucestershire,168,18950819,match information,Tony Webb minor counties collection,1
Derbyshire v Lancashire,168,18950819,match information,Tony Webb minor counties collection,1
Yorkshire v Middlesex,168,18950819,match information,Tony Webb minor counties collection,1
Hampshire v Warwickshire,168,18950819,match information,Tony Webb minor counties collection,1
Worcestershire v Cheshire,168,18950819,match information,Tony Webb minor counties collection,1
Kent Second XI v Middlesex Second XI,168,18950819,match information,Tony Webb minor counties collection,1
M C C And Ground v Oxfordshire,168,18950819,match information,Tony Webb minor counties collection,1
Devonshire v M C C And Ground,168,18950819,match information,Tony Webb minor counties collection,1
M C C And Ground v St Albans,168,18950819,match information,Tony Webb minor counties collection,1
M C C And Ground v Lewes Priory,168,18950819,match information,Tony Webb minor counties collection,1
Norfolk County Club,169,18950822,team information,Tony Webb minor counties collection,1
Norfolk County Club match list,169,18950816,team information,Tony Webb minor counties collection,1
Suffolk Borderers v Gunton,169,18950824,match information,Tony Webb minor counties collection,1
St Mark's v R N H,169,18950824,match information,Tony Webb minor counties collection,1
Thorpe Hamlet v Guild,169,18950824,match information,Tony Webb minor counties collection,1
Kingsley v Temple,169,18950824,match information,Tony Webb minor counties collection,1
Blofield v Y M C A,169,18950824,match information,Tony Webb minor counties collection,1
Beccles Caxton v Yarmouth Mechanics,169,18950824,match information,Tony Webb minor counties collection,1
Diss v College Gate,169,18950824,match information,Tony Webb minor counties collection,1
Quidenham Park v Thetford,169,18950824,match information,Tony Webb minor counties collection,1
Y R A v South Yarmouth,169,18950824,match information,Tony Webb minor counties collection,1
Carrow v Howlett & White's,169,18950824,match information,Tony Webb minor counties collection,1
Carrow Second v New City,169,18950824,match information,Tony Webb minor counties collection,1
Howlett & White's Second v Caley & Son's Second,169,18950824,match information,Tony Webb minor counties collection,1
Lowestoft v Visitors,169,18950824,match information,Tony Webb minor counties collection,1
Hethersett v North Heigham Institute,169,18950824,match information,Tony Webb minor counties collection,1
H Cozens-Hardy's XI v Norfolk County Asylum,169,18950824,match information,Tony Webb minor counties collection,1
Rev King's XI v New City,169,18950824,match information,Tony Webb minor counties collection,1
St Paul's v Thorpe Village,169,18950824,match information,Tony Webb minor counties collection,1
United v Norman & Beard's,169,18950824,match information,Tony Webb minor counties collection,1
Catfield v Waxham Visitors,169,18950824,match information,Tony Webb minor counties collection,1
Dr Knox's XI v P Jickling's XI,169,18950824,match information,Tony Webb minor counties collection,1
Mulbarton v Hethersett,169,18950824,match information,Tony Webb minor counties collection,1
North Elmham v Hall,169,18950824,match information,Tony Webb minor counties collection,1
Cambridgeshire v Norfolk,169,18950826,team information,Tony Webb minor counties collection,1
Middlesex v Kent,169,18950829,match information,Tony Webb minor counties collection,1
Sussex v Surrey,169,18950829,match information,Tony Webb minor counties collection,1
Somerset v Gloucestershire,169,18950829,match information,Tony Webb minor counties collection,1
Leicestershire v Lancashire,169,18950829,match information,Tony Webb minor counties collection,1
Yorkshire v MCC,169,18950829,match information,Tony Webb minor counties collection,1
Gunton v S Hoare's XI,170,18950828,match information,Tony Webb minor counties collection,1
Norfolk,171,18950902,team information,Tony Webb minor counties collection,1
Norfolk,171,18950902,fixture information,Tony Webb minor counties collection,1
Cambridgeshire v Norfolk,171,18950829,match information,Tony Webb minor counties collection,1
Worcestershire v Durham,171,18950813,match information,Tony Webb minor counties collection,1
Oxfordshire v Cambridge University Schoolboys,171,18950828,match information,Tony Webb minor counties collection,1
Dr Thomson's XI v H Cozens-Hardy's XI,171,18950831,match information,Tony Webb minor counties collection,1
Carrow Second XI v New City,172,18950831,match information,Tony Webb minor counties collection,1
Silver Road v St Paul's,172,18950831,match information,Tony Webb minor counties collection,1
St Philip's v St Philip's Institute,172,18950831,match information,Tony Webb minor counties collection,1
Thorpe Village v Coltishall,172,18950829,match information,Tony Webb minor counties collection,1
Bylaugh v Yaxham,172,18950831,match information,Tony Webb minor counties collection,1
Catfield v Oulton And Blickling Park,172,18950829,match information,Tony Webb minor counties collection,1
Cathedral Choir v Rosary Road,172,18950829,match information,Tony Webb minor counties collection,1
Harleston v Norwich Union,172,18950829,match information,Tony Webb minor counties collection,1
Ladies v Gentlemen,172,18950829,match information,Tony Webb minor counties collection,1
Westwick v Cameron-Wellington,172,18950829,match information,Tony Webb minor counties collection,1
Temperance v St Michael's,173,18950727,match information,Tony Webb minor counties collection,1
Colts v Clarence,173,18950727,match information,Tony Webb minor counties collection,1
Star v St Michael's,173,18950727,match information,Tony Webb minor counties collection,1
Excelsior v Enterprise,173,18950727,match information,Tony Webb minor counties collection,1
Teachers v Doddridge,173,18950727,match information,Tony Webb minor counties collection,1
Regent-Square v Victoria-Road,173,18950727,match information,Tony Webb minor counties collection,1
Excelsior Albions v Pioneer,173,18950727,match information,Tony Webb minor counties collection,1
Northampton County Club And Ground v Long Buckby,173,18950727,match information,Tony Webb minor counties collection,1
Kislingbury v West End Rovers,173,18950727,match information,Tony Webb minor counties collection,1
Northampton Licensed Trades v Weedon Garrison,173,18950727,match information,Tony Webb minor counties collection,1
Dallington v Star Reserve,173,18950727,match information,Tony Webb minor counties collection,1
Woodford v Grafton Underwood,173,18950729,match information,Tony Webb minor counties collection,1
Northampton Town League match list,173,18950802,team information,Tony Webb minor counties collection,1
Bedfordshire v MCC And Ground,174,18950807,match information,Tony Webb minor counties collection,1
Wellingborough Masters team aggregates,174,18950800,statistics,Tony Webb minor counties collection,1
Wellingborough Masters players,174,18950800,player information,Tony Webb minor counties collection,1
Wellingborough Grammar School team aggregates,174,18950800,statistics,Tony Webb minor counties collection,1
Wellingborough Grammar School players,174,18950800,player information,Tony Webb minor counties collection,1
Wellingborough Grammar School Boys' XI Under 14 team aggregates,174,18950800,statistics,Tony Webb minor counties collection,1
Wellingborough Grammar School Boys' XI Under 14 players,174,18950800,player information,Tony Webb minor counties collection,1
Wellingborough Grammar School 2nd XI team aggregates,174,18950800,statistics,Tony Webb minor counties collection,1
Wellingborough Grammar School 2nd XI players,174,18950800,player information,Tony Webb minor counties collection,1
Badminton v Depot Club,174,18950805,match information,Tony Webb minor counties collection,1
Northampton League Second Section match list,174,18950803,team information,Tony Webb minor counties collection,1
Northampton League Third Section match list,174,18950803,team information,Tony Webb minor counties collection,1
Excelsior v Star,175,18950803,match information,Tony Webb minor counties collection,1
Clarence v Colts,175,18950803,match information,Tony Webb minor counties collection,1
Trade v Regent-Square,175,18950803,match information,Tony Webb minor counties collection,1
Excelsior Albions v Artisan Star,175,18950803,match information,Tony Webb minor counties collection,1
Primitives v St Katherine's,175,18950809,match information,Tony Webb minor counties collection,1
YMCA v St Sepulchre's BC,175,18950803,match information,Tony Webb minor counties collection,1
Co-Op v First Wesleyans (st. Andrew's-Road),175,18950803,match information,Tony Webb minor counties collection,1
Catholic Alma v St Giles,175,18950803,match information,Tony Webb minor counties collection,1
Bedfordshire v Hertfordshire,175,18950806,match information,Tony Webb minor counties collection,1
Northamptonshire Club And Ground v Excelsior,175,18950805,match information,Tony Webb minor counties collection,1
Wellingborough Grammar School Past v Present,175,18950802,match information,Tony Webb minor counties collection,1
Wellingborough Grammar School Past Second XI v Present Second XI,175,18950802,match information,Tony Webb minor counties collection,1
St Paul's v Pioneer Second XI,175,18950803,match information,Tony Webb minor counties collection,1
Moulton v Overstone Park,175,18950803,match information,Tony Webb minor counties collection,1
Pioneer v Church And Co,175,18950803,match information,Tony Webb minor counties collection,1
Victoria-Road v Excelsior Albions,176,18950810,match information,Tony Webb minor counties collection,1
Princess-Street v Doddridge,176,18950810,match information,Tony Webb minor counties collection,1
Moss Rose v Pioneer,176,18950810,match information,Tony Webb minor counties collection,1
St Lawrence's v YMCA,176,18950810,match information,Tony Webb minor counties collection,1
Blue Shield v Gold-Street Wesleyans,176,18950810,match information,Tony Webb minor counties collection,1
St Sepulchre's Bible Class v St Sepulchre's Institute,176,18950810,match information,Tony Webb minor counties collection,1
Bedfordshire v Oxfordshire,176,18950810,match information,Tony Webb minor counties collection,1
MCC And Ground v Buckinghamshire,176,18950810,match information,Tony Webb minor counties collection,1
St James' Excelsior v St James' Hall,176,18950815,match information,Tony Webb minor counties collection,1
St Paul's v Princess-Street XI CB,176,18950810,match information,Tony Webb minor counties collection,1
St Paul's v Wellingborough All Saints' Juniors,176,18950807,match information,Tony Webb minor counties collection,1
Wellingborough All Saints v Kettering Working Men's Club,176,18950810,match information,Tony Webb minor counties collection,1
Guilsborough v Cold Ashby XI,176,18950810,match information,Tony Webb minor counties collection,1
Enterprise v Excelsior,177,18950824,match information,Tony Webb minor counties collection,1
St Andrew's v Star,177,18950824,match information,Tony Webb minor counties collection,1
Princes-Street v Moss Rose,177,18950824,match information,Tony Webb minor counties collection,1
Doddridge v Excelsior Albions,177,18950824,match information,Tony Webb minor counties collection,1
St Giles v Wesleyan Star,177,18950824,match information,Tony Webb minor counties collection,1
Blue Shield v YMCA,177,18950824,match information,Tony Webb minor counties collection,1
St Lawrence's v Manfield's,177,18950824,match information,Tony Webb minor counties collection,1
Wootton v St Mary's,177,18950824,match information,Tony Webb minor counties collection,1
Kettering Wanderers v Kettering Wesleyans,177,18950824,match information,Tony Webb minor counties collection,1
Kettering Church Institute Second v Kettering Working Men's Club Second,177,18950824,match information,Tony Webb minor counties collection,1
Kettering Fuller v Brigstock,177,18950824,match information,Tony Webb minor counties collection,1
Kettering Church Institute v Kettering Working Men's Club,177,18950824,match information,Tony Webb minor counties collection,1
Princess-Street Excelsior Reserves v Queen's-Road,177,18950824,match information,Tony Webb minor counties collection,1
Empire Star v Lifeboat,177,18950824,match information,Tony Webb minor counties collection,1
Victoria-Road v Cogenhoe,177,18950824,match information,Tony Webb minor counties collection,1
Henley v Grafton Arms,177,18950824,match information,Tony Webb minor counties collection,1
Queen's Arms Raglan-Street v Lord Raglan,177,18950824,match information,Tony Webb minor counties collection,1
Hardingstone v Borough Employes,177,18950824,match information,Tony Webb minor counties collection,1
St Sepulchre's Bible Class v Princess-Street XLCR,177,18950824,match information,Tony Webb minor counties collection,1
Alcombe Rovers v Uppingham Rovers,177,18950824,match information,Tony Webb minor counties collection,1
St Sepulchre's Choir v Kingsley Park Wesleyans,177,18950824,match information,Tony Webb minor counties collection,1
Wellingborough Congregational v Northampton College-Street,177,18950824,match information,Tony Webb minor counties collection,1
St Paul's v Catholic Alma,177,18950824,match information,Tony Webb minor counties collection,1
Teachers v Wollaston,177,18950824,match information,Tony Webb minor counties collection,1
Post Office v YMCA,177,18950822,match information,Tony Webb minor counties collection,1
Brittania Rovers v Lily Of The Valley,177,18950824,match information,Tony Webb minor counties collection,1
Northumberland County,178,18950826,team information,Tony Webb minor counties collection,1
Forest Amateurs v Beeston,179,18950521,match information,Tony Webb minor counties collection,1
Forest Wanderers v Kimberley,179,18950521,match information,Tony Webb minor counties collection,1
Forest Amateurs v Loughborough,179,18950518,match information,Tony Webb minor counties collection,1
Derby Midland v Barnsley,179,18950518,match information,Tony Webb minor counties collection,1
Wallingford Brewery v Working Men's Club,180,18950622,match information,Tony Webb minor counties collection,1
Berk Asylum v Wallingford Athletic Club,180,18950622,match information,Tony Webb minor counties collection,1
Watlington v Aston Rowant,180,18950622,match information,Tony Webb minor counties collection,1
Early Closers v Cholsey,180,18950626,match information,Tony Webb minor counties collection,1
Oddington v Wendlebury,180,18950624,match information,Tony Webb minor counties collection,2
Cherwell Valley v Holywell,180,18950622,match information,Tony Webb minor counties collection,1
Victoria v Central Conservative,180,18950622,match information,Tony Webb minor counties collection,2
Witney Holy Trinity v Aston,180,18950622,match information,Tony Webb minor counties collection,2
Lord Williams' Grammar School v Thame Printers,180,18950622,match information,Tony Webb minor counties collection,2
Oxfordshire v Worcestershire,181,18950624,match information,Tony Webb minor counties collection,2
Thame C.C. matches,181,18950621,team information,Tony Webb minor counties collection,1
Watlington XI v Aston Rowant,181,18950622,match information,Tony Webb minor counties collection,2
Central Conservative Club v Victoria,181,18950622,match information,Tony Webb minor counties collection,2
City Club v New College,181,18950627,match information,Tony Webb minor counties collection,1
Junior Clubs Matches,181,18950622,match information,Tony Webb minor counties collection,1
Witney v Exeter College,181,18950626,match information,Tony Webb minor counties collection,2
Witney v Faringdon,181,18950622,match information,Tony Webb minor counties collection,2
Burford v Northleach,181,18950620,match information,Tony Webb minor counties collection,2
Blenheim Park v Headington United,181,18950622,match information,Tony Webb minor counties collection,2
Local Fixtures,181,18950629,team information,Tony Webb minor counties collection,1
Oxford City Cricket Club Colts' Match,182,18950708,team information,Tony Webb minor counties collection,1
Oxford University v Sussex,182,18950624,match information,Tony Webb minor counties collection,1
Oxfordshire v Worcestershire,182,18950624,match information,Tony Webb minor counties collection,2
Thame C.C. match list,182,18950622,team information,Tony Webb minor counties collection,1
Watlington XI v Aston Rowant,182,18950622,match information,Tony Webb minor counties collection,2
Central Conservative Club v Victoria,182,18950622,match information,Tony Webb minor counties collection,2
City Cricket Club match list,182,18950000,team information,Tony Webb minor counties collection,1
Juniors match list,182,18950622,team information,Tony Webb minor counties collection,1
Local Fixtures,182,18950629,fixture information,Tony Webb minor counties collection,1
Cherwell Valley v Holywell AC,183,18950622,match information,Tony Webb minor counties collection,1
Victoria v Central Conservative,183,18950622,match information,Tony Webb minor counties collection,2
Witney Holy Trinity v Aston,183,18950622,match information,Tony Webb minor counties collection,2
Witney v Exeter College,183,18950626,match information,Tony Webb minor counties collection,2
Abingdon Second v Abingdon Clothing Factory,183,18950622,match information,Tony Webb minor counties collection,1
Witney v Faringdon,183,18950622,match information,Tony Webb minor counties collection,2
Lord Williams' Grammar School v Thame Printers,183,18950622,match information,Tony Webb minor counties collection,2
Abingdon School v Reading School,183,18950622,match information,Tony Webb minor counties collection,1
Burford v Northleach,183,18950620,match information,Tony Webb minor counties collection,2
Blenheim Park v Headington United,183,18950622,match information,Tony Webb minor counties collection,2
Oddington v Wendlebury,183,18950624,match information,Tony Webb minor counties collection,2
Thame v Chesham,184,18950713,match information,Tony Webb minor counties collection,2
College Servants v Witney,184,18950713,match information,Tony Webb minor counties collection,1
St Paul's v Summerton,184,18950713,match information,Tony Webb minor counties collection,1
Maidenhead v Oxford,184,18950716,match information,Tony Webb minor counties collection,1
Goring v Moulsmord Asylum,184,18950713,match information,Tony Webb minor counties collection,1
Thame Second XI v Oxford High School,184,18950710,match information,Tony Webb minor counties collection,1
Athletic Club v Ipsden,184,18950713,match information,Tony Webb minor counties collection,1
Athletic Club v Dorchester,184,18950717,match information,Tony Webb minor counties collection,1
Thame Park-Street Wanderers v Long Crendon,184,18950713,match information,Tony Webb minor counties collection,1
Thame v Chesham,185,18950713,match information,Tony Webb minor counties collection,2
Thame v Britannia Works,185,18950713,match information,Tony Webb minor counties collection,1
Clarendon Press v St Barnabas,185,18950717,match information,Tony Webb minor counties collection,1
Star v City,185,18950713,match information,Tony Webb minor counties collection,1
DAC v City,185,18950713,match information,Tony Webb minor counties collection,1
St Paul's v Summertown,185,18950713,match information,Tony Webb minor counties collection,1
Littlemore Asylum v Cowley,185,18950713,match information,Tony Webb minor counties collection,1
DAC v City Second XI,185,18950719,match information,Tony Webb minor counties collection,1
Witney v EOCC,185,18950713,match information,Tony Webb minor counties collection,1
Cowley v Star,185,18950723,match information,Tony Webb minor counties collection,1
Cowley St John v Cowley II,185,18950724,match information,Tony Webb minor counties collection,1
Reading v City,185,18950724,match information,Tony Webb minor counties collection,1
Star v EOCC,185,18950725,match information,Tony Webb minor counties collection,1
Victoria v DAC,185,18950725,match information,Tony Webb minor counties collection,1
Headington United v City Second XI,185,18950725,match information,Tony Webb minor counties collection,1
Oxfordshire v Buckinghamshire,186,18950807,match information,Tony Webb minor counties collection,1
Oxfordshire v Bedfordshire,186,18950816,match information,Tony Webb minor counties collection,1
Oxfordshire v Worcestershire,186,18950812,match information,Tony Webb minor counties collection,1
Star II v Iffley,186,18950816,match information,Tony Webb minor counties collection,1
Star v Victoria,186,18950810,match information,Tony Webb minor counties collection,2
Star v EOCC,186,18950815,match information,Tony Webb minor counties collection,1
Corporation v Cheltenham Corporation Employes,186,18950810,match information,Tony Webb minor counties collection,1
Cowley v Thame,186,18950817,match information,Tony Webb minor counties collection,3
MCC v Oxfordshire,186,18950820,match information,Tony Webb minor counties collection,1
Oxfordshire v Norfolk,186,18950821,match information,Tony Webb minor counties collection,1
Mr Maurice Langham's XI v XI Wantage Gentlemen,186,18950816,match information,Tony Webb minor counties collection,1
Burford v Oriel And Corpus College Servants,186,18950814,match information,Tony Webb minor counties collection,1
Star Reserves v Iffley,187,18950816,match information,Tony Webb minor counties collection,1
Oxford Corporation v Cheltenham Corporation,187,18950518,match information,Tony Webb minor counties collection,1
Oxford Corporation v Cheltenham Corporation,187,18950810,match information,Tony Webb minor counties collection,1
Star v Victoria,187,18950810,match information,Tony Webb minor counties collection,2
Witney v Cowley,187,18950810,match information,Tony Webb minor counties collection,1
Combe Unity v Old Woodstock,187,18950812,match information,Tony Webb minor counties collection,1
Burford Second v Shipton And District,187,18950807,match information,Tony Webb minor counties collection,1
St Barnabas v Dracians,187,18950810,match information,Tony Webb minor counties collection,1
Miss Berridge's XI,187,18950810,match information,Tony Webb minor counties collection,1
Mr J R Berridge's XI,187,18950810,match information,Tony Webb minor counties collection,1
St Thomas' v Holy Trinity,187,18950816,match information,Tony Webb minor counties collection,1
OCCC v Victoria,188,18950817,match information,Tony Webb minor counties collection,2
Cowley v Thame,188,18950817,match information,Tony Webb minor counties collection,3
Corporation v University Press,188,18950817,match information,Tony Webb minor counties collection,1
St Paul's v EOCC,188,18950817,match information,Tony Webb minor counties collection,4
Wheatley v Oxford Times,189,18950817,match information,Tony Webb minor counties collection,3
Reading v Abingdon,189,18950817,match information,Tony Webb minor counties collection,3
Cowley Second v United College Servants Second,189,18950809,match information,Tony Webb minor counties collection,1
City 2nd,189,18950824,team information,Tony Webb minor counties collection,1
Abingdon 2nd,189,18950824,team information,Tony Webb minor counties collection,1
St. Paul's,189,18950824,team information,Tony Webb minor counties collection,1
College Servants,189,18950824,team information,Tony Webb minor counties collection,1
City v Victoria,190,18950822,match information,Tony Webb minor counties collection,2
Cowley v Thame,190,18950816,match information,Tony Webb minor counties collection,2
The County v MCC,190,18950819,match information,Tony Webb minor counties collection,1
Clarendon Press v The Holders,190,18950817,match information,Tony Webb minor counties collection,1
Cowley Second XI v College Servants Second XI,190,18950817,match information,Tony Webb minor counties collection,2
St Paul's v EOCC,190,18950817,match information,Tony Webb minor counties collection,4
The Conservatives v St Paul's,190,18950822,match information,Tony Webb minor counties collection,1
DAC v Headington Quarry,190,18950817,match information,Tony Webb minor counties collection,2
Oxford v Cambridge,190,18950817,match information,Tony Webb minor counties collection,1
The Oxford Times v Wheatley,190,18950817,match information,Tony Webb minor counties collection,1
City v Victoria,191,18950822,match information,Tony Webb minor counties collection,2
Cowley v Thame,191,18950816,match information,Tony Webb minor counties collection,2
County v MCC,191,18950819,match information,Tony Webb minor counties collection,1
Clarendon Press v Corporation Of Oxford,191,18950817,match information,Tony Webb minor counties collection,1
Cowley Second XI v College Servants Second XI,191,18950817,match information,Tony Webb minor counties collection,2
St Paul's v EOCC,191,18950817,match information,Tony Webb minor counties collection,4
DAC v Headington Quarry,191,18950817,match information,Tony Webb minor counties collection,2
Cambridge Servants v Oxford Servants,191,18950818,match information,Tony Webb minor counties collection,1
Oxford Times v Wheatley,191,18950817,match information,Tony Webb minor counties collection,3
OCCC Second XI v Balliol College Servants,191,18950816,match information,Tony Webb minor counties collection,1
OCCC v Victoria,192,18950817,match information,Tony Webb minor counties collection,2
Cowley v Thame,192,18950817,match information,Tony Webb minor counties collection,3
Corporation v Clarendon Press,192,18950817,match information,Tony Webb minor counties collection,1
St Paul's v EOCC,192,18950817,match information,Tony Webb minor counties collection,4
Cowley Second XI v United College Servants Second XI,192,18950809,match information,Tony Webb minor counties collection,1
Wheatley v Oxford Times,192,18950817,match information,Tony Webb minor counties collection,3
East Oxford Conservative v St Paul's,192,18950815,match information,Tony Webb minor counties collection,1
G Holloway's XI v DAO,192,18950815,match information,Tony Webb minor counties collection,1
Reading v Abingdon,192,18950817,match information,Tony Webb minor counties collection,3
Oxfordshire County,193,18950829,team information,Tony Webb minor counties collection,1
Corporation,193,18950831,team information,Tony Webb minor counties collection,1
Star,193,18950831,team information,Tony Webb minor counties collection,1
City,193,18950831,team information,Tony Webb minor counties collection,1
Headington United,193,18950831,team information,Tony Webb minor counties collection,1
Clarendon Press,193,18950831,team information,Tony Webb minor counties collection,1
Headington Hill Hall,193,18950831,team information,Tony Webb minor counties collection,1
College Servants,193,18950831,team information,Tony Webb minor counties collection,1
Cowley,193,18950831,team information,Tony Webb minor counties collection,1
Cowley St. John,193,18950905,team information,Tony Webb minor counties collection,1
Cowley,193,18950903,team information,Tony Webb minor counties collection,1
Henley,193,18950903,team information,Tony Webb minor counties collection,1
Thame,193,18950903,team information,Tony Webb minor counties collection,1
Cygnets,193,18950903,team information,Tony Webb minor counties collection,1
Oxfordshire County v Norfolk,193,18950829,match information,Tony Webb minor counties collection,1
City v MCC,193,18950831,match information,Tony Webb minor counties collection,1
Star II v St Paul's,193,18950831,match information,Tony Webb minor counties collection,1
Cowley II v Corporation,193,18950831,match information,Tony Webb minor counties collection,1
City v Cowley,193,18950902,match information,Tony Webb minor counties collection,1
DAC v City Second XI,193,18950902,match information,Tony Webb minor counties collection,1
City v Cowley,193,18950903,match information,Tony Webb minor counties collection,2
Cowley St John v College Servants Second XI,193,18950905,match information,Tony Webb minor counties collection,1
Star v Victoria,193,18950905,match information,Tony Webb minor counties collection,2
City v Henley,193,18950905,match information,Tony Webb minor counties collection,1
St Paul's v EOCC,193,18950905,match information,Tony Webb minor counties collection,1
Thame v Cygnets,193,18950903,match information,Tony Webb minor counties collection,1
Eynsham Hall v Newland Cygnets,193,18950824,match information,Tony Webb minor counties collection,1
Newland Cygnets player statistics,193,18950831,statistics,Tony Webb minor counties collection,1
Eynsham Hall Park player statistics,193,18950831,statistics,Tony Webb minor counties collection,1
OCCC v Lord Jersey's XI,194,18950821,match information,Tony Webb minor counties collection,1
OCCC v Bicester (mr. H Tubb's Xi.),194,18950824,match information,Tony Webb minor counties collection,1
St Barnabas v Abingdon,194,18950824,match information,Tony Webb minor counties collection,1
Clarendon CC (a) v Ymcacc,194,18950824,match information,Tony Webb minor counties collection,1
Oxford Times v Oxford Chronicle,194,18950824,match information,Tony Webb minor counties collection,1
DAC v St Paul's,194,18950824,match information,Tony Webb minor counties collection,1
Didcot GWR v Sutton Courtney,194,18950824,match information,Tony Webb minor counties collection,1
Kingston Bagpuize v Buckland,194,18950823,match information,Tony Webb minor counties collection,1
Abingdon v Witney,194,18950824,match information,Tony Webb minor counties collection,1
Holy Trinity v St Peter-Le-Bailey,194,18950824,match information,Tony Webb minor counties collection,1
Broadmoor Asylum v Moulsfold Asylum,194,18950824,match information,Tony Webb minor counties collection,1
Woodleys v Harkaway,194,18950824,match information,Tony Webb minor counties collection,1
Littlemore Asylum v Headington Quarry,194,18950824,match information,Tony Webb minor counties collection,1
Clarendon CC (b) v Star B,194,18950824,match information,Tony Webb minor counties collection,1
Old Woodstock v Axtell's,194,18950824,match information,Tony Webb minor counties collection,1
OCCC v MCC,195,18950906,match information,Tony Webb minor counties collection,1
Oxfordshire Cup OCCC v Cowley,196,18950902,match information,Tony Webb minor counties collection,1
Cowley player statistics,196,18950000,statistics,Tony Webb minor counties collection,1
City player statistics,196,18950000,statistics,Tony Webb minor counties collection,1
City v Cowley,197,18950903,match information,Tony Webb minor counties collection,2
St Paul's v Star Second XI,197,18950831,match information,Tony Webb minor counties collection,1
Cowley St John v DAC,197,18950905,match information,Tony Webb minor counties collection,1
DAC v City Second XI,197,18950903,match information,Tony Webb minor counties collection,1
Star v St Barnabas,197,18950831,match information,Tony Webb minor counties collection,1
St Paul's v Star Reserves,197,18950831,match information,Tony Webb minor counties collection,1
Cowley Second XI v St Paul's,198,18950913,match information,Tony Webb minor counties collection,1
DAC v Cowley,198,18950909,match information,Tony Webb minor counties collection,2
DAC v College Servants,198,18950913,match information,Tony Webb minor counties collection,1
DAC v Star,198,18950911,match information,Tony Webb minor counties collection,1
Star v Clarendon Press,198,18950907,match information,Tony Webb minor counties collection,1
Clarendon Press B v Dracrians (b),198,18950907,match information,Tony Webb minor counties collection,1
Star v Victoria,198,18950905,match information,Tony Webb minor counties collection,2
Abingdon,199,18950912,newspaper cuttings,Tony Webb minor counties collection,1
Thame,199,18950000,newspaper cuttings,Tony Webb minor counties collection,1
Cowley v Star,199,18950907,match information,Tony Webb minor counties collection,1
Cowley v DAC,199,18950909,match information,Tony Webb minor counties collection,2
DAC v College Servants,199,18950910,match information,Tony Webb minor counties collection,1
Star v DAC,199,18950913,match information,Tony Webb minor counties collection,1
City Second XI v Clarendon Press Second XI,199,18950914,match information,Tony Webb minor counties collection,1
Headington Quarry Second XI v Cowley St John Second XI,199,18950914,match information,Tony Webb minor counties collection,1
Cowley Barracks v Star,199,18950914,match information,Tony Webb minor counties collection,1
Star Second XI v Headington United Second XI,199,18950914,match information,Tony Webb minor counties collection,1
DAC v Victoria,199,18950914,match information,Tony Webb minor counties collection,1
EOLC v EOCC,199,18950914,match information,Tony Webb minor counties collection,1
Clarendon Press Second XI v St Paul's Second XI,199,18950914,match information,Tony Webb minor counties collection,1
Littlemore Asylum v St Barnabas,199,18950914,match information,Tony Webb minor counties collection,1
College Servants v Corporation,199,18950914,match information,Tony Webb minor counties collection,1
Corporation Second XI v Iffley,199,18950914,match information,Tony Webb minor counties collection,1
Grandpont v YMCA,199,18950914,match information,Tony Webb minor counties collection,1
St Paul's v Headington Quarry,199,18950914,match information,Tony Webb minor counties collection,1
Victoria Second XI v Boulter-Street Institute,199,18950914,match information,Tony Webb minor counties collection,1
Thame Cricket Club player statistics,200,18950900,statistics,Tony Webb minor counties collection,1
Montgomery v Aberystwyth,201,18950727,match information,Tony Webb minor counties collection,1
Wem v Shavington,201,18950724,match information,Tony Webb minor counties collection,1
Ellesmere Town v Overton,201,18950000,match information,Tony Webb minor counties collection,1
Wrexham v St James's Wrexham,201,18950726,match information,Tony Webb minor counties collection,1
Whittington v Tedsmore,201,18950727,match information,Tony Webb minor counties collection,1
St James's Wrexham v Hanmer,201,18950727,match information,Tony Webb minor counties collection,1
Oakhurst v Gobowen,201,18950727,match information,Tony Webb minor counties collection,1
Newtown FC v Newtown CC And RWW,201,18950726,match information,Tony Webb minor counties collection,1
Montgomery v Churchstoke Juniors,201,18950727,match information,Tony Webb minor counties collection,1
Montgomery v Pontesbury,201,18950724,match information,Tony Webb minor counties collection,1
Wrexham v Gwersyllt,201,18950727,match information,Tony Webb minor counties collection,1
Shropshire team aggregates,201,18950000,statistics,Tony Webb minor counties collection,1
Oakhurst v Wynnstay,202,18950803,match information,Tony Webb minor counties collection,1
Shropshire Club v Shrewsbury School,202,18950729,match information,Tony Webb minor counties collection,1
Oswestry v Guilsfield,202,18950803,match information,Tony Webb minor counties collection,1
Oswestry v Birkenhead Victoria,202,18950805,match information,Tony Webb minor counties collection,1
Wrexham,202,18950807,team information,Tony Webb minor counties collection,1
Shropshire,202,18950807,team information,Tony Webb minor counties collection,1
Oswestry and District,202,18950807,team information,Tony Webb minor counties collection,1
Cricket Fixtures,202,18950807,fixture information,Tony Webb minor counties collection,1
Welshpool v Guilsfield,203,18950810,match information,Tony Webb minor counties collection,1
Montgomery v Meole Brace,203,18950805,match information,Tony Webb minor counties collection,1
Mr J Thomas's (llantysilio Hall) XI v The Rev T J Rider's Team,203,18950807,match information,Tony Webb minor counties collection,1
Thomas's XI v Chirbury,203,18950810,match information,Tony Webb minor counties collection,1
Oakhurst v Llanymynech,203,18950810,match information,Tony Webb minor counties collection,1
Wrexham v Llandudno,203,18950807,match information,Tony Webb minor counties collection,1
Wrexham v Bangor,203,18950808,match information,Tony Webb minor counties collection,1
Wrexham v Brynneuadd,203,18950809,match information,Tony Webb minor counties collection,1
Oswestry And District v Old Carthusians,203,18950809,match information,Tony Webb minor counties collection,1
Rhosddu St James's v Wynnstay,203,18950814,fixture information,Tony Webb minor counties collection,1
Oswestry v Whitchurch,203,18950817,fixture information,Tony Webb minor counties collection,1
Gobowen v Llanymynech,203,18950817,fixture information,Tony Webb minor counties collection,1
Rhosddu St James's v Gwersyllt,203,18950817,fixture information,Tony Webb minor counties collection,1
L. Wrexham v Saltney,203,18950817,fixture information,Tony Webb minor counties collection,1
Shropshire v Ludlow,203,18950817,fixture information,Tony Webb minor counties collection,1
Shropshire v Welshpool,203,18950817,fixture information,Tony Webb minor counties collection,1
Oswestry 2nd v Oakhurst,203,18950817,fixture information,Tony Webb minor counties collection,1
Ruabon v Brymbo,203,18950817,fixture information,Tony Webb minor counties collection,1
Guilsfield v R.W.W.,203,18950817,fixture information,Tony Webb minor counties collection,1
Whittington v Ellesmere,203,18950817,fixture information,Tony Webb minor counties collection,1
Wem v Shrewsbury Railway Officials,203,18950817,fixture information,Tony Webb minor counties collection,1
Rhosddu St James's v Overton,203,18950822,fixture information,Tony Webb minor counties collection,1
Wem v Loppington,203,18950823,fixture information,Tony Webb minor counties collection,1
Rhosddu St James's v Rhos,203,18950824,fixture information,Tony Webb minor counties collection,1
L. Wrexham v Mold,203,18950824,fixture information,Tony Webb minor counties collection,1
Oswestry v Llandudno,203,18950824,fixture information,Tony Webb minor counties collection,1
Oswestry 2nd v Gobowen,203,18950824,fixture information,Tony Webb minor counties collection,1
Ruabon v Caergwrle,203,18950824,fixture information,Tony Webb minor counties collection,1
Wem v Ellesmere,203,18950824,fixture information,Tony Webb minor counties collection,1
Guilsfield v Llanfyllin,203,18950824,fixture information,Tony Webb minor counties collection,1
Shropshire v Herefordshire,203,18950828,fixture information,Tony Webb minor counties collection,1
Guilsfield v Newtown,203,18950830,fixture information,Tony Webb minor counties collection,1
Oswestry v Welshpool,203,18950831,fixture information,Tony Webb minor counties collection,1
Oswestry 2nd v Llanymynech,203,18950831,fixture information,Tony Webb minor counties collection,1
L. Wrexham v Flint,203,18950831,fixture information,Tony Webb minor counties collection,1
Rhosddu St James's v Gwersyllt,203,18950831,fixture information,Tony Webb minor counties collection,1
Gobowen v Oakhurst,203,18950831,fixture information,Tony Webb minor counties collection,1
Ruabon 2nd v Rhos 2nd,203,18950831,fixture information,Tony Webb minor counties collection,1
Wem v Ellesmere,203,18950831,fixture information,Tony Webb minor counties collection,1
Ruabon v Rhos,203,18950831,fixture information,Tony Webb minor counties collection,1
Guilsfield v R.W.W.,203,18950831,fixture information,Tony Webb minor counties collection,1
Ruabon v Overton,203,18950907,fixture information,Tony Webb minor counties collection,1
Oswestry v Ellesmere Town,203,18950907,fixture information,Tony Webb minor counties collection,1
Rhosddu St James's v Gresford,203,18950907,fixture information,Tony Webb minor counties collection,1
Wem v Salop Post Office,203,18950907,fixture information,Tony Webb minor counties collection,1
Wrexham v Boughton Hall,203,18950907,fixture information,Tony Webb minor counties collection,1
L. Wrexham v Buckley,203,18950914,fixture information,Tony Webb minor counties collection,1
Oswestry v Llanfyllin,203,18950914,fixture information,Tony Webb minor counties collection,1
North Staffordshire and District League 1st Division,204,18950601,statistics,Tony Webb minor counties collection,1
North Staffordshire and District League 2nd Division,204,18950601,statistics,Tony Webb minor counties collection,1
Burslem v County Club,204,18950601,match information,Tony Webb minor counties collection,1
Leek v Crewe,204,18950601,match information,Tony Webb minor counties collection,1
Norton v Fenton,204,18950601,match information,Tony Webb minor counties collection,2
Porthill v Tunstall,204,18950601,match information,Tony Webb minor counties collection,2
Silverdale v Nantwich (match 1),204,18950527,match information,Tony Webb minor counties collection,1
Silverdale v Nantwich (match 2),204,18950601,match information,Tony Webb minor counties collection,1
Silverdale v Burslem (second Xi),204,18950603,match information,Tony Webb minor counties collection,1
Silverdale v Burslem (second Xi) [weekend Match],204,18950601,match information,Tony Webb minor counties collection,1
Silverdale v Nantwich Second XI,204,18950601,match information,Tony Webb minor counties collection,1
Silverdale v Burslem (second Xi) [mon Morning Match],204,18950603,match information,Tony Webb minor counties collection,1
Wesleyan v Smallthorne,204,18950601,match information,Tony Webb minor counties collection,1
Wesleyan v Knypersley,204,18950601,match information,Tony Webb minor counties collection,1
Silverdale v Lawton Park,205,18950607,match information,Tony Webb minor counties collection,1
Porthill v Tunstall,205,18950601,match information,Tony Webb minor counties collection,2
Porthill Reserve Team v Caverswall Second XI,205,18950601,match information,Tony Webb minor counties collection,1
Fenton v Norton,205,18950601,match information,Tony Webb minor counties collection,2
Caverswall First Team v Fenton Second XI,205,18950605,match information,Tony Webb minor counties collection,1
Mount Pleasant v Tabernacle Mission,205,18950601,match information,Tony Webb minor counties collection,1
Mount Pleasant Second Team v Mount Pleasant YMCA,205,18950602,match information,Tony Webb minor counties collection,1
Hanley Tabernacle v Mount Pleasant First XI,205,18950527,match information,Tony Webb minor counties collection,1
Leek Club v Leek Highfield Club,205,18950601,match information,Tony Webb minor counties collection,1
Notts County Second XI v Leek Club First XI,205,18950603,match information,Tony Webb minor counties collection,1
Leek Highfield Club v Crewe First XI,205,18950603,match information,Tony Webb minor counties collection,1
Leek Highfield Club v Rocester First XI,205,18950601,match information,Tony Webb minor counties collection,1
Leek Highfield Second v Oakamoor Second,206,18950601,match information,Tony Webb minor counties collection,1
Bignall End v Bayslow,206,18950601,match information,Tony Webb minor counties collection,1
Bignall End v Leek Church Club,206,18950527,match information,Tony Webb minor counties collection,1
Bignall End v Congleton Forge Mills,206,18950605,match information,Tony Webb minor counties collection,1
Clough Hall v Bucknall Church,206,18950606,match information,Tony Webb minor counties collection,1
Hanley YMCA v Stoke Post Office,206,18950530,match information,Tony Webb minor counties collection,1
Hanley YMCA v Fenton,206,18950601,match information,Tony Webb minor counties collection,1
Macclesfield v Sandbach,206,18950601,match information,Tony Webb minor counties collection,1
Alexandra A Team v Athletic,206,18950607,match information,Tony Webb minor counties collection,1
High Town Wesleyans v Primitives,206,18950607,match information,Tony Webb minor counties collection,1
"Hightown A Team v Birley ""a"" XI",206,18950607,match information,Tony Webb minor counties collection,1
Crewe v Nantwich,206,18950603,match information,Tony Webb minor counties collection,1
Crewe v Leek,206,18950604,match information,Tony Webb minor counties collection,1
Congleton Forge Mills v Bignall End,206,18950605,match information,Tony Webb minor counties collection,1
Bignall End,206,18950607,team information,Tony Webb minor counties collection,1
Clough Hall,206,18950607,team information,Tony Webb minor counties collection,1
Hanley Y.M.C.A.,206,18950607,team information,Tony Webb minor counties collection,1
Crewe,206,18950607,team information,Tony Webb minor counties collection,1
"Alexandra ""A"" Team",206,18950607,team information,Tony Webb minor counties collection,1
High Town Wesleyans,206,18950607,team information,Tony Webb minor counties collection,1
"Hightown ""A"" team",206,18950607,team information,Tony Webb minor counties collection,1
Congleton Forge Mills,206,18950607,team information,Tony Webb minor counties collection,1
Macclesfield,206,18950607,team information,Tony Webb minor counties collection,1
Sandbach,206,18950607,team information,Tony Webb minor counties collection,1
Leek Highfield Second,206,18950607,team information,Tony Webb minor counties collection,1
Oakamoor Second,206,18950607,team information,Tony Webb minor counties collection,1
Leek Church Club,206,18950607,team information,Tony Webb minor counties collection,1
Bucknall Church,206,18950607,team information,Tony Webb minor counties collection,1
Stoke Post Office,206,18950607,team information,Tony Webb minor counties collection,1
Fenton,206,18950607,team information,Tony Webb minor counties collection,1
Mount Pleasant,206,18950607,team information,Tony Webb minor counties collection,1
Nantwich,206,18950607,team information,Tony Webb minor counties collection,1
Athletic,206,18950607,team information,Tony Webb minor counties collection,1
Primitives,206,18950607,team information,Tony Webb minor counties collection,1
"Birley ""A"" eleven",206,18950607,team information,Tony Webb minor counties collection,1
Leek,206,18950607,team information,Tony Webb minor counties collection,1
Audley,206,18950607,team information,Tony Webb minor counties collection,1
Stone club,206,18950607,team information,Tony Webb minor counties collection,1
Alexandra Club,206,18950607,team information,Tony Webb minor counties collection,1
Highfield,206,18950607,team information,Tony Webb minor counties collection,1
Sandbach v Macclesfield,207,18950531,match information,Tony Webb minor counties collection,1
Central Conservative Club v Lindow,207,18950601,match information,Tony Webb minor counties collection,1
Macclesfield v Rusholme,207,18950605,match information,Tony Webb minor counties collection,1
Caverswall Club v Cheddleton,207,18950601,match information,Tony Webb minor counties collection,1
Caverswall Club v Porthill,207,18950603,match information,Tony Webb minor counties collection,1
Caverswall Club v Collegians,207,18950604,match information,Tony Webb minor counties collection,1
Caverswall Club v Fenton,207,18950605,match information,Tony Webb minor counties collection,1
Caverswall Club v Fenton,207,18950601,match information,Tony Webb minor counties collection,1
Wichers Second v Nantwich Second,207,18950601,match information,Tony Webb minor counties collection,1
Nantwich Second v Silverdale Second,207,18950601,match information,Tony Webb minor counties collection,1
Fenton Second v Barlaston,207,18950601,match information,Tony Webb minor counties collection,1
Hanford v Middleport,207,18950601,match information,Tony Webb minor counties collection,1
Clough Hall v Great Chell,207,18950601,match information,Tony Webb minor counties collection,1
Clough Hall v Great Chell,207,18950604,match information,Tony Webb minor counties collection,1
Stafford v Wolverhampton School,208,18950612,match information,Tony Webb minor counties collection,1
Stafford Grammar School v Coton Hill,208,18950608,match information,Tony Webb minor counties collection,1
Stafford Christ Church v Railway United,208,18950608,match information,Tony Webb minor counties collection,1
Leighton Ironworks Uttoxeter v Chartley,208,18950607,match information,Tony Webb minor counties collection,1
Shugborough Park v Abbots Bromley,208,18950608,match information,Tony Webb minor counties collection,1
Staffordshire v Surrey Second XI,209,18950610,match information,Tony Webb minor counties collection,1
Macclesfield,209,18950608,team information,Tony Webb minor counties collection,1
BASFORD,209,18950608,team information,Tony Webb minor counties collection,1
Dresden,209,18950608,team information,Tony Webb minor counties collection,1
CHURCH,209,18950608,team information,Tony Webb minor counties collection,1
Audley,209,18950608,team information,Tony Webb minor counties collection,1
Keele,209,18950608,team information,Tony Webb minor counties collection,1
Nantwich Second v Tunstall Second,209,18950608,match information,Tony Webb minor counties collection,1
Silverdale Second And Bignall End,209,18950608,match information,Tony Webb minor counties collection,1
Silverdale Primitives And Bucknall Church,209,18950608,match information,Tony Webb minor counties collection,1
Lawton Park And Middleport,209,18950608,match information,Tony Webb minor counties collection,1
Hanford v Keele,209,18950608,match information,Tony Webb minor counties collection,1
Fenton Second And Knypersley,209,18950608,match information,Tony Webb minor counties collection,1
Burslem Boys' Cricket League,209,18950000,statistics,Tony Webb minor counties collection,1
Alexandra v Silverdale,210,18950612,match information,Tony Webb minor counties collection,1
Alexandra A Team,210,18950614,team information,Tony Webb minor counties collection,1
Congregational v Wrinehill,210,18950614,match information,Tony Webb minor counties collection,1
The Athletic v Leek Second Team,210,18950614,match information,Tony Webb minor counties collection,1
Free Church v Bignall End Second Team,210,18950614,match information,Tony Webb minor counties collection,1
Hightown Wesleyans v Loco Stores,210,18950614,match information,Tony Webb minor counties collection,1
Alexandra Second Eleven v Northwich,210,18950614,team information,Tony Webb minor counties collection,1
Tunstall v Nantwich,210,18950608,match information,Tony Webb minor counties collection,3
Tunstall v Tean,210,18950531,match information,Tony Webb minor counties collection,1
Porthill Park v Fenton,210,18950608,match information,Tony Webb minor counties collection,1
Porthill Park League Team v Nantwich,210,18950614,match information,Tony Webb minor counties collection,1
Fenton v Porthill Park Second String,210,18950607,match information,Tony Webb minor counties collection,1
Mount Pleasant v Silverdale St Luke's,210,18950614,match information,Tony Webb minor counties collection,1
Porthill Park team aggregates,210,18950614,statistics,Tony Webb minor counties collection,1
Silverdale v Tunstall Mission,211,18950608,match information,Tony Webb minor counties collection,1
Clough Hall v Stone Team,211,18950608,match information,Tony Webb minor counties collection,1
Clough Hall v Crewe Post-Office,211,18950613,match information,Tony Webb minor counties collection,1
Club And Ground v Leek,211,18950608,match information,Tony Webb minor counties collection,1
Nantwich v Tunstall,211,18950608,match information,Tony Webb minor counties collection,3
Nantwich Second XI v Tunstall Second,211,18950608,match information,Tony Webb minor counties collection,1
Reaseheath v Audley,211,18950612,match information,Tony Webb minor counties collection,1
Nantwich A Team v Chelford,211,18950608,match information,Tony Webb minor counties collection,1
Leek Second v Crewe Athletic,211,18950608,match information,Tony Webb minor counties collection,1
Leek Highfield v The Constitutional,211,18950608,match information,Tony Webb minor counties collection,1
Leek Highfield Second v Oak Grove,211,18950608,match information,Tony Webb minor counties collection,1
Leek Church v Bucknall Church,211,18950608,match information,Tony Webb minor counties collection,1
Burslem v Silverdale,211,18950608,match information,Tony Webb minor counties collection,1
Norton v Burslem,211,18950608,match information,Tony Webb minor counties collection,1
Silverdale v Crewe,211,18950608,match information,Tony Webb minor counties collection,2
Silverdale v Crewe,212,18950614,match information,Tony Webb minor counties collection,1
Bignall End,212,18950608,team information,Tony Webb minor counties collection,1
Bignall End players,212,18950000,player information,Tony Webb minor counties collection,1
Bignall End team aggregates,212,18950000,statistics,Tony Webb minor counties collection,1
Crewe v Silverdale,212,18950608,match information,Tony Webb minor counties collection,2
Porthill v Fenton,212,18950608,match information,Tony Webb minor counties collection,1
Nantwich v Tunstall,212,18950608,match information,Tony Webb minor counties collection,3
Crewe and Ground,212,18950608,team information,Tony Webb minor counties collection,1
Burslem v Nantwich,212,18950608,match information,Tony Webb minor counties collection,1
North Staffordshire and District League,212,18950608,statistics,Tony Webb minor counties collection,1
North Staffordshire and District League,212,18950608,league information,Tony Webb minor counties collection,1
Staffordshire Sentinel,212,18950615,newspaper cuttings,Tony Webb minor counties collection,1
North Staffordshire and District Cricket League 1st Division Team Aggregates,214,18950731,statistics,Tony Webb minor counties collection,1
North Staffordshire and District Cricket League 1st Division Match List,214,18950802,team information,Tony Webb minor counties collection,1
North Staffordshire and District Cricket League 1st Division North Staffords Cricket League Batting Averages,214,18950731,statistics,Tony Webb minor counties collection,1
Leek Leek first team,214,18950727,team information,Tony Webb minor counties collection,1
Leek Leek Reserve,214,18950802,team information,Tony Webb minor counties collection,1
Leek Church Club,214,18950727,team information,Tony Webb minor counties collection,1
Keele Keele first team,214,18950727,team information,Tony Webb minor counties collection,1
Bignall End Bignall End first team,214,18950727,team information,Tony Webb minor counties collection,1
Clough Hall Clough Hall first team,214,18950727,team information,Tony Webb minor counties collection,1
Market Drayton Market Drayton first team,214,18950727,team information,Tony Webb minor counties collection,1
High Lane High Lane first team,214,18950727,team information,Tony Webb minor counties collection,1
Lawton Park Lawton Park first team,214,18950727,team information,Tony Webb minor counties collection,1
Fenton Second v Crewe Second,214,18950727,match information,Tony Webb minor counties collection,1
Crewe v Fenton,215,18950724,match information,Tony Webb minor counties collection,1
Congleton Forge Mills v Congleton Alsager,215,18950727,match information,Tony Webb minor counties collection,1
Congleton Forge Mills v Knypersley,215,18950724,match information,Tony Webb minor counties collection,1
Silverdale v Caverswall,215,18950727,match information,Tony Webb minor counties collection,1
Whitmore v Keele,215,18950727,match information,Tony Webb minor counties collection,1
Norton v Silverdale,216,18950823,match information,Tony Webb minor counties collection,1
Leek v Fenton,216,18950823,match information,Tony Webb minor counties collection,1
Porthill v Nantwich,216,18950823,match information,Tony Webb minor counties collection,1
Fenton II v Hanley YMCA,216,18950823,match information,Tony Webb minor counties collection,1
Tunstall v Crewe,216,18950823,match information,Tony Webb minor counties collection,1
Basford v Keele,217,18950824,match information,Tony Webb minor counties collection,1
Bollington v Fairfield,217,18950824,match information,Tony Webb minor counties collection,1
Nantwich v Bignall End,217,18950824,match information,Tony Webb minor counties collection,1
Trentham v Darlaston,217,18950824,match information,Tony Webb minor counties collection,1
Crewe Permanent Way v Whitchurch,217,18950824,match information,Tony Webb minor counties collection,1
Hanley Tabernacle v Silverdale Wesleyan,217,18950824,match information,Tony Webb minor counties collection,1
Newcastle v Whitmore,217,18950824,match information,Tony Webb minor counties collection,1
Clough Hall v Burslem,217,18950824,match information,Tony Webb minor counties collection,1
Audley v Leek Church,217,18950824,match information,Tony Webb minor counties collection,1
Bucknall Church v Tunstall II,217,18950824,match information,Tony Webb minor counties collection,1
Middleport v Hanford,217,18950824,match information,Tony Webb minor counties collection,1
Uttoxeter v Stafford,218,18950824,match information,Tony Webb minor counties collection,1
Stafford v A L Checkland's Team,218,18950827,match information,Tony Webb minor counties collection,1
Stafford v Wilshaw's XI,218,18950828,match information,Tony Webb minor counties collection,1
Coton Hill v Stafford Post Office,218,18950824,match information,Tony Webb minor counties collection,1
Standon Rovers v Dorman's XI Staff Ford,218,18950824,match information,Tony Webb minor counties collection,1
Abbots Bromley v New Lodge,218,18950824,match information,Tony Webb minor counties collection,1
Chartley v Leighton Ironworks Uttoxeter,218,18950824,match information,Tony Webb minor counties collection,1
NORTH STAFFORDSHIRE AND DISTRICT CRICKET LEAGUE,219,18950921,statistics,Tony Webb minor counties collection,1
FENTON CRICKET CLUB player statistics,219,18950921,statistics,Tony Webb minor counties collection,1
NANTWICH player statistics,219,18950921,statistics,Tony Webb minor counties collection,1
Nantwich Match Information,219,18950914,match information,Tony Webb minor counties collection,1
Congleton Match Information,219,18950914,match information,Tony Webb minor counties collection,1
Corsham v Trowbridge,220,18950608,match information,Tony Webb minor counties collection,1
Corsham Second XI v Avon Vale,220,18950608,match information,Tony Webb minor counties collection,1
Seend v Rowde,220,18950608,match information,Tony Webb minor counties collection,1
Leighton v Newton Blues,221,18950612,match information,Tony Webb minor counties collection,1
Heytesbury v St Boniface College,221,18950608,match information,Tony Webb minor counties collection,1
Wingfield v West Ashton,221,18950608,match information,Tony Webb minor counties collection,1
Wiltshire League matches,222,18950629,team information,Tony Webb minor counties collection,1
Chippendham v Swindon GWR,222,18950629,match information,Tony Webb minor counties collection,1
Corsham v Trowbridge,222,18950629,match information,Tony Webb minor counties collection,1
Trowbridge,222,18950701,team information,Tony Webb minor counties collection,1
Wiltshire Wanderers v Eton Ramblers,222,18950705,match information,Tony Webb minor counties collection,1
Leighton v Oxford University Authentics,222,18950702,match information,Tony Webb minor counties collection,1
Warminster v Frome,222,18950701,match information,Tony Webb minor counties collection,1
Monkton Farleigh v Yew Tree,222,18950706,match information,Tony Webb minor counties collection,1
Chippendham Second XI v Swindon GWR Third XI,222,18950706,match information,Tony Webb minor counties collection,1
Trowbridge St James v Conservative Club,222,18950629,match information,Tony Webb minor counties collection,1
Melksham v Bradford,222,18950629,match information,Tony Webb minor counties collection,1
Swindon St John's v Driffield,222,18950706,match information,Tony Webb minor counties collection,1
Swindon St Mark's v St Augustine's,222,18950706,match information,Tony Webb minor counties collection,1
Swindon v Cirencester Royal Agricultural College,222,18950706,match information,Tony Webb minor counties collection,1
Road v Farleigh,222,18950629,match information,Tony Webb minor counties collection,1
Shaw And Whitley v Shaw Hill House Employes,222,18950706,match information,Tony Webb minor counties collection,1
Lowden St Peter's v Shaw And Whitley,222,18950629,match information,Tony Webb minor counties collection,1
Rodwell Rovers v Melksham Second XI,222,18950629,match information,Tony Webb minor counties collection,1
Holt v Broughton Gifford,222,18950629,match information,Tony Webb minor counties collection,1
Bath Association v Frome,222,18950629,match information,Tony Webb minor counties collection,1
Bath Railway v Westwood,222,18950629,match information,Tony Webb minor counties collection,1
Trowbridge v Warminster,222,18950703,match information,Tony Webb minor counties collection,1
Wiltshire Asylum v Westwood,223,18950720,match information,Tony Webb minor counties collection,1
Leighton v Lansdown,223,18950724,match information,Tony Webb minor counties collection,1
Brinkworth v Dauntsey,223,18950720,match information,Tony Webb minor counties collection,1
Trowbridge Conservatives v Holt,223,18950720,match information,Tony Webb minor counties collection,1
Seend v Upton Scudamore,223,18950722,match information,Tony Webb minor counties collection,1
Rodwell Rovers v West Ashton,223,18950720,match information,Tony Webb minor counties collection,1
Wiltshire v Bedfordshire,224,18950810,match information,Tony Webb minor counties collection,1
Chippenham Wesleyans v Yew Tree,224,18950810,match information,Tony Webb minor counties collection,1
Yeovil v Frome,224,18950810,match information,Tony Webb minor counties collection,1
Bath Railway v Westwood,224,18950810,match information,Tony Webb minor counties collection,1
Trowbridge Conservatives v Broughton Gifford,224,18950810,match information,Tony Webb minor counties collection,1
Monkton Farleigh v North Bradley,224,18950810,match information,Tony Webb minor counties collection,1
Old Cliftonians v Westbury,224,18950810,match information,Tony Webb minor counties collection,1
Rodwell Rovers v Wilts County Asylum,224,18950810,match information,Tony Webb minor counties collection,1
Oxford University Harlequins v Leighton,224,18950812,match information,Tony Webb minor counties collection,1
Mr Awdry's XI v Melksham,224,18950812,match information,Tony Webb minor counties collection,1
Leighton v Free Foresters,224,18950810,match information,Tony Webb minor counties collection,1
Chippenham v Swondon GWR,224,18950810,match information,Tony Webb minor counties collection,1
Bradford v Wingfield,224,18950810,match information,Tony Webb minor counties collection,1
Wingfield v Staverton Aston,224,18950816,match information,Tony Webb minor counties collection,1
Leighton v Gentlemen Of Ireland,224,18950812,match information,Tony Webb minor counties collection,1
Melksham v Holt,224,18950810,match information,Tony Webb minor counties collection,1
Melksham v Mr B Awdry's Team,224,18950814,match information,Tony Webb minor counties collection,1
Trowbridge Conservatives v Trowbridge Second XI,224,18950814,match information,Tony Webb minor counties collection,1
Seend v Upton Scudamore,224,18950810,match information,Tony Webb minor counties collection,1
Westwood v Westbury Second XI,224,18950810,match information,Tony Webb minor counties collection,1
Rodbourne v Cirencester Phoenix,225,18950817,match information,Tony Webb minor counties collection,1
GWR v Bath Association,225,18950817,match information,Tony Webb minor counties collection,1
Purton v Charlton,225,18950817,match information,Tony Webb minor counties collection,1
West Swindon v Swindon Central,225,18950817,match information,Tony Webb minor counties collection,1
Purton Perseverance v Brinkworth,225,18950817,match information,Tony Webb minor counties collection,1
King Stanley YM v New Swindon Wesleyans,225,18950817,match information,Tony Webb minor counties collection,1
Leighton v Oxford Harlequins,226,18950819,match information,Tony Webb minor counties collection,1
Melksham,226,18950817,team information,Tony Webb minor counties collection,1
Devizes Depot,226,18950817,team information,Tony Webb minor counties collection,1
Trowbridge Conservatives,226,18950817,team information,Tony Webb minor counties collection,1
Road,226,18950817,team information,Tony Webb minor counties collection,1
Norton,226,18950817,team information,Tony Webb minor counties collection,1
Bath Association v Swindon GWR,226,18950817,match information,Tony Webb minor counties collection,1
Melksham v C S Awdry's XI,226,18950821,match information,Tony Webb minor counties collection,1
Rev T Mitchell's XI v Warminster,226,18950817,match information,Tony Webb minor counties collection,1
Seend v Rood Ashton,226,18950817,match information,Tony Webb minor counties collection,1
Laverton's Leighton XI v Old Cliftonians,226,18950823,match information,Tony Webb minor counties collection,1
Tetbury v G Sainsbury's XI,226,18950817,match information,Tony Webb minor counties collection,1
Essex v Unknown,227,18950830,newspaper cuttings,Tony Webb minor counties collection,1
Lansdown v Ishmaelites,227,18950827,match information,Tony Webb minor counties collection,1
Notts team aggregates,227,18950830,statistics,Tony Webb minor counties collection,1
Derbyshire team aggregates,227,18950830,statistics,Tony Webb minor counties collection,1
Corsley v Dilton Marsh,227,18950824,match information,Tony Webb minor counties collection,1
C L Townsend interview,227,18950830,newspaper cuttings,Tony Webb minor counties collection,1
Notts And Kent Match Report,227,18950828,match information,Tony Webb minor counties collection,1
Somerset v Yorkshire,227,18950828,match information,Tony Webb minor counties collection,1
Gloucestershire v Middlesex,227,18950827,match information,Tony Webb minor counties collection,1
Yorkshire team aggregates,227,18950830,statistics,Tony Webb minor counties collection,1
Sussex v Kent,227,18950824,match information,Tony Webb minor counties collection,1
Hampshire v Leicestershire,227,18950824,match information,Tony Webb minor counties collection,1
Wiltshire Cricket League commentary,227,18950830,newspaper cuttings,Tony Webb minor counties collection,1
Corsham v Swindon GWR,227,18950824,match information,Tony Webb minor counties collection,1
Swindon GWR match list,227,18950830,team information,Tony Webb minor counties collection,1
Bradford v Beckington,227,18950831,match information,Tony Webb minor counties collection,1
Avon Vale v Unknown,227,18950824,match information,Tony Webb minor counties collection,1
Trowbridge Police v Warminster Police,227,18950829,match information,Tony Webb minor counties collection,1
Great Somerford v Brinkworth,227,18950824,match information,Tony Webb minor counties collection,1
Rodwell Rovers v Steeple Ashton,227,18950824,match information,Tony Webb minor counties collection,1
Wiltshire County Asylum team aggregates,228,18950900,statistics,Tony Webb minor counties collection,1
Wiltshire County Asylum players,228,18950900,player information,Tony Webb minor counties collection,1
Wiltshire County Asylum v Erchfont,228,18950907,match information,Tony Webb minor counties collection,1
Chippenham v Bath Association,228,18950907,match information,Tony Webb minor counties collection,1
Nettleton v Castle Combe,228,18950907,match information,Tony Webb minor counties collection,1
St John's v Pershore,229,18950907,match information,Tony Webb minor counties collection,1
Worcester Grammar School v Lyttelton Grammar School,229,18950907,match information,Tony Webb minor counties collection,1
Worcester Grammar School v Kidderminster Grammar School,229,18950911,match information,Tony Webb minor counties collection,1
Malvern College v Old Malvernians,229,18950906,match information,Tony Webb minor counties collection,1
Worcestershire Club And Ground v Norton Barracks,229,18950623,match information,Tony Webb minor counties collection,1
Worcestershire Club and Ground player statistics,229,18950000,statistics,Tony Webb minor counties collection,1
Norton Barracks player statistics,229,18950000,statistics,Tony Webb minor counties collection,1
Worcester Cathedral School v Mr Davies XI,230,18950706,match information,Tony Webb minor counties collection,1
St John's v Bromsgrove,230,18950706,match information,Tony Webb minor counties collection,1
Malvern Link v Belbroughton,230,18950706,match information,Tony Webb minor counties collection,1
East Gloucestershire v Tewkesbury,230,18950706,match information,Tony Webb minor counties collection,1
Barnt Green v Wichenford,230,18950706,match information,Tony Webb minor counties collection,1
Worcester Grammar School v Hartlebury Grammar School,230,18950706,match information,Tony Webb minor counties collection,1
Hanley Castle Grammar School v Worcester Cathedral Voluntary Choir,230,18950706,match information,Tony Webb minor counties collection,1
Cathedral Guild v Barnsule College,230,18950706,match information,Tony Webb minor counties collection,1
Bromsgrove School v Edgbaston,230,18950711,match information,Tony Webb minor counties collection,1
Worcestershire Club And Ground v Worcester Cathedral School,231,18950719,match information,Tony Webb minor counties collection,1
Evesham v Pershore,231,18950713,match information,Tony Webb minor counties collection,1
Hanley Castle Grammar School v Lyttelton Grammar School Malvern,231,18950717,match information,Tony Webb minor counties collection,1
Malvern College v MCC,231,18950713,match information,Tony Webb minor counties collection,1
Worcestershire Club And Ground v Sparkhill,231,18950713,match information,Tony Webb minor counties collection,1
Great Witley v West Smethwick,231,18950713,match information,Tony Webb minor counties collection,1
Worcestershire Club And Ground v Halesowen,232,18950726,match information,Tony Webb minor counties collection,1
Wichenford v St John's Second XI,232,18950718,match information,Tony Webb minor counties collection,1
Kidderminster Grammar School v Worcester Grammar School,232,18950722,match information,Tony Webb minor counties collection,1
Worcestershire Club And Ground v Netherton,233,18950802,match information,Tony Webb minor counties collection,1
Worcestershire Regiment (worcester Depot) v Aldershot,233,18950802,match information,Tony Webb minor counties collection,1
Worcestershire Regiment v Bedfordshire Regiment,233,18950722,match information,Tony Webb minor counties collection,1
Worcestershire Regiment v 5th Fusiliers,233,18950729,match information,Tony Webb minor counties collection,1
Welland And District v Malvern Link,233,18950727,match information,Tony Webb minor counties collection,1
Ledbury v Welland And District,233,18950725,match information,Tony Webb minor counties collection,1
Hanley Castle Grammar School v Malvern Link,233,18950801,match information,Tony Webb minor counties collection,1
Barbourne v Wichendiford,233,18950727,match information,Tony Webb minor counties collection,1
Bromsgrove v Redditch And District,233,18950729,match information,Tony Webb minor counties collection,1
Bromsgrove v Mr G Bearcroft's XI,233,18950731,match information,Tony Webb minor counties collection,1
East Gloucestershire v Lord Coventry's XI,234,18950806,match information,Tony Webb minor counties collection,1
Welland And District v Malvern Wells,234,18950801,match information,Tony Webb minor counties collection,1
Salwarpe v Malvern Link,234,18950803,match information,Tony Webb minor counties collection,1
G A Buckland's XI v Mr T C Richens' XI,234,18950805,match information,Tony Webb minor counties collection,1
Stourbridge v Mitchell's,235,18950803,match information,Tony Webb minor counties collection,2
Staffordshire v Worcestershire,235,18950805,match information,Tony Webb minor counties collection,2
Belbroughton v Blakedown,235,18950803,match information,Tony Webb minor counties collection,2
St James' Dudley v Himley,235,18950809,match information,Tony Webb minor counties collection,1
Old Hill Mutual v Netherton,235,18950803,match information,Tony Webb minor counties collection,2
Old Hill Mutual v Cradley Heath,235,18950805,match information,Tony Webb minor counties collection,2
Stourbridge team aggregates,235,18950809,statistics,Tony Webb minor counties collection,1
Stourbridge players,235,18950809,player information,Tony Webb minor counties collection,1
Worcestershire v Oxfordshire,236,18950805,match information,Tony Webb minor counties collection,1
Worcester Club And Ground v Stourbridge,236,18950806,match information,Tony Webb minor counties collection,1
Worcester Club And Ground v Clergy Of Worcestershire,236,18950808,match information,Tony Webb minor counties collection,1
Blakedown v Lye Early Closers,236,18950805,match information,Tony Webb minor counties collection,1
Kidderminster v Dudley,236,18950803,match information,Tony Webb minor counties collection,1
Mitchell's v Stourbridge,236,18950803,match information,Tony Webb minor counties collection,2
Stourbridge (second) v Mitchell's (second),236,18950803,match information,Tony Webb minor counties collection,1
Old Hill Mutual v Cradley Heath,236,18950805,match information,Tony Webb minor counties collection,2
Old Hill Mutual v Netherton,236,18950803,match information,Tony Webb minor counties collection,2
Belbroughton v Blakedown,236,18950803,match information,Tony Webb minor counties collection,2
St James's Dudley v Himley,236,18950803,match information,Tony Webb minor counties collection,1
Moseley,236,18950800,statistics,Tony Webb minor counties collection,1
St John's Second XI v Colwall,237,18950800,match information,Tony Webb minor counties collection,1
Wichenford v Cathedral School,237,18950808,match information,Tony Webb minor counties collection,1
Worcestershire Club And Ground v Stourbridge,237,18950800,match information,Tony Webb minor counties collection,1
St John's Second XI v Broughton,237,18950810,match information,Tony Webb minor counties collection,2
Wichenford v T C Richens' XI,238,18950812,match information,Tony Webb minor counties collection,1
Wichenford v Cathedral Guild,238,18950810,match information,Tony Webb minor counties collection,1
Wichenford v Cathedral Guild,238,18950821,match information,Tony Webb minor counties collection,1
Malvern v Bromsberrow Park,238,18950813,match information,Tony Webb minor counties collection,1
Malvern v Mr Beaucroft's XI,238,18950814,match information,Tony Webb minor counties collection,1
St John's Second XI v Colwall,238,18950821,match information,Tony Webb minor counties collection,1
St John's Second XI v Broughton,238,18950810,match information,Tony Webb minor counties collection,2
Bromsgrove v Tewkesbury,238,18950814,match information,Tony Webb minor counties collection,1
Old Malvernians match list,238,18950000,team information,Tony Webb minor counties collection,1
FIXTURES FOR TO-DAY,239,18950817,team information,Tony Webb minor counties collection,1
Worcestershire v Cheshire,239,18950812,match information,Tony Webb minor counties collection,1
MCC v Worcestershire (first Day),239,18950814,match information,Tony Webb minor counties collection,1
MCC v Worcestershire (concluded),239,18950815,match information,Tony Webb minor counties collection,1
Droitwich v Worcester Club And Ground,239,18950815,match information,Tony Webb minor counties collection,1
Lye Early Closers v Bobbington,239,18950815,match information,Tony Webb minor counties collection,1
Surrey Second v Worcestershire,239,18950816,match information,Tony Webb minor counties collection,1
Stourbridge v Aston Unity,239,18950810,match information,Tony Webb minor counties collection,1
Belbroughton R v Dudley Juniors,239,18950812,match information,Tony Webb minor counties collection,1
Stourbridge (second) v Aston Unity (second),239,18950812,match information,Tony Webb minor counties collection,1
Stourbridge v Worcester Club And Ground,239,18950812,match information,Tony Webb minor counties collection,1
Belbroughton v Bromsgrove Second,239,18950813,match information,Tony Webb minor counties collection,1
Stourbridge player statistics,239,18950817,statistics,Tony Webb minor counties collection,1
Dudley v Walsall,240,18950810,match information,Tony Webb minor counties collection,1
Smethwick v Dudley,240,18950817,match information,Tony Webb minor counties collection,1
Dudley v Smethwick (second Teams),240,18950817,match information,Tony Webb minor counties collection,1
Tividale v Old Meeting,240,18950817,match information,Tony Webb minor counties collection,1
Old Meeting v Tividale (second Teams),240,18950817,match information,Tony Webb minor counties collection,1
Dudley Port Primitive Methodists v Doulton's,240,18950817,match information,Tony Webb minor counties collection,1
Old Hill Mutual v Blakestown,240,18950817,match information,Tony Webb minor counties collection,1
St Chads v Old Hill Mutual Second,240,18950817,match information,Tony Webb minor counties collection,1
Edgbaston A v Halesowen,240,18950817,match information,Tony Webb minor counties collection,1
Halesowen Second v Summerfield Unity,240,18950817,match information,Tony Webb minor counties collection,1
Woodsetton v Princes End Columbia,240,18950817,match information,Tony Webb minor counties collection,1
Ettingshall Wesleyans v Woodsetton,240,18950817,match information,Tony Webb minor counties collection,1
Netherton v Selly Oak,240,18950817,match information,Tony Webb minor counties collection,1
Gospel End v Coseley Second,240,18950806,match information,Tony Webb minor counties collection,1
Dudley v Walsall (second Teams),240,18950810,match information,Tony Webb minor counties collection,1
Woodsetton v Slaters,240,18950810,match information,Tony Webb minor counties collection,1
Shaw Road Unity v Flood Street,240,18950810,match information,Tony Webb minor counties collection,1
Congregational v Portway Works,240,18950810,match information,Tony Webb minor counties collection,1
Netherton v Darlaston,240,18950810,match information,Tony Webb minor counties collection,1
Tividale Second v Ettingshall,240,18950810,match information,Tony Webb minor counties collection,1
Netherton Second v Doulton's,240,18950812,match information,Tony Webb minor counties collection,1
Brewood v Coseley,240,18950810,match information,Tony Webb minor counties collection,1
Dudley v Walsall,240,18950812,match information,Tony Webb minor counties collection,1
Jones's XI v Mason's XI,240,18950810,match information,Tony Webb minor counties collection,1
Dudley Castle v Dudley Early Closers,240,18950814,match information,Tony Webb minor counties collection,1
Birmingham Charity Shield Dudely v Walsall,240,18950816,match information,Tony Webb minor counties collection,1
Birmingham League Division 1 team aggregates,240,18950817,statistics,Tony Webb minor counties collection,1
Birmingham League Division 2 team aggregates,240,18950817,statistics,Tony Webb minor counties collection,1
Worcestershire Club And Ground v King's Norton,241,18950817,match information,Tony Webb minor counties collection,1
Old Malvernians v Hampshire Rovers,241,18950819,match information,Tony Webb minor counties collection,1
Lord Cobham's XI v Mr Isaac's XI (under 17),241,18950814,match information,Tony Webb minor counties collection,1
Lord Cobham's XI v Gibbs' XI,241,18950815,match information,Tony Webb minor counties collection,1
St John's Second XI v Malvern Second XI,241,18950822,match information,Tony Webb minor counties collection,1
Malvern v Cheltenham,241,18950817,match information,Tony Webb minor counties collection,1
Cathedral Guild v Wickenford,241,18950817,match information,Tony Webb minor counties collection,1
Stourport v Malvern Link,241,18950817,match information,Tony Webb minor counties collection,1
Wichenford v A W Isaac's XI,242,18950819,match information,Tony Webb minor counties collection,1
Worcestershire Regiment v 5th Fusiliers,242,18950817,match information,Tony Webb minor counties collection,1
Lady Huntingdon's v St Mary's,242,18950817,match information,Tony Webb minor counties collection,1
Tewkesbury v Brondesbury Park London,242,18950823,match information,Tony Webb minor counties collection,1
Ledbury v Brondesbury Park London,242,18950817,match information,Tony Webb minor counties collection,1
Old Malvernians v Horsham,242,18950821,match information,Tony Webb minor counties collection,1
Abbots Morton v Cookhill And Cookhill,242,18950817,match information,Tony Webb minor counties collection,1
Elmley Castle v Broughton,242,18950817,match information,Tony Webb minor counties collection,1
Eastbourne v Old Malvernians,243,18950830,match information,Tony Webb minor counties collection,1
Malvern Long Vacation v Lord Coventry's XI,243,18950826,match information,Tony Webb minor counties collection,1
Malvern v Eastnor,243,18950823,match information,Tony Webb minor counties collection,1
Worcestershire Club And Ground v Langley Green,243,18950816,match information,Tony Webb minor counties collection,1
Hereford Cup Final Tie St John's v Presteigne,243,18950824,match information,Tony Webb minor counties collection,1
Barbourne CC Married v Single,243,18950824,match information,Tony Webb minor counties collection,1
St Mary's v Lady Huntingdon's,243,18950816,match information,Tony Webb minor counties collection,1
Gentlemen Of Worcestershire v North Holland,244,18950828,match information,Tony Webb minor counties collection,1
Worcester Club And Ground v Bromsgrove,244,18950831,match information,Tony Webb minor counties collection,1
Upton-On-Severn v High Green,244,18950831,match information,Tony Webb minor counties collection,1
Cathedral Guild v Conacher's XI,244,18950831,match information,Tony Webb minor counties collection,1
Boughton Park v Malvern Long Vacation,244,18950831,match information,Tony Webb minor counties collection,1
Bramham v Brewery,245,18950831,match information,Tony Webb minor counties collection,1
South Cave v Hymers College,245,18950623,match information,Tony Webb minor counties collection,1
Dewsbury Savile An XI v Halifax Kings Cross,245,18950623,match information,Tony Webb minor counties collection,1
Knaresborough v York NER Clerks,245,18950623,match information,Tony Webb minor counties collection,1
Yorks County Gentlemen v King's Own Scottish Borderers,245,18950617,match information,Tony Webb minor counties collection,1
Todmorden v Gentlemen And Players,245,18950826,match information,Tony Webb minor counties collection,1
Skelmantoire v Delph And Dobcross,245,18950831,match information,Tony Webb minor counties collection,1
Scholes Albert Mills v Low Moor,245,18950831,match information,Tony Webb minor counties collection,1
Dewsbury Moor v Hartshead Moor,245,18950831,match information,Tony Webb minor counties collection,1
Altofts v Wakefield Albion,245,18950831,match information,Tony Webb minor counties collection,1
Horbury v Thornhill,245,18950831,match information,Tony Webb minor counties collection,1
Whitwood v Horbury Bridge,245,18950831,match information,Tony Webb minor counties collection,1
Normanton Parish Church v Flanshaw,245,18950623,match information,Tony Webb minor counties collection,1
Ossett Conservative v Heath,245,18950623,match information,Tony Webb minor counties collection,1
Halton Dial v Lofthouse,245,18950623,match information,Tony Webb minor counties collection,1
Wakefield St Michael's v MSC Royston,245,18950623,match information,Tony Webb minor counties collection,1
Cleckheaton v Liversedge,245,18950617,match information,Tony Webb minor counties collection,1
County Westmeath v Second Battalion Loyal North Lancashire Regiment,246,18950608,match information,Tony Webb minor counties collection,1
Royal Irish Constabulary v Dundrum,246,18950608,match information,Tony Webb minor counties collection,1
Dublin University Third XI v Leinster Third XI,246,18950604,match information,Tony Webb minor counties collection,1
Second Battalion Rifle Brigade v Fitzwilliam Club,246,18950608,match information,Tony Webb minor counties collection,1
Dungannon v Armagh,246,18950608,match information,Tony Webb minor counties collection,1
Clontarf First XI v Pembroke Second XI,246,18950608,match information,Tony Webb minor counties collection,1
Oxford v Marylebone,246,18950604,match information,Tony Webb minor counties collection,1
St Mary's College Dundalk v Dundalk,246,18950605,match information,Tony Webb minor counties collection,1
Midleton College v Midleton,246,18950608,match information,Tony Webb minor counties collection,1
Masonic Present Second XI v High School Third XI,246,18950605,match information,Tony Webb minor counties collection,1
County Kildare v Yorkshire Regiment 19th,246,18950604,match information,Tony Webb minor counties collection,1
Kildare Militia v Bog Of Allen,246,18950608,match information,Tony Webb minor counties collection,1
High School Third XI v 61st Company Boys' Brigade,246,18950605,match information,Tony Webb minor counties collection,1
Dublin University v Cambridge University,246,18950610,team information,Tony Webb minor counties collection,1
County Galway v County Limerick,246,18950611,team information,Tony Webb minor counties collection,1
"Leinster v Athy, Rathmines",246,18950612,team information,Tony Webb minor counties collection,1
Co. Clare v St. Flannan's College,246,18950612,team information,Tony Webb minor counties collection,1
County Meath v Pembroke,246,18950612,team information,Tony Webb minor counties collection,1
County Meath v Dublin Garrison,246,18950613,team information,Tony Webb minor counties collection,1
Phoenix v Athy,246,18950613,team information,Tony Webb minor counties collection,1
Dublin University v Leicestershire,246,18950613,team information,Tony Webb minor counties collection,1
Irish Times v Catholic University School,246,18950613,team information,Tony Webb minor counties collection,1
Fermoy College v Doneraile,246,18950613,team information,Tony Webb minor counties collection,1
Phoenix v Pembroke,246,18950613,team information,Tony Webb minor counties collection,1
Civil Service v Dundrum,246,18950615,team information,Tony Webb minor counties collection,1
Land Commission v St. Columba's College,246,18950615,team information,Tony Webb minor counties collection,1
University Second XI v Great Southern and Western Railway,246,18950615,team information,Tony Webb minor counties collection,1
Dolphin v Leinster Second XI,246,18950615,team information,Tony Webb minor counties collection,1
County Kildare v Fitzwilliam,246,18950615,team information,Tony Webb minor counties collection,1
Sandymount v Broadstone,246,18950615,team information,Tony Webb minor counties collection,1
County Wicklow v Mr Wilson's XI,246,18950615,team information,Tony Webb minor counties collection,1
Clontarf v Malone,246,18950615,team information,Tony Webb minor counties collection,1
Richmond Asylum v Corrig School,246,18950615,team information,Tony Webb minor counties collection,1
County Wicklow v Land Commission,247,18950607,match information,Tony Webb minor counties collection,1
Dundrum v Pembroke,247,18950607,match information,Tony Webb minor counties collection,1
Richmond Asylum v Old Galwegians,247,18950611,match information,Tony Webb minor counties collection,1
Leinster v Athy,247,18950612,match information,Tony Webb minor counties collection,1
