matchup,page,date,content_type,collection,record_id
Kensworth v Dunstable Victoria,1,18950527,match information,Tony Webb minor counties collection,
Caddington v Dunstable Second XI,1,18950606,match information,Tony Webb minor counties collection,
St Albans Grammar School v Dunstable Grammar School,1,18950601,match information,Tony Webb minor counties collection,
Chalton v Houghton Second XI,1,18950603,match information,Tony Webb minor counties collection,
Waterlow's v East Finchley,1,18950527,match information,Tony Webb minor counties collection,
F Gentle's XI v Waterlow's,2,18950629,match information,Tony Webb minor counties collection,
Dunstable Grammar School v Bedford County School,2,18950629,match information,Tony Webb minor counties collection,
Waterlow's v Aylesbury Printing Works,2,18950629,match information,Tony Webb minor counties collection,
Woburn v Fenny Stratford,3,18950805,match information,Tony Webb minor counties collection,
R H Haviland's XL v Luton Villa-Road C O,4,18950803,match information,Tony Webb minor counties collection,
"Waterlow's v St Matthew's, Luton",4,18950803,match information,Tony Webb minor counties collection,
Lilley v St Paul's Walden,4,18950805,match information,Tony Webb minor counties collection,
Houghton C C Married v Single,4,18950805,match information,Tony Webb minor counties collection,
Dunstable Second XI v Markyate Street,4,18950803,match information,Tony Webb minor counties collection,
Houghton v Westoning,6,18950812,match information,Tony Webb minor counties collection,
Hyde v St Matthew's,7,18950810,match information,Tony Webb minor counties collection,
Greenfield v Pulloxhill,7,18950812,match information,Tony Webb minor counties collection,
Houghton v Westoning,7,18950812,match information,Tony Webb minor counties collection,
Luton Volunteers v Rest Of Battalion,8,18950800,match information,Tony Webb minor counties collection,
Houghton v Westoning,8,18950812,match information,Tony Webb minor counties collection,
Dunstable Town First XI v Aston Clinton,9,18950820,match information,Tony Webb minor counties collection,
Dunstable Second XI v Houghton,9,18950800,match information,Tony Webb minor counties collection,
Waterlow's v Aylesbury Printing Works,9,18950817,match information,Tony Webb minor counties collection,
Dunstable Town v Aston Clinton,10,18950820,match information,Tony Webb minor counties collection,
Waterlow's v Aylesbury Printing Works,10,18950817,match information,Tony Webb minor counties collection,
Dunstable Second XI v Houghton,10,18950800,match information,Tony Webb minor counties collection,
Markyate v Waterlow's,11,18950824,match information,Tony Webb minor counties collection,
Town Second XI v Caddington,11,18950822,match information,Tony Webb minor counties collection,
Town Second XI v Carter's,11,18950824,match information,Tony Webb minor counties collection,
Dunstable Second XI v Carter's,12,18950824,match information,Tony Webb minor counties collection,
Markyate v Waterlow's,12,18950824,match information,Tony Webb minor counties collection,
Reading v Slough,13,18950518,match information,Tony Webb minor counties collection,
Reading School v Hurst,13,18950518,match information,Tony Webb minor counties collection,
Biscuit Factory A XI v Wokingham,13,18950518,match information,Tony Webb minor counties collection,
Biscuit Factory B XI v Twyford,13,18950518,match information,Tony Webb minor counties collection,
Biscuit Factory Stores Married v Single,13,18950518,match information,Tony Webb minor counties collection,
Grazeley and Spencer's Wood Institute v Biscuit Factory C XI,13,18950518,match information,Tony Webb minor counties collection,
Sutton's A XI v Culham,13,18950522,match information,Tony Webb minor counties collection,
Sutton's B XI v Grazeley and Spencer's Wood Institute,13,18950522,match information,Tony Webb minor counties collection,
Oxford-Road v Caversham House,13,18950515,match information,Tony Webb minor counties collection,
Temperance Forwards v St Andrew's,13,18950518,match information,Tony Webb minor counties collection,
Claremont v Granville,13,18950518,match information,Tony Webb minor counties collection,
Kendrick School v Caversham St John's,14,18950518,match information,Tony Webb minor counties collection,
Sonning v Caversham,14,18950518,match information,Tony Webb minor counties collection,
Wokingham Excelsior v Woodley,14,18950518,match information,Tony Webb minor counties collection,
Abbey Wharf v Caversham B XI,14,18950518,match information,Tony Webb minor counties collection,
Trinity Congregational v Thames Bank Iron Works,14,18950518,match information,Tony Webb minor counties collection,
All Saints' v Boys' Brigade Second Wokingham Company Second XI,14,18950518,match information,Tony Webb minor counties collection,
Christ Church v Wycliffe,14,18950518,match information,Tony Webb minor counties collection,
Heath End v Caversham Free Church,14,18950518,match information,Tony Webb minor counties collection,
Swallowfield Park v Eversley,14,18950518,match information,Tony Webb minor counties collection,
Reading Wednesday v Shinfield,14,18950522,match information,Tony Webb minor counties collection,
Reading Co-operative v Aldworth,15,18950522,match information,Tony Webb minor counties collection,
Earley St Peter's v Shinfield,15,18950518,match information,Tony Webb minor counties collection,
Kidmore v Tilehurst,15,18950518,match information,Tony Webb minor counties collection,
Kendrick School v Sutton's Juniors,15,18950522,match information,Tony Webb minor counties collection,
London-Street Institute v Post Office,15,18950522,match information,Tony Webb minor counties collection,
Blue Coat School v St Giles' Brigade,15,18950518,match information,Tony Webb minor counties collection,
Cold Ash v Chieveley,15,18950000,match information,Tony Webb minor counties collection,
British School v St Mary's School,15,18950000,match information,Tony Webb minor counties collection,
Broad-Street United v St Lawrence's,15,18950518,match information,Tony Webb minor counties collection,
Oxford-Road v St John's,15,18950518,match information,Tony Webb minor counties collection,
Biscuit Factory B XI v White Cross,17,18950727,match information,Tony Webb minor counties collection,
Avondale v Co-Operative,17,18950731,match information,Tony Webb minor counties collection,
Reading v Reading School,17,18950731,match information,Tony Webb minor counties collection,
Reading v Abingdon,17,18950727,match information,Tony Webb minor counties collection,
Reading Wednesday v Dormer's XI,17,18950731,match information,Tony Webb minor counties collection,
Aldermaston v Mortimer,17,18950727,match information,Tony Webb minor counties collection,
Guildhall v Hungerford,17,18950731,match information,Tony Webb minor counties collection,
Theale v Englefield,17,18950727,match information,Tony Webb minor counties collection,
Heath End v Mcilroy's,17,18950801,match information,Tony Webb minor counties collection,
Heath End v St Laurence's,17,18950727,match information,Tony Webb minor counties collection,
Maiden Erleigh v Reading,17,18950729,match information,Tony Webb minor counties collection,
Oxford-Road v Wycliffe,17,18950727,match information,Tony Webb minor counties collection,
Highclere Castle v Hampshire Hogs,17,18950730,match information,Tony Webb minor counties collection,
Guildhall v Newtown,17,18950727,match information,Tony Webb minor counties collection,
Reading v Marylebone,18,18950800,match information,Tony Webb minor counties collection,
Reading v C E Keymer's XI,18,18950806,match information,Tony Webb minor counties collection,
W Howard Palmer's XI v Reading,18,18950807,match information,Tony Webb minor counties collection,
Maiden Erleigh v Free Foresters,19,18950802,match information,Tony Webb minor counties collection,
Maiden Erleigh v Aldershot Division,19,18950803,match information,Tony Webb minor counties collection,
Sutton's Juniors v Sullhamstead Juniors,19,18950807,match information,Tony Webb minor counties collection,
T W Girdlestone's XI v Girdlestones Charterhouse,19,18950731,match information,Tony Webb minor counties collection,
Reading v Abingdon,20,18950817,match information,Tony Webb minor counties collection,
Thames Bank v Abbey Wharf,20,18950817,match information,Tony Webb minor counties collection,
Thames Bank v Reading Borough Police,20,18950820,match information,Tony Webb minor counties collection,
Biscuit Factory v Wokingham,20,18950817,match information,Tony Webb minor counties collection,
Biscuit Factory B XI v Causton's Athletic London,20,18950817,match information,Tony Webb minor counties collection,
London-Strey Institute v Co-Operative,20,18950821,match information,Tony Webb minor counties collection,
South Reading v Stoke Row,20,18950817,match information,Tony Webb minor counties collection,
Gentlemen of Berkshire v C D Rose's XI,20,18950816,match information,Tony Webb minor counties collection,
Ayondale v Oxford-Road,20,18950821,match information,Tony Webb minor counties collection,
Heath End v Ipsden,20,18950817,match information,Tony Webb minor counties collection,
Wycliffe v Christchurch,20,18950817,match information,Tony Webb minor counties collection,
Newbury v C E Keyser's XI,20,18950816,match information,Tony Webb minor counties collection,
Guildhall v Newtown,21,18950817,match information,Tony Webb minor counties collection,
Parish Church Institute v Highclere,21,18950817,match information,Tony Webb minor counties collection,
Speen v Burghclere,21,18950817,match information,Tony Webb minor counties collection,
Lambourn v Hungerford,21,18950816,match information,Tony Webb minor counties collection,
Burghclere v Asbury House,21,18950821,match information,Tony Webb minor counties collection,
Burghclere Boys v Highclere Boys,21,18950819,match information,Tony Webb minor counties collection,
East Woodhay v Stockcross,21,18950821,match information,Tony Webb minor counties collection,
Wantage v Andington,21,18950822,match information,Tony Webb minor counties collection,
A W Baker's Hagbourne Team v A F Clarke's Wantage Team,21,18950817,match information,Tony Webb minor counties collection,
Gentlemen of Berkshire v C D Rose's XI,22,18950817,match information,Tony Webb minor counties collection,
Biscuit Factory A XI v Wokingham,22,18950817,match information,Tony Webb minor counties collection,
Biscuit Factory B XI v Causton's Athletic,22,18950817,match information,Tony Webb minor counties collection,
Thames Bank Ironworks v Abbey Wharf,22,18950817,match information,Tony Webb minor counties collection,
Thames Bank Iron Works v Honour Police,22,18950820,match information,Tony Webb minor counties collection,
Aldermaston Juniors v Padworth Juniors,23,18950821,match information,Tony Webb minor counties collection,
Sutton's Juniors v P Sutton's XI,23,18950821,match information,Tony Webb minor counties collection,
Mr Shepherd's XL v Woolley Park,26,18950911,match information,Tony Webb minor counties collection,
Inkpen v Falkland,26,18950000,match information,Tony Webb minor counties collection,
Stockcross v Chilterny,26,18950907,match information,Tony Webb minor counties collection,
Lambourn v Chilton,26,18950907,match information,Tony Webb minor counties collection,
Southington v A Kingsmill's XII,26,18950000,match information,Tony Webb minor counties collection,
Silchester v Stratfieldsaye,26,18950000,match information,Tony Webb minor counties collection,
Buckingham v Newtown,26,18950000,match information,Tony Webb minor counties collection,
Adbury House v Newtown House,26,18950905,match information,Tony Webb minor counties collection,
Milfield v A Sutton's XI,26,18950907,match information,Tony Webb minor counties collection,
Heckfield v Major Mildmay's XI,28,18950910,match information,Tony Webb minor counties collection,
St John's Sunday School Teachers v St Stephen's Sunday School Teachers,28,18950918,match information,Tony Webb minor counties collection,
Reading Police v Reading Corporation Officials,28,18950914,match information,Tony Webb minor counties collection,
Brecon v Llandovery,31,18950828,match information,Tony Webb minor counties collection,
Chalfont Park v Beaconsfield,32,18950713,match information,Tony Webb minor counties collection,
Cadmore v Radnage,32,18950713,match information,Tony Webb minor counties collection,
Amersham v Coleshill,32,18950713,match information,Tony Webb minor counties collection,
Burnham v Boyn Hill,32,18950713,match information,Tony Webb minor counties collection,
Bradenham v Bledlow Ridge,32,18950713,match information,Tony Webb minor counties collection,
High Wycombe v E Stevens' XI,33,18950803,match information,Tony Webb minor counties collection,
Wycombe Alexandra v Brethoven,33,18950805,match information,Tony Webb minor counties collection,
Burnham v Flackwell Heath,33,18950803,match information,Tony Webb minor counties collection,
Bayners XI v Permanent Staff Of The Second Batt Oxford Light Infantry,33,18950805,match information,Tony Webb minor counties collection,
J Grenfell's XI v Beaconsfield,33,18950805,match information,Tony Webb minor counties collection,
Berkley's XI v Greaves' XI,33,18950800,match information,Tony Webb minor counties collection,
Wycombe Church Room v Wheeler End,33,18950805,match information,Tony Webb minor counties collection,
Hazlemere United v Cadmore End,33,18950805,match information,Tony Webb minor counties collection,
Amersham UCC v Harlesden,33,18950805,match information,Tony Webb minor counties collection,
St Mark's Choir Bourne End v Little Marlow,33,18950805,match information,Tony Webb minor counties collection,
Alexandra Second v Primitive Methodists,33,18950803,match information,Tony Webb minor counties collection,
Marlow v Oriel,33,18950805,match information,Tony Webb minor counties collection,
Wycombe v Oriel,34,18950806,match information,Tony Webb minor counties collection,
Great Hampden v Old Northeyites,34,18950807,match information,Tony Webb minor counties collection,
Wycombe YMCA v A Gray's XI,34,18950805,match information,Tony Webb minor counties collection,
Church Institute v Gayhurst,35,18950801,match information,Tony Webb minor counties collection,
Parish Church v Penny Stratford S Martin,35,18950803,match information,Tony Webb minor counties collection,
Parish Church v Moulsoe,35,18950805,match information,Tony Webb minor counties collection,
Gayhurst v Tyringham,35,18950808,match information,Tony Webb minor counties collection,
Stantonbury St James v Stoke Stratford Mutual,35,18950802,match information,Tony Webb minor counties collection,
Flackwell Heath 2nd XI v Little Marlow,36,18950810,match information,Tony Webb minor counties collection,
Marlow v High Wycombe,36,18950810,match information,Tony Webb minor counties collection,
Wycombe Reserves v West Wycombe,36,18950810,match information,Tony Webb minor counties collection,
Blythewood v Cippenham,36,18950810,match information,Tony Webb minor counties collection,
Cippenham v Carlton,36,18950805,match information,Tony Webb minor counties collection,
Taplow Station v Reading Temperance Forward,36,18950810,match information,Tony Webb minor counties collection,
Stokechurch v Shiremill,37,18950806,match information,Tony Webb minor counties collection,
Boyn Hill v Bisham,37,18950810,match information,Tony Webb minor counties collection,
Fine Apple v King's Head,37,18950805,match information,Tony Webb minor counties collection,
Quarterman's Firm v R Ford's Firm,37,18950808,match information,Tony Webb minor counties collection,
Colehill v St Margaret's,37,18950810,match information,Tony Webb minor counties collection,
Long Crendon v Biston,37,18950807,match information,Tony Webb minor counties collection,
Wycombe Reserves v West Wycombe,38,18950824,match information,Tony Webb minor counties collection,
High Wycombe v Wooburn Institute,38,18950824,match information,Tony Webb minor counties collection,
Burnham v Taplow Station,38,18950824,match information,Tony Webb minor counties collection,
Maidenhead v Cippenham,38,18950824,match information,Tony Webb minor counties collection,
Blythewood v Burnham Priory,38,18950824,match information,Tony Webb minor counties collection,
Marlow v J Monro Walker's XI,38,18950824,match information,Tony Webb minor counties collection,
Wycombe Church Room v Wycombe St John's,38,18950824,match information,Tony Webb minor counties collection,
Wycombe Bells v Wanderers V Holloway's Boot Operatives,38,18950824,match information,Tony Webb minor counties collection,
Gerrards Cross v Flackwell Heath,38,18950824,match information,Tony Webb minor counties collection,
Speen v Ickenham,38,18950800,match information,Tony Webb minor counties collection,
Gerrards Cross v Amersham,38,18950822,match information,Tony Webb minor counties collection,
Wycombe YMCA v Wycombe Primitives,39,18950824,match information,Tony Webb minor counties collection,
Beaconsfield v Stoke Green,39,18950824,match information,Tony Webb minor counties collection,
Four Veterans v Four Juniors,39,18950826,match information,Tony Webb minor counties collection,
Great Kingshill v Pine Apple,39,18950824,match information,Tony Webb minor counties collection,
W Pearce's XI v Southall,39,18950824,match information,Tony Webb minor counties collection,
Great Missenden v Lee Common,39,18950822,match information,Tony Webb minor counties collection,
Collins' Class v Booker Temperance,39,18950824,match information,Tony Webb minor counties collection,
Master H Penton's XI v Hedgerley Home,39,18950823,match information,Tony Webb minor counties collection,
Hillingdon v Chalfont Park,39,18950824,match information,Tony Webb minor counties collection,
Penn Street v Cholesbury,39,18950824,match information,Tony Webb minor counties collection,
Cookham Dean v Little Marlow,39,18950824,match information,Tony Webb minor counties collection,
Barton v Grantchester,40,18950727,match information,Tony Webb minor counties collection,
Burnt Fen v Prickwillow,40,18950729,match information,Tony Webb minor counties collection,
Willingham v YMCA Cambridge,40,18950727,match information,Tony Webb minor counties collection,
Old Higher Grade v Sawston,40,18950727,match information,Tony Webb minor counties collection,
Liberals v Ainsworth,40,18950727,match information,Tony Webb minor counties collection,
Sutton v Haddenham,40,18950727,match information,Tony Webb minor counties collection,
Married v Single,40,18950730,match information,Tony Webb minor counties collection,
Histon and Impington v Old Higher Grade,41,18950800,match information,Tony Webb minor counties collection,
Cambridge Town Council v County Council,42,18950815,match information,Tony Webb minor counties collection,
Professors and Demonstrators v Assistants,42,18950810,match information,Tony Webb minor counties collection,
County v Borough Police,43,18950807,match information,Tony Webb minor counties collection,
Trinity College Knockabouts v Grantchester,43,18950803,match information,Tony Webb minor counties collection,
New Chesterton Juniors Second XI v Liberal,44,18950829,match information,Tony Webb minor counties collection,
Camden v St Giles,44,18950829,match information,Tony Webb minor counties collection,
Liberals v St Giles,45,18950907,match information,Tony Webb minor counties collection,
Sawston Institute v Anchor,45,18950907,match information,Tony Webb minor counties collection,
Cambridge Borough Police v Cambs County Police,45,18950911,match information,Tony Webb minor counties collection,
Levenshulme v Macclesfield,46,18950615,match information,Tony Webb minor counties collection,
Levenshulme 2nd XI v Macclesfield 2nd XI,46,18950615,match information,Tony Webb minor counties collection,
Stockport v Werneth,46,18950615,match information,Tony Webb minor counties collection,
Langley v Lane End Highfield,46,18950615,match information,Tony Webb minor counties collection,
Stockport 2nd XI v Werneth 2nd XI,46,18950615,match information,Tony Webb minor counties collection,
Great Moor v Hazel Grove,46,18950615,match information,Tony Webb minor counties collection,
Bramhall v Bowdon 2nd XI,46,18950615,match information,Tony Webb minor counties collection,
Heaton Mersey Third XI v South Manchester 2nd XI,46,18950615,match information,Tony Webb minor counties collection,
Wood-Lanes (Adlington) v Poynton 2nd XI,46,18950615,match information,Tony Webb minor counties collection,
Bollington Huxton,46,18950615,match information,Tony Webb minor counties collection,
Chesdale Hulme v Brooklands,46,18950615,match information,Tony Webb minor counties collection,
Fulshaw v Chesdale,46,18950615,match information,Tony Webb minor counties collection,
Heaton Mersey v South Manchester,46,18950615,match information,Tony Webb minor counties collection,
Levenshulme v Macclesfield,47,18950615,match information,Tony Webb minor counties collection,
Levenshulme 2nd XI v Macclesfield 2nd XI,47,18950615,match information,Tony Webb minor counties collection,
Stockport v Werneth,47,18950615,match information,Tony Webb minor counties collection,
Langley v Leek Highfield,47,18950615,match information,Tony Webb minor counties collection,
Stockport 2nd XI v Werneth 2nd XI,47,18950615,match information,Tony Webb minor counties collection,
Great Moor v Hazel Grove,47,18950615,match information,Tony Webb minor counties collection,
Bramall v Bowdon 2nd XI,47,18950615,match information,Tony Webb minor counties collection,
Heaton Mersey 2nd XI v South Manchester 2nd XI,47,18950615,match information,Tony Webb minor counties collection,
Woodlands Adlington v Poynton 2nd XI,47,18950615,match information,Tony Webb minor counties collection,
Bollington v Buxton,47,18950615,match information,Tony Webb minor counties collection,
Cheadle Hulme v Brooklands,47,18950615,match information,Tony Webb minor counties collection,
Fulshaw v Cheadle,47,18950615,match information,Tony Webb minor counties collection,
Heaton Mersey v South Manchester,47,18950615,match information,Tony Webb minor counties collection,
Ormskirk v Leyland,48,18950705,match information,Tony Webb minor counties collection,
Warrington v Broughton,48,18950705,match information,Tony Webb minor counties collection,
West Derby v Southport,48,18950705,match information,Tony Webb minor counties collection,
Garston v Liverpool 2nd XI,48,18950705,match information,Tony Webb minor counties collection,
St Thomas' Athletic v Norbury 2nd XI,49,18950729,match information,Tony Webb minor counties collection,
G H Lloyd's XI v Cheadle,49,18950729,match information,Tony Webb minor counties collection,
Rednish Vale v Denton Wesleyans,49,18950729,match information,Tony Webb minor counties collection,
Phoenix v Manchester South End,49,18950729,match information,Tony Webb minor counties collection,
Hollington v Heaton Mersey,49,18950729,match information,Tony Webb minor counties collection,
Urmston v Bramhall,49,18950729,match information,Tony Webb minor counties collection,
Macclesfield v Poynton,49,18950729,match information,Tony Webb minor counties collection,
St Matthew's v Hanover 2nd XI,49,18950729,match information,Tony Webb minor counties collection,
Lancaster Hill SS v Haughton Wesleyans 1st XI,49,18950729,match information,Tony Webb minor counties collection,
Stockport Great Moor v Strines,49,18950727,match information,Tony Webb minor counties collection,
Stockport Congregational v Reddish St Elizabeth's,49,18950727,match information,Tony Webb minor counties collection,
Alderley Edge Victoria v Chadle Wesleyans,50,18950800,match information,Tony Webb minor counties collection,
Raddish St Joseph's v Union-Street Hyde,50,18950727,match information,Tony Webb minor counties collection,
Heaton Moor Wesleyans v Patricroft Wesleyans,50,18950800,match information,Tony Webb minor counties collection,
Brinksway Sunday School v Meadow,50,18950800,match information,Tony Webb minor counties collection,
Styal v Beswick Royal,50,18950727,match information,Tony Webb minor counties collection,
St Thomas' Athletic v Norbury Second,50,18950800,match information,Tony Webb minor counties collection,
G H Ling's XI v Cheshire,50,18950800,match information,Tony Webb minor counties collection,
Reddish Vale v Denton Wesleyans,50,18950800,match information,Tony Webb minor counties collection,
Phoenix v Manchester South End,50,18950800,match information,Tony Webb minor counties collection,
Bollington v Heaton Mersey,50,18950800,match information,Tony Webb minor counties collection,
Urmston v Bramall,50,18950800,match information,Tony Webb minor counties collection,
Macclesfield v Poynton,50,18950800,match information,Tony Webb minor counties collection,
St Matthew's v Hanover Second,50,18950800,match information,Tony Webb minor counties collection,
Stockport Congregational v Raddish St Elisabeth's,50,18950727,match information,Tony Webb minor counties collection,
Lancashire Hill SS v Haughton Wesleyans First,50,18950800,match information,Tony Webb minor counties collection,
Stockport Great Moor v Sirines,50,18950727,match information,Tony Webb minor counties collection,
Macclesfield v Lever-Daulby,51,18950800,match information,Tony Webb minor counties collection,
Bollington v Sandbach,51,18950800,match information,Tony Webb minor counties collection,
Bollington 2nd XI v Bugsworth,51,18950800,match information,Tony Webb minor counties collection,
Hazel Grove v Hazel Grove Tradesmen,51,18950800,match information,Tony Webb minor counties collection,
Stockport v Little Lever,51,18950800,match information,Tony Webb minor counties collection,
Bramall 1st XI v Stockport 2nd XI,51,18950800,match information,Tony Webb minor counties collection,
Cheadle Hulme v Hale Second XI,51,18950800,match information,Tony Webb minor counties collection,
Kersal v Heaton Mersey,51,18950800,match information,Tony Webb minor counties collection,
Lancashire-Hill Second XI v Stockport Lads' Club First XI,51,18950800,match information,Tony Webb minor counties collection,
Hanover 2nd XI v Heywood's Excelsior 2nd XI,51,18950800,match information,Tony Webb minor counties collection,
Phoenix v Masters,51,18950800,match information,Tony Webb minor counties collection,
Stockport v Great Moor,51,18950800,match information,Tony Webb minor counties collection,
Macclesfield v Lavenshulme,52,18950800,match information,Tony Webb minor counties collection,
Bollington v Sandbach,52,18950800,match information,Tony Webb minor counties collection,
Bollington 2nd XI v Bosworth,52,18950800,match information,Tony Webb minor counties collection,
Hazel Grove v Hazel Grove Tradesmen,52,18950800,match information,Tony Webb minor counties collection,
Stockport v Little Lever,52,18950810,match information,Tony Webb minor counties collection,
Bramall 1st XI v Stockport 2nd XI,52,18950800,match information,Tony Webb minor counties collection,
Chadle Hulme v Sale Second Elevens,52,18950800,match information,Tony Webb minor counties collection,
Kersal v Hanover Mershy,52,18950800,match information,Tony Webb minor counties collection,
Lancashire-Hill Second XI v Stockport Lads' Club First XI,52,18950800,match information,Tony Webb minor counties collection,
Hanover 2nd XI v Heywood's Excelsior 2nd XI,52,18950800,match information,Tony Webb minor counties collection,
Phoenix v Martinrigg,52,18950800,match information,Tony Webb minor counties collection,
Stockport v Great Moor,52,18950800,match information,Tony Webb minor counties collection,
New Mills Tradesmen v Stockport Post Office,52,18950813,match information,Tony Webb minor counties collection,
Sale v Chadle Hulme,52,18950800,match information,Tony Webb minor counties collection,
Stockport v Werneth,53,18950817,match information,Tony Webb minor counties collection,
Bollington v Alderley Edge,53,18950800,match information,Tony Webb minor counties collection,
Manchester v Cheshire Rolling,53,18950800,match information,Tony Webb minor counties collection,
Lindow v Cheadle Wesleyans,53,18950817,match information,Tony Webb minor counties collection,
Langley v Crossley,53,18950800,match information,Tony Webb minor counties collection,
Grey Horse v New Zealand Chief,53,18950817,match information,Tony Webb minor counties collection,
Harpurhey BS v Haslingden Wesleyans Second Team,53,18950800,match information,Tony Webb minor counties collection,
Lancashire-Hill BS v Harpurhey Wesleyans,53,18950800,match information,Tony Webb minor counties collection,
Ashton v Heaton Mersey,53,18950800,match information,Tony Webb minor counties collection,
Hollinwood v Mamle,53,18950800,match information,Tony Webb minor counties collection,
Oxton v Huyton,54,18950817,match information,Tony Webb minor counties collection,
Liverpool v Rock Ferry,54,18950817,match information,Tony Webb minor counties collection,
Victoria v New Brighton,54,18950817,match information,Tony Webb minor counties collection,
Bromboro Pool v Police,54,18950817,match information,Tony Webb minor counties collection,
The Park v Victoria,54,18950821,match information,Tony Webb minor counties collection,
New Brighton v Liverpool,54,18950821,match information,Tony Webb minor counties collection,
Cheshire v Worcestershire,54,18950800,match information,Tony Webb minor counties collection,
Wynne's XI v Griffith's XI,54,18950817,match information,Tony Webb minor counties collection,
Neston and District v Kirkdale Wesleyans,54,18950817,match information,Tony Webb minor counties collection,
Port Sunlight v Helsby,54,18950824,match information,Tony Webb minor counties collection,
Spital v Boughton Hall,54,18950817,match information,Tony Webb minor counties collection,
Woodland v Kingsley,54,18950819,match information,Tony Webb minor counties collection,
St Mary's v Tranmere Wesley,54,18950817,match information,Tony Webb minor counties collection,
Helsby v Port Sunlight,55,18950817,match information,Tony Webb minor counties collection,
St Mary's Second v Tranmere Wesley Second,55,18950817,match information,Tony Webb minor counties collection,
Birkenhead Park v Ormskirk,55,18950800,match information,Tony Webb minor counties collection,
Bebington Bible Class v St John's Second,55,18950817,match information,Tony Webb minor counties collection,
Woodland v Kingsley,55,18950819,match information,Tony Webb minor counties collection,
Neston and District v Kirkdale Wesleyans,55,18950817,match information,Tony Webb minor counties collection,
All Saints' v Comet,55,18950817,match information,Tony Webb minor counties collection,
Birkenhead St Mary's v Tranmere Wesley,55,18950817,match information,Tony Webb minor counties collection,
Birkenhead Victoria v New Brighton,55,18950800,match information,Tony Webb minor counties collection,
Wallasey v Northern 2nd XI,55,18950800,match information,Tony Webb minor counties collection,
New Brighton A XI v Aigburth,55,18950800,match information,Tony Webb minor counties collection,
Liverpool v Rock Ferry,55,18950800,match information,Tony Webb minor counties collection,
Oxton v Huyton,55,18950800,match information,Tony Webb minor counties collection,
Spital v Boughton Hall,55,18950800,match information,Tony Webb minor counties collection,
Liverpool v Rock Ferry (second Elevens),55,18950800,match information,Tony Webb minor counties collection,
Bromborough Pool v Birkenhead Police,55,18950817,match information,Tony Webb minor counties collection,
Dawpool v Laird's Bros Draughtsmen,55,18950817,match information,Tony Webb minor counties collection,
Stockport v Cheadle Hulme,56,18950824,match information,Tony Webb minor counties collection,
Reddish Vale v R P Hammond's Team,56,18950824,match information,Tony Webb minor counties collection,
Lane End Second XI v St Thomas' Athletic,56,18950824,match information,Tony Webb minor counties collection,
Dunesbury Second XI v Poynton 2nd XI,56,18950824,match information,Tony Webb minor counties collection,
Sayour Mead's v Stockport Post Office,56,18950821,match information,Tony Webb minor counties collection,
Stockport Congregational 2nd XI v Loughsight Third XI,56,18950824,match information,Tony Webb minor counties collection,
Cheetham v Lavenhulme Second XI,56,18950824,match information,Tony Webb minor counties collection,
Hollinwood v Fairfield,56,18950824,match information,Tony Webb minor counties collection,
Didsbury v Poynton,56,18950824,match information,Tony Webb minor counties collection,
Chorlton A Team v Macclesfield Conservative Club,56,18950824,match information,Tony Webb minor counties collection,
Stockport 2nd XI v Cheadle Hulme 2nd XI,56,18950824,match information,Tony Webb minor counties collection,
Stockport v Cheadle Hulme,57,18950824,match information,Tony Webb minor counties collection,
Stockport 2nd XI v Cheadle Hulme 2nd XI,57,18950824,match information,Tony Webb minor counties collection,
Langley v Bollington 2nd XI,57,18950824,match information,Tony Webb minor counties collection,
Phoenix v Conservatives,57,18950824,match information,Tony Webb minor counties collection,
Middlesex v Lancashire,57,18950800,match information,Tony Webb minor counties collection,
Reddish St Joseph's v Hyde St Thomas',57,18950824,match information,Tony Webb minor counties collection,
Macclesfield 2nd XI v St George's,57,18950824,match information,Tony Webb minor counties collection,
Chorlton A Team v Macclesfield Conservatives Club,57,18950800,match information,Tony Webb minor counties collection,
Bollington v Fairfield,57,18950800,match information,Tony Webb minor counties collection,
Didsbury v Poynton,57,18950824,match information,Tony Webb minor counties collection,
Sixworks Men's v Stockport Post Office,57,18950821,match information,Tony Webb minor counties collection,
Didsbury 2nd XI v Poynton 2nd XI,57,18950800,match information,Tony Webb minor counties collection,
Reddish Vale v R P Hammond's Team,57,18950824,match information,Tony Webb minor counties collection,
Lads' Club 2nd XI v St Thomas' Athletic,57,18950800,match information,Tony Webb minor counties collection,
Cheetham v Levenshulme 2nd XI,57,18950800,match information,Tony Webb minor counties collection,
Stockport Congregationals Second XI v Longsight Second XI,57,18950824,match information,Tony Webb minor counties collection,
Llandudno v Flint,58,18950907,match information,Tony Webb minor counties collection,
Wallasey v Oxton 2nd XI,61,18950907,match information,Tony Webb minor counties collection,
Rock Ferry 2nd XI v Cheadle Hulme 2nd XI,61,18950907,match information,Tony Webb minor counties collection,
Spital v Bromborough Pool,61,18950907,match information,Tony Webb minor counties collection,
YMCA v Ravenscroft,61,18950907,match information,Tony Webb minor counties collection,
Tranmere Wesley v West Derby 2nd XI,61,18950907,match information,Tony Webb minor counties collection,
Gardeners v Coachmen,61,18950911,match information,Tony Webb minor counties collection,
Birkenhead St John's v Cedar,61,18950907,match information,Tony Webb minor counties collection,
Penzance v Helston,62,18950809,match information,Tony Webb minor counties collection,
Gulval v Goldsithney,62,18950809,match information,Tony Webb minor counties collection,
Kehelland v Lelant,62,18950810,match information,Tony Webb minor counties collection,
Truro v Penzance,63,18950816,match information,Tony Webb minor counties collection,
Lelant v Rev Gillett's XI,63,18950817,match information,Tony Webb minor counties collection,
Troon v Illogan,63,18950817,match information,Tony Webb minor counties collection,
St Austell v St Columb,64,18950800,match information,Tony Webb minor counties collection,
St Mawes v Gerrans,64,18950800,match information,Tony Webb minor counties collection,
Camborne v HMS Ganges,64,18950800,match information,Tony Webb minor counties collection,
Pool v Redruth,64,18950817,match information,Tony Webb minor counties collection,
Falmouth v Visitors,64,18950800,match information,Tony Webb minor counties collection,
Launceston v 13 St Marys Launceston,64,18950800,match information,Tony Webb minor counties collection,
Truro v Penzance,64,18950800,match information,Tony Webb minor counties collection,
Old Probians v Exiles,65,18950819,match information,Tony Webb minor counties collection,
Old Probians v Redruth,65,18950820,match information,Tony Webb minor counties collection,
Troon v Camborne,65,18950800,match information,Tony Webb minor counties collection,
Troon v Illogan,65,18950817,match information,Tony Webb minor counties collection,
Pool v Redruth,65,18950817,match information,Tony Webb minor counties collection,
Truro v Penzance,65,18950816,match information,Tony Webb minor counties collection,
Lelant Union Jacks v Penzance Wanderers,66,18950830,match information,Tony Webb minor counties collection,
Troon v Helston,66,18950830,match information,Tony Webb minor counties collection,
Goldsithney v Penzance YMCA,66,18950831,match information,Tony Webb minor counties collection,
Madron Second XI v Lelant,66,18950830,match information,Tony Webb minor counties collection,
Camborne v Madron,66,18950830,match information,Tony Webb minor counties collection,
St Austell v Truro,67,18950831,match information,Tony Webb minor counties collection,
RMLI v Plymouth College,69,18950704,match information,Tony Webb minor counties collection,
South Devon v Totnes,69,18950704,match information,Tony Webb minor counties collection,
Plymouth v Stonehouse,69,18950704,match information,Tony Webb minor counties collection,
Tavistock v Kelly College,69,18950704,match information,Tony Webb minor counties collection,
Torquay v HMS Britannia,69,18950704,match information,Tony Webb minor counties collection,
Hatherleigh v Bow,69,18950000,match information,Tony Webb minor counties collection,
Cheveley Hall v Mutley Grammar School,69,18950704,match information,Tony Webb minor counties collection,
Bodmin v St Blazey,69,18950703,match information,Tony Webb minor counties collection,
Beaconsfield v Plymouth College Second XI,69,18950704,match information,Tony Webb minor counties collection,
Plymouth Borough Asylum v Totnes,69,18950703,match information,Tony Webb minor counties collection,
St Andrew's v Mannamead School Second XI,69,18950704,match information,Tony Webb minor counties collection,
Exeter Cathedral School v Wonford House,70,18950705,match information,Tony Webb minor counties collection,
Exmouth v A Kindersley's XI,70,18950703,match information,Tony Webb minor counties collection,
Exeter Cathedral School v Wonford House,70,18950704,match information,Tony Webb minor counties collection,
Raglan Barracks v North Devon,72,18950808,match information,Tony Webb minor counties collection,
Sidmouth v Incogniti,72,18950807,match information,Tony Webb minor counties collection,
Tavistock v Plymouth,72,18950806,match information,Tony Webb minor counties collection,
Exmouth v Blue Mantles,72,18950807,match information,Tony Webb minor counties collection,
Plymouth Police v Sherwill,72,18950807,match information,Tony Webb minor counties collection,
Padstow v Littlepetherick,72,18950800,match information,Tony Webb minor counties collection,
Exeter v North Devon,73,18950815,match information,Tony Webb minor counties collection,
Baron Falkenstein's XI v C G Lovesby's XI,73,18950812,match information,Tony Webb minor counties collection,
Bedminster v Plymouth Garrison,74,18950815,match information,Tony Webb minor counties collection,
Plymouth Police v 7th Co WDRA,74,18950815,match information,Tony Webb minor counties collection,
Incogniti v Ishmaelites,74,18950815,match information,Tony Webb minor counties collection,
Sidmouth v Seaton,74,18950814,match information,Tony Webb minor counties collection,
Ishmaelites v Incogniti,74,18950815,match information,Tony Webb minor counties collection,
Exmouth v South Hampthead,74,18950815,match information,Tony Webb minor counties collection,
Teignbridge v North Devon,74,18950815,match information,Tony Webb minor counties collection,
Seaton v Ealing,75,18950816,match information,Tony Webb minor counties collection,
Sidmouth v Ealing,75,18950820,match information,Tony Webb minor counties collection,
Ishmaelites v South Devon,76,18950820,match information,Tony Webb minor counties collection,
Naval Ordnance v Plymouth Borough Asylum,76,18950817,match information,Tony Webb minor counties collection,
Plymouth Police v Nomads,76,18950820,match information,Tony Webb minor counties collection,
Bull Point v Plymouth Borough Police,76,18950817,match information,Tony Webb minor counties collection,
Stonehouse Reserve v Naval Ordnance Reserve,76,18950817,match information,Tony Webb minor counties collection,
Yealmpton v Ivybridge,76,18950800,match information,Tony Webb minor counties collection,
Tavistock B v RM Engineers Second XI,76,18950817,match information,Tony Webb minor counties collection,
Sidmouth v Ealing,76,18950820,match information,Tony Webb minor counties collection,
Leland v Rev Gillett's (gwithian) XI,76,18950817,match information,Tony Webb minor counties collection,
Clearbrook v Pteetstavy,76,18950817,match information,Tony Webb minor counties collection,
Falmouth v Helston,77,18950800,match information,Tony Webb minor counties collection,
Tiverton v Swansea Tourists,77,18950829,match information,Tony Webb minor counties collection,
Sidmouth v MCC,77,18950829,match information,Tony Webb minor counties collection,
Exeter v Swansea Tourists,77,18950829,match information,Tony Webb minor counties collection,
St Columb v St Blazey,77,18950828,match information,Tony Webb minor counties collection,
Padstow v Polseath Visitors,77,18950828,match information,Tony Webb minor counties collection,
Dartmoor Prison Officers v Westbrook,77,18950800,match information,Tony Webb minor counties collection,
Troon v Perranarworthal,78,18950824,match information,Tony Webb minor counties collection,
Bude v Camelford,78,18950824,match information,Tony Webb minor counties collection,
Exmouth v Swansea Tourists,78,18950827,match information,Tony Webb minor counties collection,
Bull Point v Press,78,18950824,match information,Tony Webb minor counties collection,
Galmpton v Ipplepen,78,18950824,match information,Tony Webb minor counties collection,
Poole Park v L & SWR Co.,79,18950831,match information,Tony Webb minor counties collection,
Sopley v G M Nicholson's XI,79,18950828,match information,Tony Webb minor counties collection,
Milford v Milford Visitors,79,18950831,match information,Tony Webb minor counties collection,
United v Royal Artillery,79,18950904,match information,Tony Webb minor counties collection,
Pylewell Park v Boldre,79,18950824,match information,Tony Webb minor counties collection,
United CO v Cornish's XI,81,18950807,match information,Tony Webb minor counties collection,
Poole Park v Blandford,81,18950807,match information,Tony Webb minor counties collection,
Captain Nicholl's XI v J A Brook's XI,82,18950603,match information,Tony Webb minor counties collection,
Durham University v St George's Newcastle,82,18950603,match information,Tony Webb minor counties collection,
Harraton v Bill Quay Albion,82,18950000,match information,Tony Webb minor counties collection,
Felling Temperance v Washington,82,18950000,match information,Tony Webb minor counties collection,
City Asylum v Wesley Chapel,82,18950000,match information,Tony Webb minor counties collection,
Ouston Wanderers v Craghead Colliery,82,18950000,match information,Tony Webb minor counties collection,
Delaval Hall v Seghill,82,18950000,match information,Tony Webb minor counties collection,
Kirkley v Mitford,82,18950000,match information,Tony Webb minor counties collection,
Whickham v Banwell Hill,82,18950000,match information,Tony Webb minor counties collection,
Bishop Auckland v Spennymoor,82,18950603,match information,Tony Webb minor counties collection,
Crook v Hetton Lyons,83,18950603,match information,Tony Webb minor counties collection,
Bywell v Newton,83,18950603,match information,Tony Webb minor counties collection,
Ryton v Gateshead Fell,83,18950603,match information,Tony Webb minor counties collection,
Stanley And District v Durham City Second XI,83,18950603,match information,Tony Webb minor counties collection,
Pleasant Sunday Afternoon Newcastle v Newbiggin Institute,83,18950527,match information,Tony Webb minor counties collection,
North Durham First v Rookcliff First,83,18950527,match information,Tony Webb minor counties collection,
Coldstream v Kelso,83,18950601,match information,Tony Webb minor counties collection,
Greenside v Ovingham,83,18950603,match information,Tony Webb minor counties collection,
Alnwick v North Eastern Newcastle,83,18950603,match information,Tony Webb minor counties collection,
Longhirst v Bothal,83,18950603,match information,Tony Webb minor counties collection,
Consett And District v Elswick Works,83,18950527,match information,Tony Webb minor counties collection,
The Hermitage v Henderson's Scratch XI,84,18950603,match information,Tony Webb minor counties collection,
Elswick Works Second v Jarrow,86,18950709,match information,Tony Webb minor counties collection,
Gateshead Presbyterian v Swalwell United,86,18950709,match information,Tony Webb minor counties collection,
Gallowhill v Backworth,86,18950709,match information,Tony Webb minor counties collection,
Wesley Chapel v South Shields Third,86,18950709,match information,Tony Webb minor counties collection,
Seghill v Blagdon,86,18950709,match information,Tony Webb minor counties collection,
Hetton Lyons v Sherburn,86,18950709,match information,Tony Webb minor counties collection,
Whickham v Benwell Hill,86,18950709,match information,Tony Webb minor counties collection,
Bothal v Netherwitton,86,18950709,match information,Tony Webb minor counties collection,
Acklington And District v Lesbury,86,18950706,match information,Tony Webb minor counties collection,
Howick v Warkworth,87,18950708,match information,Tony Webb minor counties collection,
Close House v Tynedale,87,18950708,match information,Tony Webb minor counties collection,
Elswick Works v Royal Grammar School,87,18950706,match information,Tony Webb minor counties collection,
Rockliff v Benwell,87,18950708,match information,Tony Webb minor counties collection,
North-Eastern County School v Darlington Grammar School,87,18950706,match information,Tony Webb minor counties collection,
Ladies v Gentlemen,87,18950708,match information,Tony Webb minor counties collection,
Ryton v Quayside Wanderers,87,18950708,match information,Tony Webb minor counties collection,
Felling Temperance Second XI v High Fell,88,18950705,match information,Tony Webb minor counties collection,
Felling Temperance v Washington,88,18950705,match information,Tony Webb minor counties collection,
Winlaton v Greenside,88,18950705,match information,Tony Webb minor counties collection,
Hermitage v Waldridge,88,18950705,match information,Tony Webb minor counties collection,
Constable Burton v Darlington,89,18950710,match information,Tony Webb minor counties collection,
Belsay v Woolsington,89,18950700,match information,Tony Webb minor counties collection,
Consett Wednesday v Chester-Le-Street Wednesday,89,18950710,match information,Tony Webb minor counties collection,
Hamsteels v Langley Park,89,18950700,match information,Tony Webb minor counties collection,
Bewicke's XI v Northern Nomads,89,18950709,match information,Tony Webb minor counties collection,
Seaham Harbour Tradesmen v Easington,90,18950000,match information,Tony Webb minor counties collection,
YMCA v Salem Athletic,90,18950000,match information,Tony Webb minor counties collection,
Tynemouth Second XI v Backworth Percy,90,18950000,match information,Tony Webb minor counties collection,
Alnwick Reserve v Alnwick Wednesday,90,18950000,match information,Tony Webb minor counties collection,
St George's Second XI v Northumberland Second XI,90,18950000,match information,Tony Webb minor counties collection,
Spennymoor Wednesday v Tudhoe,90,18950000,match information,Tony Webb minor counties collection,
Alnwick Wednesday v London And NE Works,90,18950000,match information,Tony Webb minor counties collection,
Wallsend Second XI v Northumberland Second XI,90,18950000,match information,Tony Webb minor counties collection,
Singleton House School v South Shields High School,90,18950710,match information,Tony Webb minor counties collection,
Northern Nomads v The Borderers,90,18950711,match information,Tony Webb minor counties collection,
Bewicke's XI v F C R Clayton's XI,91,18950828,match information,Tony Webb minor counties collection,
Berwick v Kelso,91,18950828,match information,Tony Webb minor counties collection,
Doxford v Spencer Ferguson's XI,91,18950827,match information,Tony Webb minor counties collection,
Ashington Portland v Alnmouth,92,18950828,match information,Tony Webb minor counties collection,
Mortimer's XI v Clayton's XI,92,18950829,match information,Tony Webb minor counties collection,
Acklington And District v Broomhill,92,18950800,match information,Tony Webb minor counties collection,
Acklington And District v Alnwick,92,18950828,match information,Tony Webb minor counties collection,
Swansea v Llandovery,93,18950720,match information,Tony Webb minor counties collection,
Penarth v Water Rats,93,18950720,match information,Tony Webb minor counties collection,
Gentlemen Of Monmouthshire v R M L Militia,94,18950803,match information,Tony Webb minor counties collection,
Swansea Second v Singleton,94,18950803,match information,Tony Webb minor counties collection,
Ewyas Harold And Pontrilas v Garway United,95,18950627,match information,Tony Webb minor counties collection,
Ludlow Second XI v Young Men's Christian Association,95,18950704,match information,Tony Webb minor counties collection,
Ludlow And South Shropshire v Hereford County College,95,18950629,match information,Tony Webb minor counties collection,
Colwall v Wellington Heath,95,18950629,match information,Tony Webb minor counties collection,
Hornbury v Stoke Lacy,95,18950627,match information,Tony Webb minor counties collection,
Ineson's XI v Carrington's D'oyley Carte's XI,95,18950629,match information,Tony Webb minor counties collection,
Hereford Cathedral School v Lugwardine,95,18950629,match information,Tony Webb minor counties collection,
Lugwardine Second XI v Hereford Cathedral School Second XI,95,18950629,match information,Tony Webb minor counties collection,
Hereford County College v Hay,95,18950000,match information,Tony Webb minor counties collection,
Lucton School v Presteign,95,18950703,match information,Tony Webb minor counties collection,
Schoolmasters v Presteign,95,18950629,match information,Tony Webb minor counties collection,
Herefordshire Club And Ground v Ludlow And South Shropshire,97,18950718,match information,Tony Webb minor counties collection,
Herefordshire Club And Ground v Leominster,97,18950713,match information,Tony Webb minor counties collection,
Bichton v Luxton School,97,18950713,match information,Tony Webb minor counties collection,
Durham v Worcestershire,97,18950716,match information,Tony Webb minor counties collection,
Hereford Cathedral School v Ludlow And South Shropshire,97,18950717,match information,Tony Webb minor counties collection,
Downton Castle v Ashford Court,98,18950713,match information,Tony Webb minor counties collection,
Hereford County College v Rosbury,98,18950711,match information,Tony Webb minor counties collection,
Tenbury v Ludlow And South Shropshire,98,18950713,match information,Tony Webb minor counties collection,
Ewyas Harold v Hereford St Martin's,98,18950713,match information,Tony Webb minor counties collection,
Prestigne v Weobley,98,18950713,match information,Tony Webb minor counties collection,
Presteign v Malvern,99,18950718,match information,Tony Webb minor counties collection,
Chepstow v Newport Second XI,99,18950726,match information,Tony Webb minor counties collection,
Knighton v Salmon's XI,99,18950717,match information,Tony Webb minor counties collection,
Caynham Court v Greet,99,18950720,match information,Tony Webb minor counties collection,
Dilwyn v Birley,99,18950720,match information,Tony Webb minor counties collection,
Shropshire v Ludlow And South Shropshire,99,18950720,match information,Tony Webb minor counties collection,
Rossbury v Suckley,99,18950720,match information,Tony Webb minor counties collection,
Knighton v Gisborne's XI,99,18950711,match information,Tony Webb minor counties collection,
Foxley v Garnons,100,18950720,match information,Tony Webb minor counties collection,
Marshes v Bodenham,100,18950720,match information,Tony Webb minor counties collection,
Bircher v Hampton Court,100,18950720,match information,Tony Webb minor counties collection,
MCC And Ground v Monmouthshire And Ground,101,18950727,match information,Tony Webb minor counties collection,
Hereford City v Hereford County,101,18950801,match information,Tony Webb minor counties collection,
Lugwardine And Withington v Hereford St Martin's,101,18950727,match information,Tony Webb minor counties collection,
MCC v Shropshire,101,18950800,match information,Tony Webb minor counties collection,
Bromyard v Tenbury,101,18950727,match information,Tony Webb minor counties collection,
Ludlow And South Shropshire v Royal Monmouthshire Militia Engineers,101,18950729,match information,Tony Webb minor counties collection,
Ludlow v Lucton School,101,18950727,match information,Tony Webb minor counties collection,
Ross Second XI v Weston,101,18950727,match information,Tony Webb minor counties collection,
Clun v Aston-On-Clun,102,18950727,match information,Tony Webb minor counties collection,
Gloucester v Ross,102,18950731,match information,Tony Webb minor counties collection,
Snoxbeck v Kinsham,102,18950731,match information,Tony Webb minor counties collection,
Marden v Foxley,102,18950727,match information,Tony Webb minor counties collection,
Tram Inn v Pontrilas And Ewyas Harold,102,18950727,match information,Tony Webb minor counties collection,
Glamorganshire v V T Hill's XI,103,18950809,match information,Tony Webb minor counties collection,
Cheltenham v Haileybury,103,18950803,match information,Tony Webb minor counties collection,
Staffordshire v Worcestershire,103,18950806,match information,Tony Webb minor counties collection,
Ewias Harold And Pontrilas v Wyeside,103,18950800,match information,Tony Webb minor counties collection,
Ewias Harold And Pontrilas v Peterchurch,103,18950803,match information,Tony Webb minor counties collection,
Birley v Lilliwt,103,18950803,match information,Tony Webb minor counties collection,
Tewkesbury v Malvern,103,18950803,match information,Tony Webb minor counties collection,
Lugwardine And Withington v H D L Barker's XI,103,18950803,match information,Tony Webb minor counties collection,
Stoke Lacy v Hampton Court,103,18950803,match information,Tony Webb minor counties collection,
Ludlow And South Shropshire v Free Foresters,104,18950803,match information,Tony Webb minor counties collection,
Marden v Weobley,104,18950803,match information,Tony Webb minor counties collection,
Hereford St v Foxley,104,18950803,match information,Tony Webb minor counties collection,
Ludlow And South Shropshire v Church Stretton,105,18950820,match information,Tony Webb minor counties collection,
Ladies v Gentlemen,105,18950821,match information,Tony Webb minor counties collection,
Dilwyn v Monkland,105,18950815,match information,Tony Webb minor counties collection,
Hereford Wye v St Martin's,105,18950815,match information,Tony Webb minor counties collection,
Colwall v Malvern Second XI,105,18950817,match information,Tony Webb minor counties collection,
Manner v Foxley,105,18950817,match information,Tony Webb minor counties collection,
Presteign v Woolley,105,18950817,match information,Tony Webb minor counties collection,
Much Marcle v Weston,105,18950817,match information,Tony Webb minor counties collection,
Leominster v Presteign,105,18950820,match information,Tony Webb minor counties collection,
Dansey's XI v C E Bagot's XI,105,18950820,match information,Tony Webb minor counties collection,
Hereford St Martin's v Tram Inn,106,18950824,match information,Tony Webb minor counties collection,
Dilwyn v Shobdon,106,18950817,match information,Tony Webb minor counties collection,
Harewood End v Hampton Court,106,18950817,match information,Tony Webb minor counties collection,
Hitchin v St Albans,108,18950515,match information,Tony Webb minor counties collection,
Henlow v Arlesey,108,18950511,match information,Tony Webb minor counties collection,
Cottered v St Edmund's College,108,18950509,match information,Tony Webb minor counties collection,
Cottered v Buntingford,108,18950514,match information,Tony Webb minor counties collection,
Three Counties Asylum v Arlesey,108,18950504,match information,Tony Webb minor counties collection,
St Ives v Stevenage Second XI,108,18950504,match information,Tony Webb minor counties collection,
Stevenage v Brixton Wanderers,108,18950508,match information,Tony Webb minor counties collection,
Married v Single,108,18950511,match information,Tony Webb minor counties collection,
Hertford Caltonians v Ware,108,18950511,match information,Tony Webb minor counties collection,
Wilstead v Southernd Falcon's,108,18950511,match information,Tony Webb minor counties collection,
Stevenage Second XI v Hitchin Blue Cross Brigade,108,18950511,match information,Tony Webb minor counties collection,
West Herts v Abbots Langley,109,18950525,match information,Tony Webb minor counties collection,
Melrose v Berkhamstead Working Men,109,18950525,match information,Tony Webb minor counties collection,
Roamers v Croxley,109,18950525,match information,Tony Webb minor counties collection,
Cannon Brewery v M B Foster & Sons,109,18950525,match information,Tony Webb minor counties collection,
Permanent Way v Radlett,109,18950525,match information,Tony Webb minor counties collection,
Watford Fields v Oxhey,109,18950525,match information,Tony Webb minor counties collection,
Mill End Riverside v Stanmore Brewery,109,18950525,match information,Tony Webb minor counties collection,
Roxeth v Canterbury,109,18950525,match information,Tony Webb minor counties collection,
Harrow Weald v Harrow,109,18950525,match information,Tony Webb minor counties collection,
Barnet v Southgate,110,18950525,match information,Tony Webb minor counties collection,
Mosswell v All Saints' Highgate First XI,110,18950525,match information,Tony Webb minor counties collection,
Hadley v Wrotham Park,110,18950525,match information,Tony Webb minor counties collection,
Stereo v Oakleigh New Southgate,110,18950525,match information,Tony Webb minor counties collection,
Stereo B Team v Friern Barnet,110,18950525,match information,Tony Webb minor counties collection,
Asileigh v North London Railway,110,18950525,match information,Tony Webb minor counties collection,
Arkley v Finchley Second XI,110,18950525,match information,Tony Webb minor counties collection,
The Grove v Watford Station,111,18950525,match information,Tony Webb minor counties collection,
Bushey Police v Watford Brewery,111,18950525,match information,Tony Webb minor counties collection,
St Albans v Frogmore,111,18950525,match information,Tony Webb minor counties collection,
Beechen Grove v Walker's XI,111,18950525,match information,Tony Webb minor counties collection,
Mill End Second XI v Rickmansworth Stars,111,18950525,match information,Tony Webb minor counties collection,
Barnet A v Finchley Second XI,111,18950525,match information,Tony Webb minor counties collection,
Watford Urban District v New Bushey,111,18950525,match information,Tony Webb minor counties collection,
Rickmansworth v Northwood,111,18950525,match information,Tony Webb minor counties collection,
Hitchin Grammar School v Hitchin Blue Cross Temperance Brigade,113,18950525,match information,Tony Webb minor counties collection,
Baldock v C Tanqueray's Cambridge XI,113,18950525,match information,Tony Webb minor counties collection,
Wilstead v Silsoe,113,18950522,match information,Tony Webb minor counties collection,
St Saviour's v Arlesey,113,18950525,match information,Tony Webb minor counties collection,
Sandy v Potton,113,18950522,match information,Tony Webb minor counties collection,
Biggleswade v Dunton,113,18950525,match information,Tony Webb minor counties collection,
St Saviour's v Willian,113,18950522,match information,Tony Webb minor counties collection,
Beeston DCC v Ickwell And Northill,113,18950523,match information,Tony Webb minor counties collection,
St Saviour's CC Hitchin v St Paulswalden,113,18950518,match information,Tony Webb minor counties collection,
St Albans v West Middlesex,114,18950705,match information,Tony Webb minor counties collection,
St Albans v Dunstable Grammar School,114,18950703,match information,Tony Webb minor counties collection,
West Herts v Hemel Hempstead,114,18950629,match information,Tony Webb minor counties collection,
Denskin's Brewery v Bushey Police,114,18950629,match information,Tony Webb minor counties collection,
Licensed Victuallers v Tradesmen,114,18950702,match information,Tony Webb minor counties collection,
Croxley v Watford Station,114,18950629,match information,Tony Webb minor counties collection,
Callow Land Stars v Nascot Ramblers,115,18950629,match information,Tony Webb minor counties collection,
Pinner v Roamers,115,18950629,match information,Tony Webb minor counties collection,
Melrose v Apsley End,115,18950629,match information,Tony Webb minor counties collection,
St Albans Grammar School v Radlett,115,18950706,match information,Tony Webb minor counties collection,
Frogmore v Harpenden,115,18950629,match information,Tony Webb minor counties collection,
Watford Brewery v Boxmoor,115,18950629,match information,Tony Webb minor counties collection,
Childwick v St Albans City Police,115,18950705,match information,Tony Webb minor counties collection,
MCC And Ground v Haileybury College,116,18950629,match information,Tony Webb minor counties collection,
Ladies v Gentlemen,116,18950701,match information,Tony Webb minor counties collection,
St Albans A v Frogmore Second XI,116,18950629,match information,Tony Webb minor counties collection,
Colney Heath v Wheathampstead,116,18950629,match information,Tony Webb minor counties collection,
St Albans v J W Dujardin Leonard's XI,117,18950727,match information,Tony Webb minor counties collection,
St Albans A v Finchley Second XI,117,18950800,match information,Tony Webb minor counties collection,
"St Albans ""b"" Team v St Albans Grammar School",117,18950727,match information,Tony Webb minor counties collection,
"St Albans ""a"" Team v Fold's XI",117,18950731,match information,Tony Webb minor counties collection,
Albion v Boxmoor St John's,117,18950727,match information,Tony Webb minor counties collection,
St Michael's v Colney Heath,118,18950727,match information,Tony Webb minor counties collection,
West Herts v Earl Of Essex's XI,118,18950727,match information,Tony Webb minor counties collection,
Melrose v New Bushey,118,18950727,match information,Tony Webb minor counties collection,
Heath Brow School v Master's XI,118,18950727,match information,Tony Webb minor counties collection,
Watford Urban District Council v Abbott's Langley,118,18950727,match information,Tony Webb minor counties collection,
St Matthew's v Caddington,118,18950727,match information,Tony Webb minor counties collection,
Heath Brow School School House v Lodge,118,18950730,match information,Tony Webb minor counties collection,
West Herts v Earl Of Essex's XI,119,18950800,match information,Tony Webb minor counties collection,
Stanmore Brewery v Wealdstone Athletic,119,18950800,match information,Tony Webb minor counties collection,
Watford Engineering Works v Grapho Company Harrow,119,18950800,match information,Tony Webb minor counties collection,
Watford Carriage Department v Turner's Limited,119,18950800,match information,Tony Webb minor counties collection,
Fleetwood's XI v W Young's XI,119,18950727,match information,Tony Webb minor counties collection,
Melrose v New Bushey,119,18950800,match information,Tony Webb minor counties collection,
Kings Langley v Watford Brewery,119,18950800,match information,Tony Webb minor counties collection,
Roamers v Apsley,119,18950800,match information,Tony Webb minor counties collection,
St Albans v Frogmore,121,18950803,match information,Tony Webb minor counties collection,
St Albans A v Frogmore Second XI,122,18950803,match information,Tony Webb minor counties collection,
Peripatetics v Old Albanians,122,18950803,match information,Tony Webb minor counties collection,
Northaw v Little Heath,122,18950805,match information,Tony Webb minor counties collection,
St Michael's v Zion,122,18950805,match information,Tony Webb minor counties collection,
Comet v Redbourn,123,18950805,match information,Tony Webb minor counties collection,
Hemel Hempstead v Kilburn,123,18950805,match information,Tony Webb minor counties collection,
London City Police v Redbourn,123,18950808,match information,Tony Webb minor counties collection,
Croxley v Melrose,123,18950803,match information,Tony Webb minor counties collection,
Bushey v Vampires,124,18950805,match information,Tony Webb minor counties collection,
Bushey v Leinster,124,18950806,match information,Tony Webb minor counties collection,
Bushey v H J H Bladon's XI,124,18950807,match information,Tony Webb minor counties collection,
Kings Langley v St Giles-In-The-Fields,124,18950805,match information,Tony Webb minor counties collection,
Old Hurst Johnnians v Bushey,124,18950808,match information,Tony Webb minor counties collection,
Abbots Langley v Roamers,124,18950800,match information,Tony Webb minor counties collection,
Newberries v Edge Grove,124,18950805,match information,Tony Webb minor counties collection,
Northwood v Rickmansworth Town,124,18950805,match information,Tony Webb minor counties collection,
Stanmore v All Soul's Hampstead,124,18950803,match information,Tony Webb minor counties collection,
Chipperfield v Bovingdon,124,18950803,match information,Tony Webb minor counties collection,
Watford Carriage Department v Cassiobury Yard,125,18950803,match information,Tony Webb minor counties collection,
Abbots Langley v Trinity Church,125,18950800,match information,Tony Webb minor counties collection,
Watford Wednesday v Sansom's XI,125,18950807,match information,Tony Webb minor counties collection,
Croxley v Melrose,125,18950803,match information,Tony Webb minor counties collection,
Bushey v Erratics,127,18950809,match information,Tony Webb minor counties collection,
West Herts v Bushey,127,18950810,match information,Tony Webb minor counties collection,
Watford Brewery v The Roamers,127,18950810,match information,Tony Webb minor counties collection,
Bushey v Old Hurst Johnians,128,18950800,match information,Tony Webb minor counties collection,
Bushey Police v Watford Urban Council,128,18950810,match information,Tony Webb minor counties collection,
Cannon Brewery v Harefield,128,18950810,match information,Tony Webb minor counties collection,
Chemical Works v Sunnyside Church,128,18950810,match information,Tony Webb minor counties collection,
Sunnyside Church v Noris's,128,18950727,match information,Tony Webb minor counties collection,
Melrose v Camden United,129,18950810,match information,Tony Webb minor counties collection,
XYZ v Hemel Hempsted,129,18950800,match information,Tony Webb minor counties collection,
Sunnyside Church CO v Aldbury CO,129,18950803,match information,Tony Webb minor counties collection,
Hemel Hempsted v XYZ,129,18950810,match information,Tony Webb minor counties collection,
Hatfield v St Mark's Woodhill,130,18950815,match information,Tony Webb minor counties collection,
Rev Hatchell's XI v Hhecc,130,18950814,match information,Tony Webb minor counties collection,
Market Place v Batch Wood,130,18950815,match information,Tony Webb minor counties collection,
Childwickbury Estate v Aldenham House,130,18950814,match information,Tony Webb minor counties collection,
West Herts v Bushey,131,18950810,match information,Tony Webb minor counties collection,
Harefield v Heskin's Brewery,131,18950810,match information,Tony Webb minor counties collection,
Gentlemen Of Herts v St Albans,131,18950812,match information,Tony Webb minor counties collection,
Croxley v Watford Permanent Way,131,18950810,match information,Tony Webb minor counties collection,
Watford Station v Watford Tradesmen,131,18950812,match information,Tony Webb minor counties collection,
Rickmansworth Town v Pinner,131,18950810,match information,Tony Webb minor counties collection,
Roamers v Brewery,131,18950810,match information,Tony Webb minor counties collection,
Abbots Langley v L & N-W Railway,131,18950810,match information,Tony Webb minor counties collection,
Melrose v Camden United,131,18950810,match information,Tony Webb minor counties collection,
Hertingfordbury v Bayford,133,18950817,match information,Tony Webb minor counties collection,
Hendon v St Albans,133,18950823,match information,Tony Webb minor counties collection,
St Albans v Hitchin,133,18950817,match information,Tony Webb minor counties collection,
MCC And Ground v St Albans,133,18950819,match information,Tony Webb minor counties collection,
St Albans v West Herts,133,18950821,match information,Tony Webb minor counties collection,
S Groom's XII v Poles XII,134,18950800,match information,Tony Webb minor counties collection,
Hoddesdon v Tottenham,134,18950817,match information,Tony Webb minor counties collection,
W Evans' XI v A E Phillips' XI,134,18950816,match information,Tony Webb minor counties collection,
Broxbourne v Haileybury Servants,134,18950817,match information,Tony Webb minor counties collection,
Widford Under 14 v Harlow Under 14,134,18950817,match information,Tony Webb minor counties collection,
Rev P Deedes' XI v Haileybury Servants,134,18950819,match information,Tony Webb minor counties collection,
West Herts v St Albans,135,18950821,match information,Tony Webb minor counties collection,
West Herts v Frogmore,135,18950817,match information,Tony Webb minor counties collection,
Watford Wednesday v Hempstead Early Closing,135,18950814,match information,Tony Webb minor counties collection,
Watford Fields v Bushey Victors,135,18950815,match information,Tony Webb minor counties collection,
Stanmore v G E Keyser's XII,135,18950815,match information,Tony Webb minor counties collection,
The Grove v Healey's Brewery,135,18950817,match information,Tony Webb minor counties collection,
London Orphan Asylum v A W Myers's XI,135,18950817,match information,Tony Webb minor counties collection,
J S Harford's XI v R Lake's XI,136,18950814,match information,Tony Webb minor counties collection,
Willesden v Unknown,136,18950800,match information,Tony Webb minor counties collection,
Harrow Weald v Stanmore,136,18950817,match information,Tony Webb minor counties collection,
Bushey v Stanmore,136,18950821,match information,Tony Webb minor counties collection,
J S Harford's XI v Franklin Choir,136,18950823,match information,Tony Webb minor counties collection,
Bushey v Harrow Town,136,18950817,match information,Tony Webb minor counties collection,
Rickmansworth Stars v West Hyde,136,18950817,match information,Tony Webb minor counties collection,
Hillfield v Bushey Police,136,18950817,match information,Tony Webb minor counties collection,
Willesden Presbyterian v Watford Carriage Department,136,18950817,match information,Tony Webb minor counties collection,
West Herts v Uxbridge,137,18950824,match information,Tony Webb minor counties collection,
Urban Council v Benskin And Co,137,18950824,match information,Tony Webb minor counties collection,
Our Park Estate v C Division Herts Constabulary,137,18950822,match information,Tony Webb minor counties collection,
W H Nicholls' XI v F G Galloway's XI,139,18950913,match information,Tony Webb minor counties collection,
Hertford Caxtonians v G E R Clerks,139,18950907,match information,Tony Webb minor counties collection,
Hertingfordbury v Fanshaws,139,18950907,match information,Tony Webb minor counties collection,
Waters Place v Poles,139,18950907,match information,Tony Webb minor counties collection,
Hunndon Bury v Bonningtons,139,18950907,match information,Tony Webb minor counties collection,
Bakers Of Ware v Butchers,139,18950910,match information,Tony Webb minor counties collection,
Walkern v Little Munden,139,18950913,match information,Tony Webb minor counties collection,
Ware Town Club v Ware Parish Church Choir,139,18950907,match information,Tony Webb minor counties collection,
Hythe v 60th Rifles,142,18950821,match information,Tony Webb minor counties collection,
Rowles's XI v Astill's XI,143,18950613,match information,Tony Webb minor counties collection,
East End Tradesmen v East End,143,18950613,match information,Tony Webb minor counties collection,
Market Bosworth Grammar School v Nuneaton Grammar School,143,18950608,match information,Tony Webb minor counties collection,
Thurmaston Methodists v Belgrave PM,143,18950608,match information,Tony Webb minor counties collection,
Roberts And Roberts v County Asylum,145,18950617,match information,Tony Webb minor counties collection,
Lansdowne United v Granby,145,18950617,match information,Tony Webb minor counties collection,
Sparkenhoe v St Matthew's,145,18950617,match information,Tony Webb minor counties collection,
Aylestone Park v J Hearth And Co,145,18950617,match information,Tony Webb minor counties collection,
Belgrave v South End,145,18950617,match information,Tony Webb minor counties collection,
Wycliffe v Thurmaston,145,18950617,match information,Tony Webb minor counties collection,
Dover-Street Working Men's v Whet Stone Albion,145,18950617,match information,Tony Webb minor counties collection,
Claybrooks Second XI v Stokey Spanton Second XI,145,18950615,match information,Tony Webb minor counties collection,
Kibworth v Market Harborough,145,18950615,match information,Tony Webb minor counties collection,
Swinderby And Collingham v Lincoln V Lindum,146,18950601,match information,Tony Webb minor counties collection,
Lincoln St Hugh's v St Andrew's Institute,146,18950601,match information,Tony Webb minor counties collection,
Lincoln Stamp End v Newark Town,146,18950601,match information,Tony Webb minor counties collection,
Hartsholme v Bishop's Hostel,146,18950603,match information,Tony Webb minor counties collection,
Lincoln St Hugh's v Market Rasen,146,18950527,match information,Tony Webb minor counties collection,
Skegness And District v Notts Foresters,146,18950527,match information,Tony Webb minor counties collection,
Skegness And District v Cooper Coban,146,18950604,match information,Tony Webb minor counties collection,
Lincoln Lindum A v Lincoln Hostel,147,18950622,match information,Tony Webb minor counties collection,
Woodhall Spa v Lincoln Stamp End,147,18950622,match information,Tony Webb minor counties collection,
Lincoln St Andrew's v South Park,148,18950622,match information,Tony Webb minor counties collection,
Hykeham v Lincoln Imps,148,18950622,match information,Tony Webb minor counties collection,
Lincoln Globe Works v Welton,148,18950622,match information,Tony Webb minor counties collection,
Lincoln Shear Woodworks v County Asylum,148,18950629,match information,Tony Webb minor counties collection,
Harby v Scrivton,148,18950622,match information,Tony Webb minor counties collection,
Grantham v Sleaford,148,18950622,match information,Tony Webb minor counties collection,
Frodingham v Brigg,148,18950622,match information,Tony Webb minor counties collection,
Gunton v W E Hansell's XII,149,18950819,match information,Tony Webb minor counties collection,
Cathedral Choir v St Peter Perambulators,149,18950820,match information,Tony Webb minor counties collection,
St Paul's v Bryers Road,149,18950817,match information,Tony Webb minor counties collection,
Thorpe Village v Norwich Union,149,18950815,match information,Tony Webb minor counties collection,
Acls v Carrow Second,149,18950800,match information,Tony Webb minor counties collection,
Catsfield v Smallburgh,149,18950817,match information,Tony Webb minor counties collection,
Coltishall v Thorpe Hamlet,149,18950817,match information,Tony Webb minor counties collection,
Hempton v Raynham,149,18950800,match information,Tony Webb minor counties collection,
Hetherset v Guilds,149,18950817,match information,Tony Webb minor counties collection,
P Leeder's XI v Brooke,149,18950817,match information,Tony Webb minor counties collection,
Westwick v YMCA,149,18950815,match information,Tony Webb minor counties collection,
Grantham Town v Grantham Thursday,150,18950912,match information,Tony Webb minor counties collection,
Frodingham v Kirton Lindsey,150,18950907,match information,Tony Webb minor counties collection,
Retford v Gainsboro',150,18950907,match information,Tony Webb minor counties collection,
Post Office v London House Recreation Society,156,18950815,match information,Tony Webb minor counties collection,
Abertillery v Penarth,156,18950817,match information,Tony Webb minor counties collection,
Caixonian v Newport Northerns,156,18950817,match information,Tony Webb minor counties collection,
Newport Thirds v Caldicot,156,18950817,match information,Tony Webb minor counties collection,
Bassaleg v Newport Banks,157,18950815,match information,Tony Webb minor counties collection,
Caxtonians v Newport Northern,157,18950817,match information,Tony Webb minor counties collection,
Diss v King's Dragoon Guards,159,18950603,match information,Tony Webb minor counties collection,
Ceyms v Thorpe Asylum,160,18950628,match information,Tony Webb minor counties collection,
Gunton v Blofield And District,160,18950627,match information,Tony Webb minor counties collection,
Beccles College v Yarmouth RA,160,18950627,match information,Tony Webb minor counties collection,
Gunton v Oryms,161,18950725,match information,Tony Webb minor counties collection,
Beccles College v Benacre Park,161,18950725,match information,Tony Webb minor counties collection,
Carrow Second v Howlett & White's Second,163,18950727,match information,Tony Webb minor counties collection,
Rosary Road v Castle Rovers,163,18950730,match information,Tony Webb minor counties collection,
Silver Road v Hevingham,163,18950727,match information,Tony Webb minor counties collection,
Bayfield v Holt Bowl Players,163,18950725,match information,Tony Webb minor counties collection,
Field Dalling v Sheringham Park,163,18950727,match information,Tony Webb minor counties collection,
King's Lynn v Diss,163,18950727,match information,Tony Webb minor counties collection,
Oulton And Blockling Park v Catfield,163,18950730,match information,Tony Webb minor counties collection,
South Creake v Bircham,163,18950725,match information,Tony Webb minor counties collection,
Rev C L Kennaway's XI v Rev Partridge's XI,165,18950812,match information,Tony Webb minor counties collection,
Ladies v Gentlemen,165,18950809,match information,Tony Webb minor counties collection,
Caley's Second v Carrow Second,165,18950810,match information,Tony Webb minor counties collection,
Nelson v Westwick,165,18950808,match information,Tony Webb minor counties collection,
Norfolk County Asylum v Acle,165,18950810,match information,Tony Webb minor counties collection,
United v Knowlett,165,18950810,match information,Tony Webb minor counties collection,
Hethersett v Thorpe Hamlet,165,18950810,match information,Tony Webb minor counties collection,
Bylaugh Hall v Swanton Morley,165,18950810,match information,Tony Webb minor counties collection,
North Walsham v Gresshall,165,18950812,match information,Tony Webb minor counties collection,
North Walsham v Mundesley,165,18950810,match information,Tony Webb minor counties collection,
Bury United v Southdown Wanderers,168,18950812,match information,Tony Webb minor counties collection,
Fakenham v Southdown Wanderers,168,18950814,match information,Tony Webb minor counties collection,
Swaffham v Southdown Wanderers,168,18950815,match information,Tony Webb minor counties collection,
Holkham v Southdown Wanderers,168,18950816,match information,Tony Webb minor counties collection,
King's Lynn v Southdown Wanderers,168,18950817,match information,Tony Webb minor counties collection,
Carrow v Norfolk County Asylum,168,18950817,match information,Tony Webb minor counties collection,
Mount Pleasant v Surrey Road School,168,18950817,match information,Tony Webb minor counties collection,
Norfolk County Asylum v Royal Naval Asylum,168,18950815,match information,Tony Webb minor counties collection,
St Mark's Second XI v Caley's Second XI,168,18950817,match information,Tony Webb minor counties collection,
Holkham v Hunstanton Visitors,168,18950814,match information,Tony Webb minor counties collection,
H S Reeve's Reepham XI v Haverland,168,18950815,match information,Tony Webb minor counties collection,
Rev King's XI v New City,169,18950824,match information,Tony Webb minor counties collection,
St Paul's v Thorpe Village,169,18950824,match information,Tony Webb minor counties collection,
Ustrand v Norman & Beard's,169,18950824,match information,Tony Webb minor counties collection,
Catfield v Waxham Visitors,169,18950824,match information,Tony Webb minor counties collection,
Dr Knox's XI v F Jickling's XI,169,18950800,match information,Tony Webb minor counties collection,
Mulbarton v Hethersett,169,18950824,match information,Tony Webb minor counties collection,
Norse Reheam v Hall,169,18950824,match information,Tony Webb minor counties collection,
Gunton v S Hoare's XI,170,18950828,match information,Tony Webb minor counties collection,
Dr Thomson's XI v H Cozens-Hardy's XI,171,18950831,match information,Tony Webb minor counties collection,
Narrow Second XI v New City,172,18950831,match information,Tony Webb minor counties collection,
Silver Road v St Paul's,172,18950831,match information,Tony Webb minor counties collection,
St Philip's v St Philip's Institute,172,18950831,match information,Tony Webb minor counties collection,
Thorpe Village v Coltishall,172,18950829,match information,Tony Webb minor counties collection,
Bylaugh v Yaxham,172,18950831,match information,Tony Webb minor counties collection,
Catfield v Oulton And Blickling Park,172,18950829,match information,Tony Webb minor counties collection,
Cathedral Choir v Rosary Road,172,18950829,match information,Tony Webb minor counties collection,
Harleston v Norwich Union,172,18950829,match information,Tony Webb minor counties collection,
Ladies v Gentlemen,172,18950828,match information,Tony Webb minor counties collection,
Westwick v Cameron-Wellington,172,18950829,match information,Tony Webb minor counties collection,
Temperance v St Michael's,173,18950727,match information,Tony Webb minor counties collection,
Colts v Clarence,173,18950727,match information,Tony Webb minor counties collection,
Star v St Michael's,173,18950727,match information,Tony Webb minor counties collection,
Excelsior v Enterprise,173,18950727,match information,Tony Webb minor counties collection,
Teachers v Doddridge,173,18950727,match information,Tony Webb minor counties collection,
Regent-Square v Victoria-Road,173,18950727,match information,Tony Webb minor counties collection,
Excelsior Albions v Pioneer,173,18950727,match information,Tony Webb minor counties collection,
Long Buckby v Northampton County Club And Ground,173,18950727,match information,Tony Webb minor counties collection,
Northampton Licensed Trades v Weedon Garrison,173,18950727,match information,Tony Webb minor counties collection,
Bedfordshire v MCC And Ground,174,18950807,match information,Tony Webb minor counties collection,
Northamptonshire Club And Ground v Excelsior,175,18950805,match information,Tony Webb minor counties collection,
Wellingborough Grammar School Past v Wellingborough Grammar School Present,175,18950802,match information,Tony Webb minor counties collection,
MCC And Ground v Buckinghamshire,176,18950810,match information,Tony Webb minor counties collection,
Enterprise v Excelsior,177,18950824,match information,Tony Webb minor counties collection,
St Andrew's v Star,177,18950824,match information,Tony Webb minor counties collection,
Princess-Street v Moss Rose,177,18950824,match information,Tony Webb minor counties collection,
Dodridge v Excelsior Albions,177,18950824,match information,Tony Webb minor counties collection,
St Giles v Wesleyan Star,177,18950824,match information,Tony Webb minor counties collection,
Blue Shield v YMCA,177,18950824,match information,Tony Webb minor counties collection,
St Lawrence's v Manfield's,177,18950824,match information,Tony Webb minor counties collection,
Kettering Church Institute Second v Kettering Working Men's Club Second,177,18950824,match information,Tony Webb minor counties collection,
Kettering Church Institute v Kettering Working Men's Club,177,18950824,match information,Tony Webb minor counties collection,
Empire Star v Lifeboat,177,18950824,match information,Tony Webb minor counties collection,
Victoria-Road v Cogenhoe,177,18950824,match information,Tony Webb minor counties collection,
Queen's Arms Raglan-Street v Lord Raglan,177,18950824,match information,Tony Webb minor counties collection,
St Sepulchre's Bible Class v Princess-Street XLCR,177,18950824,match information,Tony Webb minor counties collection,
St Sepulchre's Choir v Kingsley Park Wesleyans,177,18950824,match information,Tony Webb minor counties collection,
Wellingborough Congregational v Northampton College-Street,177,18950824,match information,Tony Webb minor counties collection,
St Paul's v Catholic Alma,177,18950824,match information,Tony Webb minor counties collection,
Teachers v Wollaston,177,18950824,match information,Tony Webb minor counties collection,
Post Office v YMCA,177,18950822,match information,Tony Webb minor counties collection,
Britannia Rovers v Lily Of The Valley,177,18950824,match information,Tony Webb minor counties collection,
Forest Amateurs v Beeston,179,18950000,match information,Tony Webb minor counties collection,
Grantham v Newark,179,18950518,match information,Tony Webb minor counties collection,
Manlove Alliott And Co Reserve v Basford United,179,18950000,match information,Tony Webb minor counties collection,
Old Basford Primitives v Old Basford Baptist,179,18950000,match information,Tony Webb minor counties collection,
Forest Wanderers v Kimberley,179,18950000,match information,Tony Webb minor counties collection,
Forest Amateurs v Loughborough,179,18950518,match information,Tony Webb minor counties collection,
Derby Midland v Barnsley,179,18950518,match information,Tony Webb minor counties collection,
Wallingford Brewery v Working Men's Club,180,18950622,match information,Tony Webb minor counties collection,
Berks Asylum v Wallingford Athletic Club,180,18950622,match information,Tony Webb minor counties collection,
Watlington v Aston Rowant,180,18950622,match information,Tony Webb minor counties collection,
Early Closers v Cholsey,180,18950626,match information,Tony Webb minor counties collection,
Oddington v Wendlebury,180,18950624,match information,Tony Webb minor counties collection,
Cherwell Valley v Holywell,180,18950622,match information,Tony Webb minor counties collection,
Victoria v Central Conservative,180,18950622,match information,Tony Webb minor counties collection,
Witney Holy Trinity v Aston,180,18950622,match information,Tony Webb minor counties collection,
Lord Williams' Grammar School v Trame Printers,180,18950622,match information,Tony Webb minor counties collection,
Witney v Exeter College,181,18950626,match information,Tony Webb minor counties collection,
Witney v Faringdon,181,18950622,match information,Tony Webb minor counties collection,
Burford v Northillage,181,18950620,match information,Tony Webb minor counties collection,
Cherwell Valley v Holywell,183,18950622,match information,Tony Webb minor counties collection,
Victoria v Central Conservative,183,18950622,match information,Tony Webb minor counties collection,
Witney Holy Trinity v Aston,183,18950622,match information,Tony Webb minor counties collection,
Witney v Exeter College,183,18950626,match information,Tony Webb minor counties collection,
Abingdon Second XI v Abingdon Clothing Factory,183,18950622,match information,Tony Webb minor counties collection,
Witney v Faringdon,183,18950622,match information,Tony Webb minor counties collection,
Lord Williams' Grammar School v Thame Printers,183,18950622,match information,Tony Webb minor counties collection,
Abingdon School v Reading School,183,18950622,match information,Tony Webb minor counties collection,
Burford v Northleach,183,18950620,match information,Tony Webb minor counties collection,
Oddington v Wendlebury,183,18950624,match information,Tony Webb minor counties collection,
Thame v Chesham,184,18950720,match information,Tony Webb minor counties collection,
College Servants v Witney,184,18950720,match information,Tony Webb minor counties collection,
St Paul's v Summertown,184,18950720,match information,Tony Webb minor counties collection,
Goring v Moulford Asylum,184,18950720,match information,Tony Webb minor counties collection,
Athletic Club v Ipsden,184,18950720,match information,Tony Webb minor counties collection,
Athletic Club v Dorchester,184,18950724,match information,Tony Webb minor counties collection,
Maidenhead v Oxford,184,18950723,match information,Tony Webb minor counties collection,
Thame v Chesham,185,18950713,match information,Tony Webb minor counties collection,
Clarendon Press v St Barnabas,185,18950717,match information,Tony Webb minor counties collection,
Star v Corporation,185,18950713,match information,Tony Webb minor counties collection,
City v DAC,185,18950713,match information,Tony Webb minor counties collection,
St Paul's v Summertown,185,18950713,match information,Tony Webb minor counties collection,
Littlemore Asylum v Cowley,185,18950713,match information,Tony Webb minor counties collection,
DAC v City Second,185,18950719,match information,Tony Webb minor counties collection,
Witney v Home Team,185,18950713,match information,Tony Webb minor counties collection,
Star v EOCC,186,18950815,match information,Tony Webb minor counties collection,
Burford Orbit And Corpus College Servants,186,18950814,match information,Tony Webb minor counties collection,
Maudeur Langham's XI v XI Wantage Gentlemen,186,18950816,match information,Tony Webb minor counties collection,
Star Reserves v Ippley,187,18950800,match information,Tony Webb minor counties collection,
Oxford Corporation v Cheltenham Corporation,187,18950800,match information,Tony Webb minor counties collection,
Star v Victoria,187,18950810,match information,Tony Webb minor counties collection,
Witney v Cowley,187,18950810,match information,Tony Webb minor counties collection,
Combe Unity v Old Woodstock,187,18950812,match information,Tony Webb minor counties collection,
Burford Second XI v Shipton And District,187,18950807,match information,Tony Webb minor counties collection,
Mrs Berridge's XI v Mrs J R Berridge's XI,187,18950810,match information,Tony Webb minor counties collection,
OCCC v Victoria,188,18950817,match information,Tony Webb minor counties collection,
Cowley v Thame,188,18950817,match information,Tony Webb minor counties collection,
Corporation v Clarendon Press,188,18950817,match information,Tony Webb minor counties collection,
St Paul's v EOCC,188,18950817,match information,Tony Webb minor counties collection,
Wheatley v Oxford Times,189,18950817,match information,Tony Webb minor counties collection,
Reading v Abingdon,189,18950817,match information,Tony Webb minor counties collection,
Cowley Second XI v United College Servants Second XI,189,18950809,match information,Tony Webb minor counties collection,
City v Victoria,190,18950822,match information,Tony Webb minor counties collection,
Cowley v Thame,190,18950800,match information,Tony Webb minor counties collection,
Oxfordshire v MCC,190,18950819,match information,Tony Webb minor counties collection,
Clarendon Press v Corporation,190,18950817,match information,Tony Webb minor counties collection,
Cowley Second XI v College Servants Second XI,190,18950800,match information,Tony Webb minor counties collection,
St Paul's v EOCC,190,18950817,match information,Tony Webb minor counties collection,
DAC v Headington Quarry,190,18950817,match information,Tony Webb minor counties collection,
Oxford Servants v Cambridge Servants,190,18950823,match information,Tony Webb minor counties collection,
Oxford Times v Wheatley,190,18950817,match information,Tony Webb minor counties collection,
OCCC Second XI v Balliol College Servants,191,18950816,match information,Tony Webb minor counties collection,
DAC v Headington Quarry,191,18950817,match information,Tony Webb minor counties collection,
OCCC v Victoria,192,18950817,match information,Tony Webb minor counties collection,
Cowley v Thame,192,18950817,match information,Tony Webb minor counties collection,
Cowley Second XI v United College Servants Second XI,192,18950809,match information,Tony Webb minor counties collection,
Wheatley v Oxford Times,192,18950817,match information,Tony Webb minor counties collection,
Corporation v Clarendon Press,192,18950817,match information,Tony Webb minor counties collection,
East Oxford Conservative v St Paul's,192,18950815,match information,Tony Webb minor counties collection,
G Holloway's XI v DAO,192,18950815,match information,Tony Webb minor counties collection,
St Paul's v EOCC,192,18950817,match information,Tony Webb minor counties collection,
Reading v Abingdon,192,18950817,match information,Tony Webb minor counties collection,
Eynsham Hall v Newland Cygnets,193,18950824,match information,Tony Webb minor counties collection,
OCCC v Lord Jersey's XI,194,18950821,match information,Tony Webb minor counties collection,
OCCC v Bicester,194,18950824,match information,Tony Webb minor counties collection,
St Barnabas v Abingdon,194,18950824,match information,Tony Webb minor counties collection,
Clarendon A v Ymcacc,194,18950824,match information,Tony Webb minor counties collection,
Oxford Times v Oxford Chronicle,194,18950824,match information,Tony Webb minor counties collection,
DAO v St Paul's,194,18950824,match information,Tony Webb minor counties collection,
Didcot GWR v Sutton Courtney,194,18950824,match information,Tony Webb minor counties collection,
Kingston Bagpuize v Buckland,194,18950823,match information,Tony Webb minor counties collection,
Abingdon v Witney,194,18950824,match information,Tony Webb minor counties collection,
Holy Trinity v St Peter-Le-Bailey,194,18950824,match information,Tony Webb minor counties collection,
Broadmoor Asylum v Moulsford Asylum,194,18950824,match information,Tony Webb minor counties collection,
Clarendon CC (b) v Star B,194,18950824,match information,Tony Webb minor counties collection,
Old Woodstock v Axtell's,194,18950824,match information,Tony Webb minor counties collection,
OCC v MCC,195,18950906,match information,Tony Webb minor counties collection,
Oxfordshire County Club v Cowley,196,18950902,match information,Tony Webb minor counties collection,
St Paul's v Star Second XI,197,18950831,match information,Tony Webb minor counties collection,
Cowley Second XI v St Paul's,198,18950913,match information,Tony Webb minor counties collection,
DAC v Cowley,198,18950909,match information,Tony Webb minor counties collection,
DAC v College Servants,198,18950900,match information,Tony Webb minor counties collection,
DAC v Star,198,18950911,match information,Tony Webb minor counties collection,
Star v Clarendon Press,198,18950907,match information,Tony Webb minor counties collection,
Clarendon Press B v Draconians B,198,18950907,match information,Tony Webb minor counties collection,
Star v Victoria,198,18950905,match information,Tony Webb minor counties collection,
Wem v Shavington,201,18950724,match information,Tony Webb minor counties collection,
Ellesmere Town v Overton,201,18950000,match information,Tony Webb minor counties collection,
Wrexham v St James's Wrexham,201,18950726,match information,Tony Webb minor counties collection,
Whitington v Trefonen,201,18950727,match information,Tony Webb minor counties collection,
St James's Wrexham v Hanmer,201,18950727,match information,Tony Webb minor counties collection,
Oakhurst v Gonowey,201,18950727,match information,Tony Webb minor counties collection,
Newtown Football Team v Newtown GC And RWW,201,18950726,match information,Tony Webb minor counties collection,
Montgomery Juniors v Chirkstone Juniors,201,18950727,match information,Tony Webb minor counties collection,
Montgomery v Pontesbury,201,18950724,match information,Tony Webb minor counties collection,
Wrexham v Gwersyllt,201,18950727,match information,Tony Webb minor counties collection,
Shropshire Club v Shrewsbury School,202,18950729,match information,Tony Webb minor counties collection,
Oswestry v Guildsfield,202,18950803,match information,Tony Webb minor counties collection,
Oswestry v Birkenhead Victoria,202,18950805,match information,Tony Webb minor counties collection,
Montgomery v Moyle Brace,203,18950805,match information,Tony Webb minor counties collection,
J Thomas's XI v Rev T J Rees's Team,203,18950807,match information,Tony Webb minor counties collection,
Oswestry A v St James's,203,18950810,match information,Tony Webb minor counties collection,
Wilkinson's XI v Chirbury,203,18950810,match information,Tony Webb minor counties collection,
Oakhurst v Llanymynech,203,18950810,match information,Tony Webb minor counties collection,
Wrexham v Llandudno,203,18950807,match information,Tony Webb minor counties collection,
Wrexham v Bangor,203,18950808,match information,Tony Webb minor counties collection,
Wrexham v Brynymavadd,203,18950809,match information,Tony Webb minor counties collection,
Oswestry And District v Old Carthusians,203,18950809,match information,Tony Webb minor counties collection,
Burslem v County Club,204,18950601,match information,Tony Webb minor counties collection,
Crewe v Leek,204,18950601,match information,Tony Webb minor counties collection,
Norton v Fenton,204,18950601,match information,Tony Webb minor counties collection,
Tunstall v Porthill,204,18950601,match information,Tony Webb minor counties collection,
Silverdale v Nantwich,204,18950601,match information,Tony Webb minor counties collection,
Silverdale v Burslem,204,18950527,match information,Tony Webb minor counties collection,
Nantwich Second Team v Silverdale Second Team,204,18950601,match information,Tony Webb minor counties collection,
Wesleyan v Smallthorne,204,18950601,match information,Tony Webb minor counties collection,
Porthill v Tunstall,205,18950601,match information,Tony Webb minor counties collection,
Mount Pleasant v Tabernacle Mission,205,18950601,match information,Tony Webb minor counties collection,
Mount Pleasant Second XI v YMCA,205,18950600,match information,Tony Webb minor counties collection,
Mount Pleasant v Hanley Tabernacle,205,18950527,match information,Tony Webb minor counties collection,
Leek v Crewe,205,18950601,match information,Tony Webb minor counties collection,
Notts XI v Leek,205,18950604,match information,Tony Webb minor counties collection,
Leek Highfield v Rocester,205,18950601,match information,Tony Webb minor counties collection,
Leek Highfield Second v Oatmanor Second,206,18950601,match information,Tony Webb minor counties collection,
Hanley YMCA v Stoke Post Office,206,18950530,match information,Tony Webb minor counties collection,
Hanley YMCA v Mount Pleasant,206,18950601,match information,Tony Webb minor counties collection,
Alexandra A v Athletics,206,18950600,match information,Tony Webb minor counties collection,
High Town Wesleyans v Primitives,206,18950600,match information,Tony Webb minor counties collection,
Hightown A v Betley A,206,18950600,match information,Tony Webb minor counties collection,
Congregational v Salt Union,206,18950600,match information,Tony Webb minor counties collection,
Bignall End League v Wesleyan Adult Class,206,18950601,match information,Tony Webb minor counties collection,
Bignall End v Church Club,206,18950527,match information,Tony Webb minor counties collection,
Bignall End v Congleton Forge Mills,206,18950605,match information,Tony Webb minor counties collection,
Clough Hall v Great Chell,207,18950601,match information,Tony Webb minor counties collection,
Nantwich Second v Silverdale Second,207,18950601,match information,Tony Webb minor counties collection,
Fenton Second v Basford,207,18950601,match information,Tony Webb minor counties collection,
Hanford v Littleport,207,18950601,match information,Tony Webb minor counties collection,
Stafford v Wolverhampton School,208,18950612,match information,Tony Webb minor counties collection,
Stafford Grammar School v Coton Hill,208,18950608,match information,Tony Webb minor counties collection,
Stafford Christ Church v Railway United,208,18950608,match information,Tony Webb minor counties collection,
Leighton Ironworks Uttoxeter v Chartley,208,18950600,match information,Tony Webb minor counties collection,
Macclesfield v Bollington,209,18950608,match information,Tony Webb minor counties collection,
Basford v High School,209,18950608,match information,Tony Webb minor counties collection,
Dresden v Church,209,18950608,match information,Tony Webb minor counties collection,
Audley v Chell,209,18950608,match information,Tony Webb minor counties collection,
Keele v Hanford,209,18950608,match information,Tony Webb minor counties collection,
Nantwich Second v Tunstall Second,209,18950608,match information,Tony Webb minor counties collection,
Bignall End v Silverdale Second,209,18950608,match information,Tony Webb minor counties collection,
Bucknall Church v Silverdale Primitives,209,18950608,match information,Tony Webb minor counties collection,
Lawton Park v Middleport,209,18950608,match information,Tony Webb minor counties collection,
Fenton Second v Knypersley,209,18950608,match information,Tony Webb minor counties collection,
Porthill v Fenton,210,18950608,match information,Tony Webb minor counties collection,
Nantwich v Tunstall,211,18950615,match information,Tony Webb minor counties collection,
Reaseheath v Audley,211,18950612,match information,Tony Webb minor counties collection,
Reaseheath v Audlem,211,18950608,match information,Tony Webb minor counties collection,
Nantwich A v Chelford,211,18950612,match information,Tony Webb minor counties collection,
Leek v Stoke Club,211,18950608,match information,Tony Webb minor counties collection,
Leek Second v Crewe Athletic,211,18950608,match information,Tony Webb minor counties collection,
Leek Highfield v Constitutional,211,18950608,match information,Tony Webb minor counties collection,
Leek Highfield Second v Oak Grove,211,18950608,match information,Tony Webb minor counties collection,
Church Club v Bucknall Church,211,18950615,match information,Tony Webb minor counties collection,
Burslem v Norton,211,18950608,match information,Tony Webb minor counties collection,
Milton v Leek Church,212,18950615,match information,Tony Webb minor counties collection,
Bignall End v Silverdale Second XI,212,18950608,match information,Tony Webb minor counties collection,
Audley Football Team v Bignall End League Team,212,18950610,match information,Tony Webb minor counties collection,
County Club And Ground v Leek,212,18950608,match information,Tony Webb minor counties collection,
Burslem v Norton,212,18950608,match information,Tony Webb minor counties collection,
Porthill v Fenton,212,18950608,match information,Tony Webb minor counties collection,
Tunstall v Nantwich,212,18950608,match information,Tony Webb minor counties collection,
Crewe v Silverdale,212,18950608,match information,Tony Webb minor counties collection,
High Lane v St Paul's,214,18950727,match information,Tony Webb minor counties collection,
Fenton Second v Crewe Second,214,18950727,match information,Tony Webb minor counties collection,
Forge Mills v Alsager,215,18950727,match information,Tony Webb minor counties collection,
Brock Mills v Knypersley,215,18950800,match information,Tony Webb minor counties collection,
Norton v Silverdale,216,18950824,match information,Tony Webb minor counties collection,
Leek v Fenton,216,18950824,match information,Tony Webb minor counties collection,
Porthill v Nantwich,216,18950824,match information,Tony Webb minor counties collection,
Fenton II v Hanley YMCA,216,18950824,match information,Tony Webb minor counties collection,
Tunstall v Crewe,216,18950824,match information,Tony Webb minor counties collection,
Basford v Keele,217,18950824,match information,Tony Webb minor counties collection,
Bollington v Fairfield,217,18950824,match information,Tony Webb minor counties collection,
Nantwich II v Bignall End,217,18950824,match information,Tony Webb minor counties collection,
Trentham v Barlaston,217,18950824,match information,Tony Webb minor counties collection,
Crewe Permanent Way v Whitchurch,217,18950824,match information,Tony Webb minor counties collection,
Hanley Tabernacle v Silverdale Wesleyan,217,18950824,match information,Tony Webb minor counties collection,
Newcastle v Whitmore,217,18950824,match information,Tony Webb minor counties collection,
Audley v Leek Church,217,18950824,match information,Tony Webb minor counties collection,
Bucknall Church v Tunstall II,217,18950824,match information,Tony Webb minor counties collection,
Uttoxeter v Stafford,218,18950824,match information,Tony Webb minor counties collection,
Stafford v A L Checkland's Team,218,18950827,match information,Tony Webb minor counties collection,
Stafford v Wilshaw's XI,218,18950828,match information,Tony Webb minor counties collection,
Coton Hill v Stafford Post Office,218,18950800,match information,Tony Webb minor counties collection,
Stanton Rovers v Dorman's XI,218,18950824,match information,Tony Webb minor counties collection,
Charlley v Leighton Ironworks,218,18950824,match information,Tony Webb minor counties collection,
Abbots Bromley v New Lodge,218,18950824,match information,Tony Webb minor counties collection,
Corsham v Trowbridge,220,18950608,match information,Tony Webb minor counties collection,
Corsham Second XI v Avon Vale,220,18950608,match information,Tony Webb minor counties collection,
Round v Rowde,220,18950608,match information,Tony Webb minor counties collection,
Leighton v Newton Blows,221,18950612,match information,Tony Webb minor counties collection,
Chippenham v Swindon GWR,222,18950629,match information,Tony Webb minor counties collection,
Corsham v Trowbridge,222,18950629,match information,Tony Webb minor counties collection,
Wiltshire Wanderers v Eton Ramblers,222,18950705,match information,Tony Webb minor counties collection,
Leighton v Oxford University Authentics,222,18950702,match information,Tony Webb minor counties collection,
Warminster v Frome,222,18950701,match information,Tony Webb minor counties collection,
Trowbridge St James v Corsham Clun,222,18950629,match information,Tony Webb minor counties collection,
Melksham v Bradford,222,18950629,match information,Tony Webb minor counties collection,
Lowden St Peter's v Shaw And Whitley,222,18950629,match information,Tony Webb minor counties collection,
Rodwell Rovers v Melksham Second XI,222,18950629,match information,Tony Webb minor counties collection,
Holt v Bisshopstrow Gifford,222,18950629,match information,Tony Webb minor counties collection,
Bath Association v Frome,222,18950629,match information,Tony Webb minor counties collection,
Bath Railway v Westwood,222,18950629,match information,Tony Webb minor counties collection,
Trowbridge v Warminster,222,18950703,match information,Tony Webb minor counties collection,
Wilts County Asylum v Westwood,223,18950720,match information,Tony Webb minor counties collection,
Leighton v Lansdown,223,18950724,match information,Tony Webb minor counties collection,
Brinkworth v Dauntsey,223,18950720,match information,Tony Webb minor counties collection,
Trowbridge Conservatives v Holt,223,18950720,match information,Tony Webb minor counties collection,
Seend v Upton Scudamore,223,18950722,match information,Tony Webb minor counties collection,
Rodwell Rovers v West Ashton,223,18950720,match information,Tony Webb minor counties collection,
Leighton v Free Foresters,224,18950813,match information,Tony Webb minor counties collection,
Leighton v Free Foresters,224,18950810,match information,Tony Webb minor counties collection,
Chippenham v Devizes,224,18950814,match information,Tony Webb minor counties collection,
Bradford v Westbury Second XI,224,18950810,match information,Tony Webb minor counties collection,
Rodbourne v Cirencester Phoenix,225,18950817,match information,Tony Webb minor counties collection,
Purton v Charlton,225,18950817,match information,Tony Webb minor counties collection,
GWR v Bath Association,225,18950817,match information,Tony Webb minor counties collection,
West Swindon v Swindon Central,225,18950817,match information,Tony Webb minor counties collection,
Purton Perseverance v Brinkworth,225,18950800,match information,Tony Webb minor counties collection,
King Stanley YM v New Swindon Wesleyans,225,18950817,match information,Tony Webb minor counties collection,
Leighton v Oxford Harlequins,226,18950819,match information,Tony Webb minor counties collection,
Melksham v C S Awdry's XI,226,18950821,match information,Tony Webb minor counties collection,
Rev T Mitchell's XI v Warminster,226,18950817,match information,Tony Webb minor counties collection,
Heimd v Rood Ashton,226,18950817,match information,Tony Webb minor counties collection,
Laverton's Leighton XI v Old Cliftonians,226,18950823,match information,Tony Webb minor counties collection,
Bath Association v Swindon GWR,226,18950817,match information,Tony Webb minor counties collection,
Warminster Police v Trowbridge Police,227,18950829,match information,Tony Webb minor counties collection,
Great Somerford v Brinkworth,227,18950824,match information,Tony Webb minor counties collection,
Wilts County Asylum v Erchfont,228,18950907,match information,Tony Webb minor counties collection,
Chippenham v Bath Association,228,18950907,match information,Tony Webb minor counties collection,
Nettleton v Castle Combe,228,18950907,match information,Tony Webb minor counties collection,
St John's v Pershore,229,18950622,match information,Tony Webb minor counties collection,
Malvern College v Old Malvernians,229,18950628,match information,Tony Webb minor counties collection,
Worcester Grammar School v Lyttelton Grammar School,229,18950622,match information,Tony Webb minor counties collection,
Worcestershire Club And Ground v Norton Barracks,229,18950629,match information,Tony Webb minor counties collection,
Worcester Grammar School v Kidderminster Grammar School,229,18950626,match information,Tony Webb minor counties collection,
Worcester Cathedral School v T Davies' XI,230,18950706,match information,Tony Webb minor counties collection,
St John's v Bromsgrove,230,18950706,match information,Tony Webb minor counties collection,
Malvern Link v Belbroughton,230,18950706,match information,Tony Webb minor counties collection,
East Gloucestershire v Tewkesbury,230,18950713,match information,Tony Webb minor counties collection,
Harbourne v Wickenford,230,18950706,match information,Tony Webb minor counties collection,
Worcester Grammar School v Hartlebury Grammar School,230,18950706,match information,Tony Webb minor counties collection,
Hanley Castle Grammar School v Worcester Cathedral Voluntary Choir,230,18950706,match information,Tony Webb minor counties collection,
Cathedral Guild v Harbourne College,230,18950706,match information,Tony Webb minor counties collection,
Worcestershire Club And Ground v Worcester Cathedral School,231,18950720,match information,Tony Webb minor counties collection,
Great Witley v West Norton,231,18950713,match information,Tony Webb minor counties collection,
Eveham v Pershore,231,18950713,match information,Tony Webb minor counties collection,
Hanley Castle Grammar School v Lyttelton Grammar School Malvern,231,18950717,match information,Tony Webb minor counties collection,
Worcestershire Club And Ground v Sparkhill,231,18950713,match information,Tony Webb minor counties collection,
Worcestershire Club And Ground v Halesowen,232,18950726,match information,Tony Webb minor counties collection,
Wichenford v St John's 2nd XI,232,18950718,match information,Tony Webb minor counties collection,
Kidderminster Grammar School v Worcester Grammar School,232,18950722,match information,Tony Webb minor counties collection,
Worcestershire Club And Ground v Netherton,233,18950800,match information,Tony Webb minor counties collection,
Worcestershire Regiment (worcester Depot) v Aldershot,233,18950800,match information,Tony Webb minor counties collection,
Worcestershire Regiment v Bedfordshire Regiment,233,18950722,match information,Tony Webb minor counties collection,
Worcestershire Regiment v 5th Fusiliers,233,18950729,match information,Tony Webb minor counties collection,
Welland And District v Malvern Link,233,18950727,match information,Tony Webb minor counties collection,
Welland And District v Ledbury,233,18950725,match information,Tony Webb minor counties collection,
Hanley Castle Grammar School v Malvern Link,233,18950801,match information,Tony Webb minor counties collection,
Habbourne v Wickenford,233,18950727,match information,Tony Webb minor counties collection,
Bromsgrove v Redditch And District,233,18950729,match information,Tony Webb minor counties collection,
Bromsgrove v J Bearcroft's XI,233,18950731,match information,Tony Webb minor counties collection,
East Gloucestershire v Lord Coventry's XI,234,18950806,match information,Tony Webb minor counties collection,
Welland And District v Malvern Wells,234,18950801,match information,Tony Webb minor counties collection,
Malwarpe v Malvern Link,234,18950803,match information,Tony Webb minor counties collection,
G A Buckland's XI v T C Rechens' XI,234,18950805,match information,Tony Webb minor counties collection,
Stourbridge v Mitchell's,235,18950803,match information,Tony Webb minor counties collection,
Staffordshire v Worcestershire,235,18950805,match information,Tony Webb minor counties collection,
Belbroughton v Blakedown,235,18950803,match information,Tony Webb minor counties collection,
Himley v St James' Dudley,235,18950800,match information,Tony Webb minor counties collection,
Old Hill Mutual v Netherton,235,18950803,match information,Tony Webb minor counties collection,
Old Hill Mutual v Cradley Heath,235,18950805,match information,Tony Webb minor counties collection,
Kidderminster v Dudley,236,18950803,match information,Tony Webb minor counties collection,
Mitchell's v Stourbridge,236,18950803,match information,Tony Webb minor counties collection,
Stourbridge Second XI v Mitchell's Second XI,236,18950803,match information,Tony Webb minor counties collection,
Old Hill Mutual v Cradley Heath,236,18950805,match information,Tony Webb minor counties collection,
Old Hill Mutual v Netherton,236,18950803,match information,Tony Webb minor counties collection,
Belbroughton v Blakedown,236,18950803,match information,Tony Webb minor counties collection,
Himley v St James's Dudley,236,18950803,match information,Tony Webb minor counties collection,
St John's 2nd XI v Colwall,237,18950800,match information,Tony Webb minor counties collection,
Worcestershire Club And Ground v Stourbridge,237,18950800,match information,Tony Webb minor counties collection,
Wicknford v Cathedral Guild,237,18950808,match information,Tony Webb minor counties collection,
St John's 2nd XI v Broughton,237,18950810,match information,Tony Webb minor counties collection,
Wichenford v T G Richens XI,238,18950812,match information,Tony Webb minor counties collection,
Wichenford v Cathedral Guild,238,18950800,match information,Tony Webb minor counties collection,
Malvern v Broadheath Park,238,18950813,match information,Tony Webb minor counties collection,
Malvern v Beacroft's XI,238,18950814,match information,Tony Webb minor counties collection,
St John's 2nd XI v Colwall,238,18950800,match information,Tony Webb minor counties collection,
St John's 2nd XI v Inocentes,238,18950810,match information,Tony Webb minor counties collection,
Stourbridge v Aston Unity,239,18950810,match information,Tony Webb minor counties collection,
Stourbridge Second XI v Aston Unity Second XI,239,18950817,match information,Tony Webb minor counties collection,
Stourbridge v Worcester Club And Ground,239,18950812,match information,Tony Webb minor counties collection,
Belbroughton v Bromsgrove Second XI,239,18950817,match information,Tony Webb minor counties collection,
Dudley v Wallall Second XI,240,18950810,match information,Tony Webb minor counties collection,
Woodsetton v Slaters,240,18950810,match information,Tony Webb minor counties collection,
Shaw Road Unity v Flood Street,240,18950810,match information,Tony Webb minor counties collection,
Congregational v Portway Works,240,18950810,match information,Tony Webb minor counties collection,
Netherton v Darlaston,240,18950800,match information,Tony Webb minor counties collection,
Tividale Second XI v Ettingshall,240,18950800,match information,Tony Webb minor counties collection,
Netherton Second XI v Doulton's,240,18950812,match information,Tony Webb minor counties collection,
Brewton v Coseley,240,18950800,match information,Tony Webb minor counties collection,
Dudley v Walsall,240,18950800,match information,Tony Webb minor counties collection,
Dudley v Wallall,240,18950800,match information,Tony Webb minor counties collection,
Jones's XI v Mason's XI,240,18950800,match information,Tony Webb minor counties collection,
Dudley Castle v Dudley Early Closers,240,18950814,match information,Tony Webb minor counties collection,
Worcestershire Club And Ground v King's Norton,241,18950817,match information,Tony Webb minor counties collection,
Old Malvernians v Hampshire Rovers,241,18950819,match information,Tony Webb minor counties collection,
Lord Cobham's XI v Mrs Isaac's XI Junior 17,241,18950814,match information,Tony Webb minor counties collection,
Lord Cobham's XI v Gibbs' XI,241,18950815,match information,Tony Webb minor counties collection,
St John's 2nd XI v Malvern Second XI,241,18950822,match information,Tony Webb minor counties collection,
Malvern v Cheltenham,241,18950817,match information,Tony Webb minor counties collection,
Cathedral Guild v Wickenford,241,18950817,match information,Tony Webb minor counties collection,
Stourport v Malvern Link,241,18950817,match information,Tony Webb minor counties collection,
Wicheford v A W Isaac's XI,242,18950819,match information,Tony Webb minor counties collection,
Worcester Regiment v 5th Fusiliers,242,18950817,match information,Tony Webb minor counties collection,
Lady Huntingdon's v St Mary's,242,18950800,match information,Tony Webb minor counties collection,
Tewkesbury v Brookesbury Park London,242,18950823,match information,Tony Webb minor counties collection,
Eastbourne v Old Malvernians,243,18950830,match information,Tony Webb minor counties collection,
Malvern Long Vacation v Lord Coventry's XI,243,18950826,match information,Tony Webb minor counties collection,
Malvern Second XI v Eastnor,243,18950824,match information,Tony Webb minor counties collection,
Worcestershire Club And Ground v Langley Green,243,18950800,match information,Tony Webb minor counties collection,
St John's v Prestwicke,243,18950824,match information,Tony Webb minor counties collection,
Handborne CC Married v Single,243,18950824,match information,Tony Webb minor counties collection,
St Mary's v Lady Huntingdon's,243,18950800,match information,Tony Webb minor counties collection,
Gentlemen Of Worcestershire v North Holland,244,18950828,match information,Tony Webb minor counties collection,
Worcestershire Club And Ground v Bromsgrove,244,18950831,match information,Tony Webb minor counties collection,
Upton-On-Severn v High Green,244,18950831,match information,Tony Webb minor counties collection,
Cathedral Guild v Conacher's XI,244,18950831,match information,Tony Webb minor counties collection,
Boughton Park v Malvern Long Vacation,244,18950831,match information,Tony Webb minor counties collection,
Bramham v The Brewery,245,18950518,match information,Tony Webb minor counties collection,
South Cave v Hymers College,245,18950518,match information,Tony Webb minor counties collection,
Dewsbury Savils An XL v Halifax Kings Cross,245,18950518,match information,Tony Webb minor counties collection,
Knarisborough v York NER Clerks,245,18950518,match information,Tony Webb minor counties collection,
Yorkshire Gentlemen v King's Own Scottish Borderers,245,18950520,match information,Tony Webb minor counties collection,
Todmorden v Gentlemen And Players,245,18950520,match information,Tony Webb minor counties collection,
Skelmanthorpe v Delph And Dobcross,245,18950518,match information,Tony Webb minor counties collection,
Scholes Albert Mills v Low Moor,245,18950518,match information,Tony Webb minor counties collection,
Normanton Parish Church v Flanshaw,245,18950518,match information,Tony Webb minor counties collection,
Gosforth Conservative v Heath,245,18950518,match information,Tony Webb minor counties collection,
Mapplewell v Lofthouse,245,18950518,match information,Tony Webb minor counties collection,
Wakefield St Michael's v M S V Royston,245,18950518,match information,Tony Webb minor counties collection,
Denby Dale v Colne Bridge,245,18950518,match information,Tony Webb minor counties collection,
County Wexforth v Second Battalion Loyal North Lancashire Regiment,246,18950608,match information,Tony Webb minor counties collection,
Royal Irish Constabulary v Dungarvan,246,18950608,match information,Tony Webb minor counties collection,
Dublin University Third XI v Leinster Third XI,246,18950610,match information,Tony Webb minor counties collection,
Second Battalion Rifle Brigade v Fitzwilliam Club,246,18950608,match information,Tony Webb minor counties collection,
Dungarvan v Anagh,246,18950608,match information,Tony Webb minor counties collection,
Clothar First XI v Pembroke Second XI,246,18950608,match information,Tony Webb minor counties collection,
Oxford v Marylebone,246,18950610,match information,Tony Webb minor counties collection,
St Mary's College Dundalk v Dundalk,246,18950610,match information,Tony Webb minor counties collection,
Middleton College v Middleton,246,18950608,match information,Tony Webb minor counties collection,
Masonic Primary School XI v High School Third XI,246,18950610,match information,Tony Webb minor counties collection,
County Kildare v Yorkshire Regiment 19th,246,18950610,match information,Tony Webb minor counties collection,
Kildare Militia v Roy Of Allies,246,18950608,match information,Tony Webb minor counties collection,
High School Third XI v Rifle Company Boys' Brigade,246,18950610,match information,Tony Webb minor counties collection,
County Wicklow v Land Commission,247,18950612,match information,Tony Webb minor counties collection,
Dundrom v Pembroke,247,18950612,match information,Tony Webb minor counties collection,
Royal Munster Fusiliers v Army Service Corps,247,18950612,match information,Tony Webb minor counties collection,
Richmond Asylum v Old Galwegians,247,18950611,match information,Tony Webb minor counties collection,
Leinster v Army,247,18950612,match information,Tony Webb minor counties collection,
